02:39:30.607 [main] DEBUG c.b.config.BrowserStackConfig - Cli Config passed - {}
02:39:31.185 [main] DEBUG c.b.logger.BrowserstackLoggerFactory - Log Level set to TRACE for logger com.browserstack
02:39:31.185 [main] DEBUG c.b.logger.BrowserstackLoggerFactory - Log Level set to INFO for logger stdoutPrinter
02:39:31.712 [main] DEBUG c.b.utils.FrameworkDetectionUtils - Java command - com.intellij.rt.testng.RemoteTestNGStarter -usedefaultlisteners false -socket59656 @w@C:\Users\Mylaptop\AppData\Local\Temp\idea_working_dirs_testng.tmp -temp C:\Users\Mylaptop\AppData\Local\Temp\idea_testng.tmp
02:39:31.734 [main] DEBUG c.b.utils.FrameworkDetectionUtils - Test classes detected: 
02:39:31.746 [main] DEBUG c.b.utils.FrameworkDetectionUtils - Runner: testng, Engine: none
02:39:31.792 [main] DEBUG c.b.utils.FrameworkDetectionUtils - Runner: testng, Engine: selenide from dependencies
02:39:31.793 [main] DEBUG c.b.utils.FrameworkDetectionUtils - Detected final framework as: selenide-testng
02:39:31.793 [main] DEBUG c.browserstack.BrowserStackJavaAgent - JavaAgent Version 1.29.3
02:39:31.809 [main] DEBUG c.b.utils.ExitSignalHandler - Registered handler for INT
02:39:31.809 [main] DEBUG c.b.utils.ExitSignalHandler - Registered handler for TERM
02:39:31.809 [main] DEBUG c.b.utils.ExitSignalHandler - Unable to attach signal handler for HUP Unknown signal: HUP
02:39:31.809 [main] DEBUG c.b.utils.ExitSignalHandler - Registered handler for ABRT
02:39:33.196 [Thread-1] DEBUG c.browserstack.utils.UtilityMethods - NEXT HUBS ARE: ["hub-euw.browserstack.com","hub-use.browserstack.com","hub-aps.browserstack.com"]
02:39:33.786 [main] DEBUG c.browserstack.utils.UtilityMethods - EXECUTION TIME OF hub-euw.browserstack.com HUB IS: 584ms
02:39:35.042 [main] DEBUG c.browserstack.utils.UtilityMethods - EXECUTION TIME OF hub-use.browserstack.com HUB IS: 1247ms
02:39:36.552 [main] DEBUG c.browserstack.utils.UtilityMethods - EXECUTION TIME OF hub-aps.browserstack.com HUB IS: 1508ms
02:39:36.556 [main] DEBUG c.browserstack.utils.UtilityMethods - NEAREST HUB ALLOCATED IS - hub-euw.browserstack.com
02:39:36.739 [main] DEBUG c.b.utils.FrameworkDetectionUtils - Couldn't find dependency class: appium
02:39:36.740 [main] DEBUG c.b.utils.FunnelInstrumentation - Sending funnel data for SDKTestAttempted with data: {"event_type":"SDKTestAttempted","accessKey":"PQ6wNsygb77eCxSVxbcZ","userName":"floraayvazyan_72kWsC","event_properties":{"product":"[automate]","buildName":"browserstack-build-1","os":"Windows 11","languageVersion":"23.0.1","appiumVersion":"","frameworkDetectionInstrumentation":{"parseLoadClass":6,"parseDependencies":45},"language":"java","sdkRunId":"9169e1f8-c4c2-4fa6-a255-69f260065a14","buildIdentifier":"#15","userFramework":"selenide-testng","testhub_uuid":"","detectedAppiumVersion":"null","detectedDependencies":"selenide, testng","productMap":{"app_automate":false,"accessibility":false,"automate":true,"percy":false,"observability":false,"turboscale":false},"referrer":"selenide-testng-javaagent\/1.29.3","hostname":"DESKTOP-7TGF0Q2","language_framework":"java_selenide-testng","detectedFramework":"selenide-testng","detectedSeleniumVersion":"4.18.1","seleniumVersion":"4.18.1"}}
02:39:37.348 [main] DEBUG c.b.utils.FunnelInstrumentation - API Event SDKTestAttempted, response: {"message":"SDK Event recorded successfully"}
02:39:38.037 [main] DEBUG c.b.monitoring.PerformanceTester - Failed to append key metrics to file C:\Users\Mylaptop\Desktop\Project2plzzzz\logs\key-metrics.json
02:39:38.037 [main] DEBUG c.browserstack.testOps.RequestUtils - [ TESTHUB ] Processing Request Kind launchTestSession
02:39:38.037 [main] DEBUG c.browserstack.testOps.RequestUtils - [requestToTestOps] Sending Observability request: POST api/v2/builds with request size 1246
02:39:38.038 [main] DEBUG c.browserstack.testOps.RequestUtils - [makeRequest] Sending request: POST https://collector-observability.browserstack.com/api/v2/builds with request size 1246
02:39:39.264 [main] DEBUG c.browserstack.testOps.RequestUtils - [makeRequest]: Response code: 200
02:39:39.264 [main] DEBUG c.browserstack.testOps.RequestUtils - requestToTestOps: Response code: 200
02:39:39.267 [main] DEBUG com.browserstack.testOps.Listener - BROWSERSTACK_TESTHUB_UUID : 9l8cayjzejelbas9qconayx8olutodzekaozxkx6
02:39:39.277 [main] DEBUG com.browserstack.testOps.Listener - [ TESTHUB ] Build creation successfull
02:39:39.287 [main] DEBUG com.browserstack.LocalFactory - Starting BrowserStack Local with identifier 11_Jan_239_DESKTOP_7TGF0Q2_wWUK
02:39:45.577 [main] DEBUG c.b.monitoring.PerformanceTester - Failed to append key metrics to file C:\Users\Mylaptop\Desktop\Project2plzzzz\logs\key-metrics.json
02:39:47.719 [main] DEBUG c.b.t.XMLSuiteClassListener - Number of parallels - 2 and number of platforms - 2
02:39:49.174 [main] DEBUG c.browserstack.utils.LogReportingAPI - [2025-01-10T22:39:49.174122Z][ OBSERVABILITY ] Processing Logs patching stream
02:39:49.180 [main] DEBUG c.b.monitoring.PerformanceTester - Failed to append key metrics to file C:\Users\Mylaptop\Desktop\Project2plzzzz\logs\key-metrics.json
02:39:49.740 [setUp@1] DEBUG c.browserstack.utils.UtilityMethods - [Patch]: SDK enabled, patching remote server
02:39:49.740 [setUp@0] DEBUG c.browserstack.utils.UtilityMethods - [Patch]: SDK enabled, patching remote server
02:39:49.743 [setUp@0] DEBUG c.b.selenium.SeleniumHandler - beforeDriverInit: SDK enabled. Thread ID: 58
02:39:49.743 [setUp@1] DEBUG c.b.selenium.SeleniumHandler - beforeDriverInit: SDK enabled. Thread ID: 59
02:39:49.744 [setUp@1] DEBUG c.b.monitoring.PerformanceTester - Failed to append key metrics to file C:\Users\Mylaptop\Desktop\Project2plzzzz\logs\key-metrics.json
02:39:49.746 [setUp@0] DEBUG c.b.monitoring.PerformanceTester - Failed to append key metrics to file C:\Users\Mylaptop\Desktop\Project2plzzzz\logs\key-metrics.json
02:39:49.753 [setUp@0] DEBUG c.browserstack.utils.UtilityMethods - [Patch]: SDK enabled, patching remote server
02:39:49.753 [setUp@1] DEBUG c.browserstack.utils.UtilityMethods - [Patch]: SDK enabled, patching remote server
02:39:57.531 [setUp@0] DEBUG c.b.utils.SeleniumMethodUtils - OPTIMAL HUB IS: hub-euw.browserstack.com
02:39:57.532 [setUp@0] DEBUG c.b.selenium.SeleniumHandler - afterDriverInit: requested
02:39:57.555 [setUp@0] DEBUG c.b.utils.SeleniumMethodUtils - getURLFromCommandExecutor: Getting Hub url from HttpCommandExecutor
02:39:57.556 [setUp@0] DEBUG c.b.utils.SeleniumMethodUtils - getURLFromCommandExecutor: Found url: https://hub-euw.browserstack.com/wd/hub
02:39:57.556 [setUp@0] DEBUG c.b.utils.SeleniumMethodUtils - getURLFromCommandExecutor: Getting Hub url from HttpCommandExecutor
02:39:57.556 [setUp@0] DEBUG c.b.utils.SeleniumMethodUtils - getURLFromCommandExecutor: Found url: https://hub-euw.browserstack.com/wd/hub
02:39:57.558 [setUp@0] DEBUG c.b.monitoring.PerformanceTester - Failed to append key metrics to file C:\Users\Mylaptop\Desktop\Project2plzzzz\logs\key-metrics.json
02:39:57.568 [Forwarding setTimeout on session af076e9fb07232ffe2a2e2f520a5179ae8937d06 to remote] DEBUG c.browserstack.utils.UtilityMethods - [Error]java.lang.IllegalAccessError: Update to non-static final field org.openqa.selenium.remote.HttpCommandExecutor.client attempted from a different method (execute) than the initializer method <init> 
	at org.openqa.selenium.remote.HttpCommandExecutor.execute(HttpCommandExecutor.java)
	at org.openqa.selenium.remote.RemoteWebDriver.execute(RemoteWebDriver.java:519)
	at org.openqa.selenium.remote.RemoteWebDriver$RemoteWebDriverOptions$RemoteTimeouts.implicitlyWait(RemoteWebDriver.java:934)
	at BaseTest.BrowserStackTest.setUp(BrowserStackTest.java:62)
	at java.base/jdk.internal.reflect.DirectMethodHandleAccessor.invoke(DirectMethodHandleAccessor.java:103)
	at java.base/java.lang.reflect.Method.invoke(Method.java:580)
	at org.testng.internal.invokers.MethodInvocationHelper.invokeMethod(MethodInvocationHelper.java:135)
	at org.testng.internal.invokers.MethodInvocationHelper.invokeMethodConsideringTimeout(MethodInvocationHelper.java:65)
	at org.testng.internal.invokers.ConfigInvoker.invokeConfigurationMethod(ConfigInvoker.java:381)
	at org.testng.internal.invokers.ConfigInvoker.invokeConfigurations(ConfigInvoker.java:319)
	at org.testng.internal.invokers.TestInvoker.runConfigMethods(TestInvoker.java:803)
	at org.testng.internal.invokers.TestInvoker.invokeMethod(TestInvoker.java:589)
	at org.testng.internal.invokers.TestInvoker.invokeTestMethod(TestInvoker.java:220)
	at org.testng.internal.invokers.MethodRunner.runInSequence(MethodRunner.java:50)
	at org.testng.internal.invokers.TestInvoker$MethodInvocationAgent.invoke(TestInvoker.java:945)
	at org.testng.internal.invokers.TestInvoker.invokeTestMethods(TestInvoker.java:193)
	at org.testng.internal.invokers.TestMethodWorker.invokeTestMethods(TestMethodWorker.java:146)
	at org.testng.internal.invokers.TestMethodWorker.run(TestMethodWorker.java:128)
	at java.base/java.util.ArrayList.forEach(ArrayList.java:1597)
	at org.testng.TestRunner.privateRun(TestRunner.java:808)
	at org.testng.TestRunner.run(TestRunner.java:603)
	at org.testng.SuiteRunner.runTest(SuiteRunner.java:429)
	at org.testng.SuiteRunner.access$000(SuiteRunner.java:32)
	at org.testng.SuiteRunner$SuiteWorker.run(SuiteRunner.java:467)
	at org.testng.internal.thread.ThreadUtil.lambda$execute$0(ThreadUtil.java:58)
	at java.base/java.util.concurrent.FutureTask.run(FutureTask.java:317)
	at java.base/java.util.concurrent.ThreadPoolExecutor.runWorker(ThreadPoolExecutor.java:1144)
	at java.base/java.util.concurrent.ThreadPoolExecutor$Worker.run(ThreadPoolExecutor.java:642)
	at java.base/java.lang.Thread.run(Thread.java:1575)

02:40:03.930 [setUp@1] DEBUG c.b.utils.SeleniumMethodUtils - OPTIMAL HUB IS: hub-euw.browserstack.com
02:40:03.930 [setUp@1] DEBUG c.b.selenium.SeleniumHandler - afterDriverInit: requested
02:40:03.946 [setUp@1] DEBUG c.b.utils.SeleniumMethodUtils - getURLFromCommandExecutor: Getting Hub url from HttpCommandExecutor
02:40:03.947 [setUp@1] DEBUG c.b.utils.SeleniumMethodUtils - getURLFromCommandExecutor: Found url: https://hub-euw.browserstack.com/wd/hub
02:40:03.948 [setUp@1] DEBUG c.b.utils.SeleniumMethodUtils - getURLFromCommandExecutor: Getting Hub url from HttpCommandExecutor
02:40:03.948 [setUp@1] DEBUG c.b.utils.SeleniumMethodUtils - getURLFromCommandExecutor: Found url: https://hub-euw.browserstack.com/wd/hub
02:40:03.948 [setUp@1] DEBUG c.b.monitoring.PerformanceTester - Failed to append key metrics to file C:\Users\Mylaptop\Desktop\Project2plzzzz\logs\key-metrics.json
02:40:03.974 [Forwarding setTimeout on session e07e13a70e32c3624b365e4d39181d3601c115f3 to remote] DEBUG c.browserstack.utils.UtilityMethods - [Error]java.lang.IllegalAccessError: Update to non-static final field org.openqa.selenium.remote.HttpCommandExecutor.client attempted from a different method (execute) than the initializer method <init> 
	at org.openqa.selenium.remote.HttpCommandExecutor.execute(HttpCommandExecutor.java)
	at org.openqa.selenium.remote.RemoteWebDriver.execute(RemoteWebDriver.java:519)
	at org.openqa.selenium.remote.RemoteWebDriver$RemoteWebDriverOptions$RemoteTimeouts.implicitlyWait(RemoteWebDriver.java:934)
	at BaseTest.BrowserStackTest.setUp(BrowserStackTest.java:62)
	at java.base/jdk.internal.reflect.DirectMethodHandleAccessor.invoke(DirectMethodHandleAccessor.java:103)
	at java.base/java.lang.reflect.Method.invoke(Method.java:580)
	at org.testng.internal.invokers.MethodInvocationHelper.invokeMethod(MethodInvocationHelper.java:135)
	at org.testng.internal.invokers.MethodInvocationHelper.invokeMethodConsideringTimeout(MethodInvocationHelper.java:65)
	at org.testng.internal.invokers.ConfigInvoker.invokeConfigurationMethod(ConfigInvoker.java:381)
	at org.testng.internal.invokers.ConfigInvoker.invokeConfigurations(ConfigInvoker.java:319)
	at org.testng.internal.invokers.TestInvoker.runConfigMethods(TestInvoker.java:803)
	at org.testng.internal.invokers.TestInvoker.invokeMethod(TestInvoker.java:589)
	at org.testng.internal.invokers.TestInvoker.invokeTestMethod(TestInvoker.java:220)
	at org.testng.internal.invokers.MethodRunner.runInSequence(MethodRunner.java:50)
	at org.testng.internal.invokers.TestInvoker$MethodInvocationAgent.invoke(TestInvoker.java:945)
	at org.testng.internal.invokers.TestInvoker.invokeTestMethods(TestInvoker.java:193)
	at org.testng.internal.invokers.TestMethodWorker.invokeTestMethods(TestMethodWorker.java:146)
	at org.testng.internal.invokers.TestMethodWorker.run(TestMethodWorker.java:128)
	at java.base/java.util.ArrayList.forEach(ArrayList.java:1597)
	at org.testng.TestRunner.privateRun(TestRunner.java:808)
	at org.testng.TestRunner.run(TestRunner.java:603)
	at org.testng.SuiteRunner.runTest(SuiteRunner.java:429)
	at org.testng.SuiteRunner.access$000(SuiteRunner.java:32)
	at org.testng.SuiteRunner$SuiteWorker.run(SuiteRunner.java:467)
	at org.testng.internal.thread.ThreadUtil.lambda$execute$0(ThreadUtil.java:58)
	at java.base/java.util.concurrent.FutureTask.run(FutureTask.java:317)
	at java.base/java.util.concurrent.ThreadPoolExecutor.runWorker(ThreadPoolExecutor.java:1144)
	at java.base/java.util.concurrent.ThreadPoolExecutor$Worker.run(ThreadPoolExecutor.java:642)
	at java.base/java.lang.Thread.run(Thread.java:1575)

02:40:03.976 [Forwarding isElementDisplayed on session af076e9fb07232ffe2a2e2f520a5179ae8937d06 to remote] DEBUG c.browserstack.utils.UtilityMethods - [Error]java.lang.IllegalAccessError: Update to non-static final field org.openqa.selenium.remote.HttpCommandExecutor.client attempted from a different method (execute) than the initializer method <init> 
	at org.openqa.selenium.remote.HttpCommandExecutor.execute(HttpCommandExecutor.java)
	at org.openqa.selenium.remote.RemoteWebDriver.execute(RemoteWebDriver.java:519)
	at org.openqa.selenium.remote.RemoteWebElement.execute(RemoteWebElement.java:223)
	at org.openqa.selenium.remote.RemoteWebElement.isDisplayed(RemoteWebElement.java:282)
	at com.codeborne.selenide.conditions.Visible.check(Visible.java:21)
	at com.codeborne.selenide.conditions.NamedCondition.check(NamedCondition.java:27)
	at com.codeborne.selenide.impl.WebElementSource.checkConditionAndReturnElement(WebElementSource.java:115)
	at com.codeborne.selenide.impl.WebElementSource.checkCondition(WebElementSource.java:102)
	at com.codeborne.selenide.commands.Should.execute(Should.java:30)
	at com.codeborne.selenide.commands.Should.execute(Should.java:14)
	at com.codeborne.selenide.commands.Commands.execute(Commands.java:162)
	at com.codeborne.selenide.impl.SelenideElementProxy.dispatchAndRetry(SelenideElementProxy.java:134)
	at com.codeborne.selenide.impl.SelenideElementProxy.invoke(SelenideElementProxy.java:86)
	at jdk.proxy2/jdk.proxy2.$Proxy20.should(Unknown Source)
	at ge.tbc.testautomation.steps.Saucedemo.StandartUserPageSteps.waitPageToReload(StandartUserPageSteps.java:45)
	at Saucedemo.LoginTestBrowserStack.successfulLoginTest(LoginTestBrowserStack.java:41)
	at java.base/jdk.internal.reflect.DirectMethodHandleAccessor.invoke(DirectMethodHandleAccessor.java:103)
	at java.base/java.lang.reflect.Method.invoke(Method.java:580)
	at org.testng.internal.invokers.MethodInvocationHelper.invokeMethod(MethodInvocationHelper.java:135)
	at org.testng.internal.invokers.TestInvoker.invokeMethod(TestInvoker.java:673)
	at org.testng.internal.invokers.TestInvoker.invokeTestMethod(TestInvoker.java:220)
	at org.testng.internal.invokers.MethodRunner.runInSequence(MethodRunner.java:50)
	at org.testng.internal.invokers.TestInvoker$MethodInvocationAgent.invoke(TestInvoker.java:945)
	at org.testng.internal.invokers.TestInvoker.invokeTestMethods(TestInvoker.java:193)
	at org.testng.internal.invokers.TestMethodWorker.invokeTestMethods(TestMethodWorker.java:146)
	at org.testng.internal.invokers.TestMethodWorker.run(TestMethodWorker.java:128)
	at java.base/java.util.ArrayList.forEach(ArrayList.java:1597)
	at org.testng.TestRunner.privateRun(TestRunner.java:808)
	at org.testng.TestRunner.run(TestRunner.java:603)
	at org.testng.SuiteRunner.runTest(SuiteRunner.java:429)
	at org.testng.SuiteRunner.access$000(SuiteRunner.java:32)
	at org.testng.SuiteRunner$SuiteWorker.run(SuiteRunner.java:467)
	at org.testng.internal.thread.ThreadUtil.lambda$execute$0(ThreadUtil.java:58)
	at java.base/java.util.concurrent.FutureTask.run(FutureTask.java:317)
	at java.base/java.util.concurrent.ThreadPoolExecutor.runWorker(ThreadPoolExecutor.java:1144)
	at java.base/java.util.concurrent.ThreadPoolExecutor$Worker.run(ThreadPoolExecutor.java:642)
	at java.base/java.lang.Thread.run(Thread.java:1575)

02:40:07.908 [successfulLoginTest@0] DEBUG c.b.monitoring.PerformanceTester - Failed to append key metrics to file C:\Users\Mylaptop\Desktop\Project2plzzzz\logs\key-metrics.json
02:40:07.931 [successfulLoginTest@0] DEBUG c.b.testNgListeners.TestNGUtils - [populateTestDataForBSTestOps] Event Type :: TestRunFinished, Test ClassName :: Saucedemo.LoginTestBrowserStack 
02:40:07.931 [successfulLoginTest@0] DEBUG c.browserstack.utils.UtilityMethods - [findFileMatcher] Current Path is :: C:\Users\Mylaptop\Desktop\Project2plzzzz, TestClass :: Saucedemo\LoginTestBrowserStack
02:40:08.010 [successfulLoginTest@0] DEBUG c.b.testNgListeners.TestNGUtils - [populateTestDataForBSTestOps] The filename fetched :: C:\Users\Mylaptop\Desktop\Project2plzzzz\src\test\java\Saucedemo\LoginTestBrowserStack.java, fileSeparator :: \, AbsolutePath :: C:\Users\Mylaptop\Desktop\Project2plzzzz\., Normalized Path :: C:\Users\Mylaptop\Desktop\Project2plzzzz, File.Separator :: \
02:40:08.011 [successfulLoginTest@0] DEBUG c.b.testNgListeners.TestNGUtils - [populateTestDataForBSTestOps] Replaced File Name is :: Project2plzzzz\src\test\java\Saucedemo\LoginTestBrowserStack.java, Absolute Path :: C:\Users\Mylaptop\Desktop\Project2plzzzz\.., Normalized Path :: C:\Users\Mylaptop\Desktop 
02:40:08.019 [successfulLoginTest@0] DEBUG c.b.utils.SeleniumMethodUtils - getURLFromCommandExecutor: Getting Hub url from HttpCommandExecutor
02:40:08.020 [successfulLoginTest@0] DEBUG c.b.utils.SeleniumMethodUtils - getURLFromCommandExecutor: Found url: https://hub-euw.browserstack.com/wd/hub
02:40:08.020 [successfulLoginTest@0] DEBUG c.b.utils.SeleniumMethodUtils - getURLFromCommandExecutor: Getting Hub url from HttpCommandExecutor
02:40:08.020 [successfulLoginTest@0] DEBUG c.b.utils.SeleniumMethodUtils - getURLFromCommandExecutor: Found url: https://hub-euw.browserstack.com/wd/hub
02:40:08.041 [successfulLoginTest@0] DEBUG c.b.monitoring.PerformanceTester - Failed to append key metrics to file C:\Users\Mylaptop\Desktop\Project2plzzzz\logs\key-metrics.json
02:40:08.132 [successfulLoginTest@0] DEBUG c.b.monitoring.PerformanceTester - Failed to append key metrics to file C:\Users\Mylaptop\Desktop\Project2plzzzz\logs\key-metrics.json
02:40:08.134 [successfulLoginTest@0] DEBUG c.b.monitoring.PerformanceTester - Failed to append key metrics to file C:\Users\Mylaptop\Desktop\Project2plzzzz\logs\key-metrics.json
02:40:08.460 [tearDown@0] DEBUG c.b.monitoring.PerformanceTester - Failed to append key metrics to file C:\Users\Mylaptop\Desktop\Project2plzzzz\logs\key-metrics.json
02:40:08.761 [tearDown@0] DEBUG c.b.monitoring.PerformanceTester - Failed to append key metrics to file C:\Users\Mylaptop\Desktop\Project2plzzzz\logs\key-metrics.json
02:40:08.844 [tearDown@0] DEBUG c.b.monitoring.PerformanceTester - Failed to append key metrics to file C:\Users\Mylaptop\Desktop\Project2plzzzz\logs\key-metrics.json
02:40:08.845 [tearDown@0] DEBUG c.b.monitoring.PerformanceTester - Failed to append key metrics to file C:\Users\Mylaptop\Desktop\Project2plzzzz\logs\key-metrics.json
02:40:08.845 [tearDown@0] DEBUG c.b.monitoring.PerformanceTester - Failed to append key metrics to file C:\Users\Mylaptop\Desktop\Project2plzzzz\logs\key-metrics.json
02:40:09.820 [setUp@0] DEBUG c.browserstack.utils.UtilityMethods - [Patch]: SDK enabled, patching remote server
02:40:09.821 [setUp@0] DEBUG c.b.selenium.SeleniumHandler - beforeDriverInit: SDK enabled. Thread ID: 58
02:40:09.821 [setUp@0] DEBUG c.b.selenium.SeleniumHandler - Quitting webdriver: com.browserstack.config.TestNgCurrentRemoteWebdriver@4aeb2b5d
02:40:09.822 [setUp@0] DEBUG c.b.monitoring.PerformanceTester - Failed to append key metrics to file C:\Users\Mylaptop\Desktop\Project2plzzzz\logs\key-metrics.json
02:40:09.823 [setUp@0] DEBUG c.browserstack.utils.LogReportingAPI - sendSync failed - driver not alive
02:40:09.825 [setUp@0] DEBUG c.b.monitoring.PerformanceTester - Failed to append key metrics to file C:\Users\Mylaptop\Desktop\Project2plzzzz\logs\key-metrics.json
02:40:09.825 [setUp@0] DEBUG c.b.monitoring.PerformanceTester - Failed to append key metrics to file C:\Users\Mylaptop\Desktop\Project2plzzzz\logs\key-metrics.json
02:40:09.825 [setUp@0] DEBUG c.b.monitoring.PerformanceTester - Failed to append key metrics to file C:\Users\Mylaptop\Desktop\Project2plzzzz\logs\key-metrics.json
02:40:09.826 [setUp@0] DEBUG c.b.monitoring.PerformanceTester - Failed to append key metrics to file C:\Users\Mylaptop\Desktop\Project2plzzzz\logs\key-metrics.json
02:40:09.829 [setUp@0] DEBUG c.browserstack.utils.UtilityMethods - [Patch]: SDK enabled, patching remote server
02:40:23.230 [setUp@0] DEBUG c.b.utils.SeleniumMethodUtils - OPTIMAL HUB IS: hub-euw.browserstack.com
02:40:23.230 [setUp@0] DEBUG c.b.selenium.SeleniumHandler - afterDriverInit: requested
02:40:23.289 [setUp@0] DEBUG c.b.utils.SeleniumMethodUtils - getURLFromCommandExecutor: Getting Hub url from HttpCommandExecutor
02:40:23.289 [setUp@0] DEBUG c.b.utils.SeleniumMethodUtils - getURLFromCommandExecutor: Found url: https://hub-euw.browserstack.com/wd/hub
02:40:23.289 [setUp@0] DEBUG c.b.utils.SeleniumMethodUtils - getURLFromCommandExecutor: Getting Hub url from HttpCommandExecutor
02:40:23.289 [setUp@0] DEBUG c.b.utils.SeleniumMethodUtils - getURLFromCommandExecutor: Found url: https://hub-euw.browserstack.com/wd/hub
02:40:23.291 [setUp@0] DEBUG c.b.monitoring.PerformanceTester - Failed to append key metrics to file C:\Users\Mylaptop\Desktop\Project2plzzzz\logs\key-metrics.json
02:40:23.298 [Forwarding setTimeout on session 95c767b5cf1b77c265e8f09107c38a815616c651 to remote] DEBUG c.browserstack.utils.UtilityMethods - [Error]java.lang.IllegalAccessError: Update to non-static final field org.openqa.selenium.remote.HttpCommandExecutor.client attempted from a different method (execute) than the initializer method <init> 
	at org.openqa.selenium.remote.HttpCommandExecutor.execute(HttpCommandExecutor.java)
	at org.openqa.selenium.remote.RemoteWebDriver.execute(RemoteWebDriver.java:519)
	at org.openqa.selenium.remote.RemoteWebDriver$RemoteWebDriverOptions$RemoteTimeouts.implicitlyWait(RemoteWebDriver.java:934)
	at BaseTest.BrowserStackTest.setUp(BrowserStackTest.java:62)
	at java.base/jdk.internal.reflect.DirectMethodHandleAccessor.invoke(DirectMethodHandleAccessor.java:103)
	at java.base/java.lang.reflect.Method.invoke(Method.java:580)
	at org.testng.internal.invokers.MethodInvocationHelper.invokeMethod(MethodInvocationHelper.java:135)
	at org.testng.internal.invokers.MethodInvocationHelper.invokeMethodConsideringTimeout(MethodInvocationHelper.java:65)
	at org.testng.internal.invokers.ConfigInvoker.invokeConfigurationMethod(ConfigInvoker.java:381)
	at org.testng.internal.invokers.ConfigInvoker.invokeConfigurations(ConfigInvoker.java:319)
	at org.testng.internal.invokers.TestInvoker.runConfigMethods(TestInvoker.java:803)
	at org.testng.internal.invokers.TestInvoker.invokeMethod(TestInvoker.java:589)
	at org.testng.internal.invokers.TestInvoker.invokeTestMethod(TestInvoker.java:220)
	at org.testng.internal.invokers.MethodRunner.runInSequence(MethodRunner.java:50)
	at org.testng.internal.invokers.TestInvoker$MethodInvocationAgent.invoke(TestInvoker.java:945)
	at org.testng.internal.invokers.TestInvoker.invokeTestMethods(TestInvoker.java:193)
	at org.testng.internal.invokers.TestMethodWorker.invokeTestMethods(TestMethodWorker.java:146)
	at org.testng.internal.invokers.TestMethodWorker.run(TestMethodWorker.java:128)
	at java.base/java.util.ArrayList.forEach(ArrayList.java:1597)
	at org.testng.TestRunner.privateRun(TestRunner.java:808)
	at org.testng.TestRunner.run(TestRunner.java:603)
	at org.testng.SuiteRunner.runTest(SuiteRunner.java:429)
	at org.testng.SuiteRunner.access$000(SuiteRunner.java:32)
	at org.testng.SuiteRunner$SuiteWorker.run(SuiteRunner.java:467)
	at org.testng.internal.thread.ThreadUtil.lambda$execute$0(ThreadUtil.java:58)
	at java.base/java.util.concurrent.FutureTask.run(FutureTask.java:317)
	at java.base/java.util.concurrent.ThreadPoolExecutor.runWorker(ThreadPoolExecutor.java:1144)
	at java.base/java.util.concurrent.ThreadPoolExecutor$Worker.run(ThreadPoolExecutor.java:642)
	at java.base/java.lang.Thread.run(Thread.java:1575)

02:40:23.986 [successfulLoginTest@1] DEBUG c.b.monitoring.PerformanceTester - Failed to append key metrics to file C:\Users\Mylaptop\Desktop\Project2plzzzz\logs\key-metrics.json
02:40:23.993 [successfulLoginTest@1] DEBUG c.b.testNgListeners.TestNGUtils - [populateTestDataForBSTestOps] Event Type :: TestRunFinished, Test ClassName :: Saucedemo.LoginTestBrowserStack 
02:40:23.993 [successfulLoginTest@1] DEBUG c.browserstack.utils.UtilityMethods - [findFileMatcher] Current Path is :: C:\Users\Mylaptop\Desktop\Project2plzzzz, TestClass :: Saucedemo\LoginTestBrowserStack
02:40:24.396 [successfulLoginTest@1] DEBUG c.b.testNgListeners.TestNGUtils - [populateTestDataForBSTestOps] The filename fetched :: C:\Users\Mylaptop\Desktop\Project2plzzzz\src\test\java\Saucedemo\LoginTestBrowserStack.java, fileSeparator :: \, AbsolutePath :: C:\Users\Mylaptop\Desktop\Project2plzzzz\., Normalized Path :: C:\Users\Mylaptop\Desktop\Project2plzzzz, File.Separator :: \
02:40:24.396 [successfulLoginTest@1] DEBUG c.b.testNgListeners.TestNGUtils - [populateTestDataForBSTestOps] Replaced File Name is :: Project2plzzzz\src\test\java\Saucedemo\LoginTestBrowserStack.java, Absolute Path :: C:\Users\Mylaptop\Desktop\Project2plzzzz\.., Normalized Path :: C:\Users\Mylaptop\Desktop 
02:40:24.449 [successfulLoginTest@1] DEBUG c.b.utils.SeleniumMethodUtils - getURLFromCommandExecutor: Getting Hub url from HttpCommandExecutor
02:40:24.451 [successfulLoginTest@1] DEBUG c.b.utils.SeleniumMethodUtils - getURLFromCommandExecutor: Found url: https://hub-euw.browserstack.com/wd/hub
02:40:24.451 [successfulLoginTest@1] DEBUG c.b.utils.SeleniumMethodUtils - getURLFromCommandExecutor: Getting Hub url from HttpCommandExecutor
02:40:24.451 [successfulLoginTest@1] DEBUG c.b.utils.SeleniumMethodUtils - getURLFromCommandExecutor: Found url: https://hub-euw.browserstack.com/wd/hub
02:40:24.506 [successfulLoginTest@1] DEBUG c.b.monitoring.PerformanceTester - Failed to append key metrics to file C:\Users\Mylaptop\Desktop\Project2plzzzz\logs\key-metrics.json
02:40:24.664 [successfulLoginTest@1] DEBUG c.b.monitoring.PerformanceTester - Failed to append key metrics to file C:\Users\Mylaptop\Desktop\Project2plzzzz\logs\key-metrics.json
02:40:24.667 [successfulLoginTest@1] DEBUG c.b.monitoring.PerformanceTester - Failed to append key metrics to file C:\Users\Mylaptop\Desktop\Project2plzzzz\logs\key-metrics.json
02:40:25.111 [tearDown@1] DEBUG c.b.monitoring.PerformanceTester - Failed to append key metrics to file C:\Users\Mylaptop\Desktop\Project2plzzzz\logs\key-metrics.json
02:40:25.777 [tearDown@1] DEBUG c.b.monitoring.PerformanceTester - Failed to append key metrics to file C:\Users\Mylaptop\Desktop\Project2plzzzz\logs\key-metrics.json
02:40:25.909 [tearDown@1] DEBUG c.b.monitoring.PerformanceTester - Failed to append key metrics to file C:\Users\Mylaptop\Desktop\Project2plzzzz\logs\key-metrics.json
02:40:25.948 [tearDown@1] DEBUG c.b.monitoring.PerformanceTester - Failed to append key metrics to file C:\Users\Mylaptop\Desktop\Project2plzzzz\logs\key-metrics.json
02:40:25.948 [tearDown@1] DEBUG c.b.monitoring.PerformanceTester - Failed to append key metrics to file C:\Users\Mylaptop\Desktop\Project2plzzzz\logs\key-metrics.json
02:40:26.811 [setUp@1] DEBUG c.browserstack.utils.UtilityMethods - [Patch]: SDK enabled, patching remote server
02:40:26.811 [setUp@1] DEBUG c.b.selenium.SeleniumHandler - beforeDriverInit: SDK enabled. Thread ID: 59
02:40:26.811 [setUp@1] DEBUG c.b.selenium.SeleniumHandler - Quitting webdriver: com.browserstack.config.TestNgCurrentRemoteWebdriver@41d23733
02:40:26.814 [setUp@1] DEBUG c.b.monitoring.PerformanceTester - Failed to append key metrics to file C:\Users\Mylaptop\Desktop\Project2plzzzz\logs\key-metrics.json
02:40:26.814 [setUp@1] DEBUG c.browserstack.utils.LogReportingAPI - sendSync failed - driver not alive
02:40:26.816 [setUp@1] DEBUG c.b.monitoring.PerformanceTester - Failed to append key metrics to file C:\Users\Mylaptop\Desktop\Project2plzzzz\logs\key-metrics.json
02:40:26.816 [setUp@1] DEBUG c.b.monitoring.PerformanceTester - Failed to append key metrics to file C:\Users\Mylaptop\Desktop\Project2plzzzz\logs\key-metrics.json
02:40:26.818 [setUp@1] DEBUG c.b.monitoring.PerformanceTester - Failed to append key metrics to file C:\Users\Mylaptop\Desktop\Project2plzzzz\logs\key-metrics.json
02:40:26.818 [setUp@1] DEBUG c.b.monitoring.PerformanceTester - Failed to append key metrics to file C:\Users\Mylaptop\Desktop\Project2plzzzz\logs\key-metrics.json
02:40:26.826 [setUp@1] DEBUG c.browserstack.utils.UtilityMethods - [Patch]: SDK enabled, patching remote server
02:40:31.759 [bannedUserLoginTest@0] DEBUG c.b.monitoring.PerformanceTester - Failed to append key metrics to file C:\Users\Mylaptop\Desktop\Project2plzzzz\logs\key-metrics.json
02:40:31.759 [bannedUserLoginTest@0] DEBUG c.b.testNgListeners.TestNGUtils - [populateTestDataForBSTestOps] Event Type :: TestRunFinished, Test ClassName :: Saucedemo.LoginTestBrowserStack 
02:40:31.759 [bannedUserLoginTest@0] DEBUG c.browserstack.utils.UtilityMethods - [findFileMatcher] Current Path is :: C:\Users\Mylaptop\Desktop\Project2plzzzz, TestClass :: Saucedemo\LoginTestBrowserStack
02:40:31.819 [bannedUserLoginTest@0] DEBUG c.b.testNgListeners.TestNGUtils - [populateTestDataForBSTestOps] The filename fetched :: C:\Users\Mylaptop\Desktop\Project2plzzzz\src\test\java\Saucedemo\LoginTestBrowserStack.java, fileSeparator :: \, AbsolutePath :: C:\Users\Mylaptop\Desktop\Project2plzzzz\., Normalized Path :: C:\Users\Mylaptop\Desktop\Project2plzzzz, File.Separator :: \
02:40:31.819 [bannedUserLoginTest@0] DEBUG c.b.testNgListeners.TestNGUtils - [populateTestDataForBSTestOps] Replaced File Name is :: Project2plzzzz\src\test\java\Saucedemo\LoginTestBrowserStack.java, Absolute Path :: C:\Users\Mylaptop\Desktop\Project2plzzzz\.., Normalized Path :: C:\Users\Mylaptop\Desktop 
02:40:31.828 [bannedUserLoginTest@0] DEBUG c.b.utils.SeleniumMethodUtils - getURLFromCommandExecutor: Getting Hub url from HttpCommandExecutor
02:40:31.828 [bannedUserLoginTest@0] DEBUG c.b.utils.SeleniumMethodUtils - getURLFromCommandExecutor: Found url: https://hub-euw.browserstack.com/wd/hub
02:40:31.828 [bannedUserLoginTest@0] DEBUG c.b.utils.SeleniumMethodUtils - getURLFromCommandExecutor: Getting Hub url from HttpCommandExecutor
02:40:31.828 [bannedUserLoginTest@0] DEBUG c.b.utils.SeleniumMethodUtils - getURLFromCommandExecutor: Found url: https://hub-euw.browserstack.com/wd/hub
02:40:31.841 [bannedUserLoginTest@0] DEBUG c.b.monitoring.PerformanceTester - Failed to append key metrics to file C:\Users\Mylaptop\Desktop\Project2plzzzz\logs\key-metrics.json
02:40:31.930 [bannedUserLoginTest@0] DEBUG c.b.monitoring.PerformanceTester - Failed to append key metrics to file C:\Users\Mylaptop\Desktop\Project2plzzzz\logs\key-metrics.json
02:40:31.932 [bannedUserLoginTest@0] DEBUG c.b.monitoring.PerformanceTester - Failed to append key metrics to file C:\Users\Mylaptop\Desktop\Project2plzzzz\logs\key-metrics.json
02:40:32.257 [tearDown@0] DEBUG c.b.monitoring.PerformanceTester - Failed to append key metrics to file C:\Users\Mylaptop\Desktop\Project2plzzzz\logs\key-metrics.json
02:40:32.634 [tearDown@0] DEBUG c.b.monitoring.PerformanceTester - Failed to append key metrics to file C:\Users\Mylaptop\Desktop\Project2plzzzz\logs\key-metrics.json
02:40:32.720 [tearDown@0] DEBUG c.b.monitoring.PerformanceTester - Failed to append key metrics to file C:\Users\Mylaptop\Desktop\Project2plzzzz\logs\key-metrics.json
02:40:32.721 [tearDown@0] DEBUG c.b.monitoring.PerformanceTester - Failed to append key metrics to file C:\Users\Mylaptop\Desktop\Project2plzzzz\logs\key-metrics.json
02:40:32.722 [tearDown@0] DEBUG c.b.monitoring.PerformanceTester - Failed to append key metrics to file C:\Users\Mylaptop\Desktop\Project2plzzzz\logs\key-metrics.json
02:40:33.570 [setUp@0] DEBUG c.browserstack.utils.UtilityMethods - [Patch]: SDK enabled, patching remote server
02:40:33.570 [setUp@0] DEBUG c.b.selenium.SeleniumHandler - beforeDriverInit: SDK enabled. Thread ID: 58
02:40:33.570 [setUp@0] DEBUG c.b.selenium.SeleniumHandler - Quitting webdriver: com.browserstack.config.TestNgCurrentRemoteWebdriver@8fa5c4
02:40:33.572 [setUp@0] DEBUG c.b.monitoring.PerformanceTester - Failed to append key metrics to file C:\Users\Mylaptop\Desktop\Project2plzzzz\logs\key-metrics.json
02:40:33.572 [setUp@0] DEBUG c.browserstack.utils.LogReportingAPI - sendSync failed - driver not alive
02:40:33.573 [setUp@0] DEBUG c.b.monitoring.PerformanceTester - Failed to append key metrics to file C:\Users\Mylaptop\Desktop\Project2plzzzz\logs\key-metrics.json
02:40:33.574 [setUp@0] DEBUG c.b.monitoring.PerformanceTester - Failed to append key metrics to file C:\Users\Mylaptop\Desktop\Project2plzzzz\logs\key-metrics.json
02:40:33.574 [setUp@0] DEBUG c.b.monitoring.PerformanceTester - Failed to append key metrics to file C:\Users\Mylaptop\Desktop\Project2plzzzz\logs\key-metrics.json
02:40:33.575 [setUp@0] DEBUG c.b.monitoring.PerformanceTester - Failed to append key metrics to file C:\Users\Mylaptop\Desktop\Project2plzzzz\logs\key-metrics.json
02:40:33.578 [setUp@0] DEBUG c.browserstack.utils.UtilityMethods - [Patch]: SDK enabled, patching remote server
02:40:40.541 [setUp@0] DEBUG c.b.utils.SeleniumMethodUtils - OPTIMAL HUB IS: hub-euw.browserstack.com
02:40:40.542 [setUp@0] DEBUG c.b.selenium.SeleniumHandler - afterDriverInit: requested
02:40:40.545 [setUp@0] DEBUG c.b.utils.SeleniumMethodUtils - getURLFromCommandExecutor: Getting Hub url from HttpCommandExecutor
02:40:40.546 [setUp@0] DEBUG c.b.utils.SeleniumMethodUtils - getURLFromCommandExecutor: Found url: https://hub-euw.browserstack.com/wd/hub
02:40:40.546 [setUp@0] DEBUG c.b.utils.SeleniumMethodUtils - getURLFromCommandExecutor: Getting Hub url from HttpCommandExecutor
02:40:40.546 [setUp@0] DEBUG c.b.utils.SeleniumMethodUtils - getURLFromCommandExecutor: Found url: https://hub-euw.browserstack.com/wd/hub
02:40:40.546 [setUp@0] DEBUG c.b.monitoring.PerformanceTester - Failed to append key metrics to file C:\Users\Mylaptop\Desktop\Project2plzzzz\logs\key-metrics.json
02:40:40.573 [Forwarding setTimeout on session 647f9be1c8a2fd0518bec3649be251279a830330 to remote] DEBUG c.browserstack.utils.UtilityMethods - [Error]java.lang.IllegalAccessError: Update to non-static final field org.openqa.selenium.remote.HttpCommandExecutor.client attempted from a different method (execute) than the initializer method <init> 
	at org.openqa.selenium.remote.HttpCommandExecutor.execute(HttpCommandExecutor.java)
	at org.openqa.selenium.remote.RemoteWebDriver.execute(RemoteWebDriver.java:519)
	at org.openqa.selenium.remote.RemoteWebDriver$RemoteWebDriverOptions$RemoteTimeouts.implicitlyWait(RemoteWebDriver.java:934)
	at BaseTest.BrowserStackTest.setUp(BrowserStackTest.java:62)
	at java.base/jdk.internal.reflect.DirectMethodHandleAccessor.invoke(DirectMethodHandleAccessor.java:103)
	at java.base/java.lang.reflect.Method.invoke(Method.java:580)
	at org.testng.internal.invokers.MethodInvocationHelper.invokeMethod(MethodInvocationHelper.java:135)
	at org.testng.internal.invokers.MethodInvocationHelper.invokeMethodConsideringTimeout(MethodInvocationHelper.java:65)
	at org.testng.internal.invokers.ConfigInvoker.invokeConfigurationMethod(ConfigInvoker.java:381)
	at org.testng.internal.invokers.ConfigInvoker.invokeConfigurations(ConfigInvoker.java:319)
	at org.testng.internal.invokers.TestInvoker.runConfigMethods(TestInvoker.java:803)
	at org.testng.internal.invokers.TestInvoker.invokeMethod(TestInvoker.java:589)
	at org.testng.internal.invokers.TestInvoker.invokeTestMethod(TestInvoker.java:220)
	at org.testng.internal.invokers.MethodRunner.runInSequence(MethodRunner.java:50)
	at org.testng.internal.invokers.TestInvoker$MethodInvocationAgent.invoke(TestInvoker.java:945)
	at org.testng.internal.invokers.TestInvoker.invokeTestMethods(TestInvoker.java:193)
	at org.testng.internal.invokers.TestMethodWorker.invokeTestMethods(TestMethodWorker.java:146)
	at org.testng.internal.invokers.TestMethodWorker.run(TestMethodWorker.java:128)
	at java.base/java.util.ArrayList.forEach(ArrayList.java:1597)
	at org.testng.TestRunner.privateRun(TestRunner.java:808)
	at org.testng.TestRunner.run(TestRunner.java:603)
	at org.testng.SuiteRunner.runTest(SuiteRunner.java:429)
	at org.testng.SuiteRunner.access$000(SuiteRunner.java:32)
	at org.testng.SuiteRunner$SuiteWorker.run(SuiteRunner.java:467)
	at org.testng.internal.thread.ThreadUtil.lambda$execute$0(ThreadUtil.java:58)
	at java.base/java.util.concurrent.FutureTask.run(FutureTask.java:317)
	at java.base/java.util.concurrent.ThreadPoolExecutor.runWorker(ThreadPoolExecutor.java:1144)
	at java.base/java.util.concurrent.ThreadPoolExecutor$Worker.run(ThreadPoolExecutor.java:642)
	at java.base/java.lang.Thread.run(Thread.java:1575)

02:40:40.760 [setUp@1] DEBUG c.b.utils.SeleniumMethodUtils - OPTIMAL HUB IS: hub-euw.browserstack.com
02:40:40.760 [setUp@1] DEBUG c.b.selenium.SeleniumHandler - afterDriverInit: requested
02:40:40.766 [setUp@1] DEBUG c.b.utils.SeleniumMethodUtils - getURLFromCommandExecutor: Getting Hub url from HttpCommandExecutor
02:40:40.766 [setUp@1] DEBUG c.b.utils.SeleniumMethodUtils - getURLFromCommandExecutor: Found url: https://hub-euw.browserstack.com/wd/hub
02:40:40.766 [setUp@1] DEBUG c.b.utils.SeleniumMethodUtils - getURLFromCommandExecutor: Getting Hub url from HttpCommandExecutor
02:40:40.766 [setUp@1] DEBUG c.b.utils.SeleniumMethodUtils - getURLFromCommandExecutor: Found url: https://hub-euw.browserstack.com/wd/hub
02:40:40.769 [setUp@1] DEBUG c.b.monitoring.PerformanceTester - Failed to append key metrics to file C:\Users\Mylaptop\Desktop\Project2plzzzz\logs\key-metrics.json
02:40:40.773 [Forwarding setTimeout on session 02f8c8fff9fabc8ad478ee4f04222520a965d254 to remote] DEBUG c.browserstack.utils.UtilityMethods - [Error]java.lang.IllegalAccessError: Update to non-static final field org.openqa.selenium.remote.HttpCommandExecutor.client attempted from a different method (execute) than the initializer method <init> 
	at org.openqa.selenium.remote.HttpCommandExecutor.execute(HttpCommandExecutor.java)
	at org.openqa.selenium.remote.RemoteWebDriver.execute(RemoteWebDriver.java:519)
	at org.openqa.selenium.remote.RemoteWebDriver$RemoteWebDriverOptions$RemoteTimeouts.implicitlyWait(RemoteWebDriver.java:934)
	at BaseTest.BrowserStackTest.setUp(BrowserStackTest.java:62)
	at java.base/jdk.internal.reflect.DirectMethodHandleAccessor.invoke(DirectMethodHandleAccessor.java:103)
	at java.base/java.lang.reflect.Method.invoke(Method.java:580)
	at org.testng.internal.invokers.MethodInvocationHelper.invokeMethod(MethodInvocationHelper.java:135)
	at org.testng.internal.invokers.MethodInvocationHelper.invokeMethodConsideringTimeout(MethodInvocationHelper.java:65)
	at org.testng.internal.invokers.ConfigInvoker.invokeConfigurationMethod(ConfigInvoker.java:381)
	at org.testng.internal.invokers.ConfigInvoker.invokeConfigurations(ConfigInvoker.java:319)
	at org.testng.internal.invokers.TestInvoker.runConfigMethods(TestInvoker.java:803)
	at org.testng.internal.invokers.TestInvoker.invokeMethod(TestInvoker.java:589)
	at org.testng.internal.invokers.TestInvoker.invokeTestMethod(TestInvoker.java:220)
	at org.testng.internal.invokers.MethodRunner.runInSequence(MethodRunner.java:50)
	at org.testng.internal.invokers.TestInvoker$MethodInvocationAgent.invoke(TestInvoker.java:945)
	at org.testng.internal.invokers.TestInvoker.invokeTestMethods(TestInvoker.java:193)
	at org.testng.internal.invokers.TestMethodWorker.invokeTestMethods(TestMethodWorker.java:146)
	at org.testng.internal.invokers.TestMethodWorker.run(TestMethodWorker.java:128)
	at java.base/java.util.ArrayList.forEach(ArrayList.java:1597)
	at org.testng.TestRunner.privateRun(TestRunner.java:808)
	at org.testng.TestRunner.run(TestRunner.java:603)
	at org.testng.SuiteRunner.runTest(SuiteRunner.java:429)
	at org.testng.SuiteRunner.access$000(SuiteRunner.java:32)
	at org.testng.SuiteRunner$SuiteWorker.run(SuiteRunner.java:467)
	at org.testng.internal.thread.ThreadUtil.lambda$execute$0(ThreadUtil.java:58)
	at java.base/java.util.concurrent.FutureTask.run(FutureTask.java:317)
	at java.base/java.util.concurrent.ThreadPoolExecutor.runWorker(ThreadPoolExecutor.java:1144)
	at java.base/java.util.concurrent.ThreadPoolExecutor$Worker.run(ThreadPoolExecutor.java:642)
	at java.base/java.lang.Thread.run(Thread.java:1575)

02:40:47.598 [logOutTest@0] DEBUG c.b.monitoring.PerformanceTester - Failed to append key metrics to file C:\Users\Mylaptop\Desktop\Project2plzzzz\logs\key-metrics.json
02:40:47.599 [logOutTest@0] DEBUG c.b.testNgListeners.TestNGUtils - [populateTestDataForBSTestOps] Event Type :: TestRunFinished, Test ClassName :: Saucedemo.LoginTestBrowserStack 
02:40:47.602 [logOutTest@0] DEBUG c.browserstack.utils.UtilityMethods - [findFileMatcher] Current Path is :: C:\Users\Mylaptop\Desktop\Project2plzzzz, TestClass :: Saucedemo\LoginTestBrowserStack
02:40:47.627 [logOutTest@0] DEBUG c.b.testNgListeners.TestNGUtils - [populateTestDataForBSTestOps] The filename fetched :: C:\Users\Mylaptop\Desktop\Project2plzzzz\src\test\java\Saucedemo\LoginTestBrowserStack.java, fileSeparator :: \, AbsolutePath :: C:\Users\Mylaptop\Desktop\Project2plzzzz\., Normalized Path :: C:\Users\Mylaptop\Desktop\Project2plzzzz, File.Separator :: \
02:40:47.627 [logOutTest@0] DEBUG c.b.testNgListeners.TestNGUtils - [populateTestDataForBSTestOps] Replaced File Name is :: Project2plzzzz\src\test\java\Saucedemo\LoginTestBrowserStack.java, Absolute Path :: C:\Users\Mylaptop\Desktop\Project2plzzzz\.., Normalized Path :: C:\Users\Mylaptop\Desktop 
02:40:47.630 [logOutTest@0] DEBUG c.b.utils.SeleniumMethodUtils - getURLFromCommandExecutor: Getting Hub url from HttpCommandExecutor
02:40:47.630 [logOutTest@0] DEBUG c.b.utils.SeleniumMethodUtils - getURLFromCommandExecutor: Found url: https://hub-euw.browserstack.com/wd/hub
02:40:47.630 [logOutTest@0] DEBUG c.b.utils.SeleniumMethodUtils - getURLFromCommandExecutor: Getting Hub url from HttpCommandExecutor
02:40:47.630 [logOutTest@0] DEBUG c.b.utils.SeleniumMethodUtils - getURLFromCommandExecutor: Found url: https://hub-euw.browserstack.com/wd/hub
02:40:47.637 [logOutTest@0] DEBUG c.b.monitoring.PerformanceTester - Failed to append key metrics to file C:\Users\Mylaptop\Desktop\Project2plzzzz\logs\key-metrics.json
02:40:47.723 [logOutTest@0] DEBUG c.b.monitoring.PerformanceTester - Failed to append key metrics to file C:\Users\Mylaptop\Desktop\Project2plzzzz\logs\key-metrics.json
02:40:47.724 [logOutTest@0] DEBUG c.b.monitoring.PerformanceTester - Failed to append key metrics to file C:\Users\Mylaptop\Desktop\Project2plzzzz\logs\key-metrics.json
02:40:47.999 [tearDown@0] DEBUG c.b.monitoring.PerformanceTester - Failed to append key metrics to file C:\Users\Mylaptop\Desktop\Project2plzzzz\logs\key-metrics.json
02:40:48.322 [tearDown@0] DEBUG c.b.monitoring.PerformanceTester - Failed to append key metrics to file C:\Users\Mylaptop\Desktop\Project2plzzzz\logs\key-metrics.json
02:40:48.404 [tearDown@0] DEBUG c.b.monitoring.PerformanceTester - Failed to append key metrics to file C:\Users\Mylaptop\Desktop\Project2plzzzz\logs\key-metrics.json
02:40:48.405 [tearDown@0] DEBUG c.b.monitoring.PerformanceTester - Failed to append key metrics to file C:\Users\Mylaptop\Desktop\Project2plzzzz\logs\key-metrics.json
02:40:48.405 [tearDown@0] DEBUG c.b.monitoring.PerformanceTester - Failed to append key metrics to file C:\Users\Mylaptop\Desktop\Project2plzzzz\logs\key-metrics.json
02:40:49.310 [tearDown@0] DEBUG c.b.utils.FrameworkDetectionUtils - Couldn't find dependency class: appium
02:40:49.310 [tearDown@0] DEBUG com.browserstack.testOps.UsageStats - getFormattedData: Collecting data for TestObservability
02:40:49.351 [tearDown@0] DEBUG c.b.utils.FunnelInstrumentation - Sending funnel data for SDKTestSuccessful with data: {"event_type":"SDKTestSuccessful","accessKey":"PQ6wNsygb77eCxSVxbcZ","userName":"floraayvazyan_72kWsC","event_properties":{"isPercyAutoEnabled":false,"language":"java","sdkRunId":"9169e1f8-c4c2-4fa6-a255-69f260065a14","buildIdentifier":"#15","testhub_uuid":"9l8cayjzejelbas9qconayx8olutodzekaozxkx6","detectedAppiumVersion":"null","productMap":{"app_automate":false,"accessibility":false,"automate":true,"percy":false,"observability":false,"turboscale":false},"hostname":"DESKTOP-7TGF0Q2","measures":{"sdk:driver:quit":61.08,"sdk:testhub":604.1356000006199,"sdk:automate:session-name":308.22,"sdk:driver:post-initialization":22.59,"sdk:hook":10.61,"sdk:automate:idle-timeout":3.81,"sdk:automate:hub-management":4708.932500001043,"sdk:driver:pre-initialization":4.61,"sdk:automate:session-status":232.53,"sdk:setup":15792.717800002545,"sdk:pre-test":4.756400000303984,"sdk:o11y:sync":69.95,"sdk:automate:session-annotation":102.41},"productUsage":{"testObservability":{"buildHashedId":"9l8cayjzejelbas9qconayx8olutodzekaozxkx6","manuallySet":false,"enabled":false}},"browserStackConfig":{"browserstackLocal":true,"percy":false,"logLevel":"info","staticWebDriver":true,"autoDetectFramework":true,"percyCaptureMode":"MANUAL","browserStackLocalOptions":{"localIdentifier":"11_Jan_239_DESKTOP_7TGF0Q2_wWUK","key":"****"},"percyOptions":null,"testContextOptions":{"skipSessionName":false,"serenityOverridePlugin":false,"skipSessionStatus":false},"platforms":[{"os":"Windows","browser":"Chrome","device":null,"capabilities":{},"osVersion":"11","browserVersion":"latest","platformCaps":{"os":"Windows","osVersion":11,"browserVersion":"latest","browserName":"Chrome"},"platformString":"Windows, 11, Chrome, latest","customVariables":"****"},{"os":"Windows","browser":"Edge","device":null,"capabilities":{},"osVersion":"11","browserVersion":"131.0","platformCaps":{"os":"Windows","osVersion":11,"browserVersion":131.0,"browserName":"Edge"},"platformString":"Windows, 11, Edge, 131.0","customVariables":"****"}],"parallelsPerPlatform":1,"framework":"selenide-testng","accessibility":false,"accessibilityOptions":{},"turboScaleOptions":{},"disableAutoCaptureLogs":true,"testObservability":true,"browserstackAutomation":true,"turboScale":false,"testObservabilityOptions":{},"gradleMConfig":null,"proxySettings":null},"percyBuildId":null,"product":"[automate]","buildName":"browserstack-build-1","os":"Windows 11","languageVersion":"23.0.1","appiumVersion":"","frameworkDetectionInstrumentation":{"parseLoadClass":6,"ret-org.openqa.selenium.remote.RemoteWebDriver":982,"retransformClasses":982,"parseDependencies":45},"userFramework":"selenide-testng","detectedDependencies":"selenide, testng","referrer":"selenide-testng-javaagent\/1.29.3","locationTrigger":"onFinish","accessibilityConfiguration":{"pollingTimeout":30},"language_framework":"java_selenide-testng","detectedFramework":"selenide-testng","testOrchestration":{"abortBuildOnFailure":{"enabled":false},"retryTestsOnFailure":{"enabled":false},"userConfig":{}},"detectedSeleniumVersion":"4.18.1","seleniumVersion":"4.18.1"}}
02:40:49.755 [tearDown@0] DEBUG c.b.utils.FunnelInstrumentation - API Event SDKTestSuccessful, response: {"message":"SDK Event recorded successfully"}
02:40:49.755 [tearDown@0] DEBUG c.b.monitoring.PerformanceTester - Failed to append key metrics to file C:\Users\Mylaptop\Desktop\Project2plzzzz\logs\key-metrics.json
02:40:49.755 [tearDown@0] DEBUG c.browserstack.utils.LogReportingAPI - sendSync failed - driver not alive
02:40:49.756 [tearDown@0] DEBUG c.b.monitoring.PerformanceTester - Failed to append key metrics to file C:\Users\Mylaptop\Desktop\Project2plzzzz\logs\key-metrics.json
02:40:49.756 [tearDown@0] DEBUG c.b.monitoring.PerformanceTester - Failed to append key metrics to file C:\Users\Mylaptop\Desktop\Project2plzzzz\logs\key-metrics.json
02:40:49.756 [tearDown@0] DEBUG c.b.monitoring.PerformanceTester - Failed to append key metrics to file C:\Users\Mylaptop\Desktop\Project2plzzzz\logs\key-metrics.json
02:40:49.801 [setUp@0] DEBUG c.browserstack.utils.UtilityMethods - [Patch]: SDK enabled, patching remote server
02:40:49.801 [setUp@0] DEBUG c.b.selenium.SeleniumHandler - beforeDriverInit: SDK enabled. Thread ID: 58
02:40:49.801 [setUp@0] DEBUG c.b.selenium.SeleniumHandler - Quitting webdriver: com.browserstack.config.TestNgCurrentRemoteWebdriver@746576dd
02:40:49.802 [setUp@0] DEBUG c.b.monitoring.PerformanceTester - Failed to append key metrics to file C:\Users\Mylaptop\Desktop\Project2plzzzz\logs\key-metrics.json
02:40:49.802 [setUp@0] DEBUG c.browserstack.utils.LogReportingAPI - sendSync failed - driver not alive
02:40:49.803 [setUp@0] DEBUG c.b.monitoring.PerformanceTester - Failed to append key metrics to file C:\Users\Mylaptop\Desktop\Project2plzzzz\logs\key-metrics.json
02:40:49.803 [setUp@0] DEBUG c.b.monitoring.PerformanceTester - Failed to append key metrics to file C:\Users\Mylaptop\Desktop\Project2plzzzz\logs\key-metrics.json
02:40:49.803 [setUp@0] DEBUG c.b.monitoring.PerformanceTester - Failed to append key metrics to file C:\Users\Mylaptop\Desktop\Project2plzzzz\logs\key-metrics.json
02:40:49.804 [setUp@0] DEBUG c.b.monitoring.PerformanceTester - Failed to append key metrics to file C:\Users\Mylaptop\Desktop\Project2plzzzz\logs\key-metrics.json
02:40:49.805 [setUp@0] DEBUG c.browserstack.utils.UtilityMethods - [Patch]: SDK enabled, patching remote server
02:40:52.877 [bannedUserLoginTest@1] DEBUG c.b.monitoring.PerformanceTester - Failed to append key metrics to file C:\Users\Mylaptop\Desktop\Project2plzzzz\logs\key-metrics.json
02:40:52.877 [bannedUserLoginTest@1] DEBUG c.b.testNgListeners.TestNGUtils - [populateTestDataForBSTestOps] Event Type :: TestRunFinished, Test ClassName :: Saucedemo.LoginTestBrowserStack 
02:40:52.877 [bannedUserLoginTest@1] DEBUG c.browserstack.utils.UtilityMethods - [findFileMatcher] Current Path is :: C:\Users\Mylaptop\Desktop\Project2plzzzz, TestClass :: Saucedemo\LoginTestBrowserStack
02:40:52.938 [bannedUserLoginTest@1] DEBUG c.b.testNgListeners.TestNGUtils - [populateTestDataForBSTestOps] The filename fetched :: C:\Users\Mylaptop\Desktop\Project2plzzzz\src\test\java\Saucedemo\LoginTestBrowserStack.java, fileSeparator :: \, AbsolutePath :: C:\Users\Mylaptop\Desktop\Project2plzzzz\., Normalized Path :: C:\Users\Mylaptop\Desktop\Project2plzzzz, File.Separator :: \
02:40:52.938 [bannedUserLoginTest@1] DEBUG c.b.testNgListeners.TestNGUtils - [populateTestDataForBSTestOps] Replaced File Name is :: Project2plzzzz\src\test\java\Saucedemo\LoginTestBrowserStack.java, Absolute Path :: C:\Users\Mylaptop\Desktop\Project2plzzzz\.., Normalized Path :: C:\Users\Mylaptop\Desktop 
02:40:52.942 [bannedUserLoginTest@1] DEBUG c.b.utils.SeleniumMethodUtils - getURLFromCommandExecutor: Getting Hub url from HttpCommandExecutor
02:40:52.942 [bannedUserLoginTest@1] DEBUG c.b.utils.SeleniumMethodUtils - getURLFromCommandExecutor: Found url: https://hub-euw.browserstack.com/wd/hub
02:40:52.942 [bannedUserLoginTest@1] DEBUG c.b.utils.SeleniumMethodUtils - getURLFromCommandExecutor: Getting Hub url from HttpCommandExecutor
02:40:52.942 [bannedUserLoginTest@1] DEBUG c.b.utils.SeleniumMethodUtils - getURLFromCommandExecutor: Found url: https://hub-euw.browserstack.com/wd/hub
02:40:52.954 [bannedUserLoginTest@1] DEBUG c.b.monitoring.PerformanceTester - Failed to append key metrics to file C:\Users\Mylaptop\Desktop\Project2plzzzz\logs\key-metrics.json
02:40:53.126 [bannedUserLoginTest@1] DEBUG c.b.monitoring.PerformanceTester - Failed to append key metrics to file C:\Users\Mylaptop\Desktop\Project2plzzzz\logs\key-metrics.json
02:40:53.126 [bannedUserLoginTest@1] DEBUG c.b.monitoring.PerformanceTester - Failed to append key metrics to file C:\Users\Mylaptop\Desktop\Project2plzzzz\logs\key-metrics.json
02:40:53.456 [tearDown@1] DEBUG c.b.monitoring.PerformanceTester - Failed to append key metrics to file C:\Users\Mylaptop\Desktop\Project2plzzzz\logs\key-metrics.json
02:40:53.757 [tearDown@1] DEBUG c.b.monitoring.PerformanceTester - Failed to append key metrics to file C:\Users\Mylaptop\Desktop\Project2plzzzz\logs\key-metrics.json
02:40:53.844 [tearDown@1] DEBUG c.b.monitoring.PerformanceTester - Failed to append key metrics to file C:\Users\Mylaptop\Desktop\Project2plzzzz\logs\key-metrics.json
02:40:53.847 [tearDown@1] DEBUG c.b.monitoring.PerformanceTester - Failed to append key metrics to file C:\Users\Mylaptop\Desktop\Project2plzzzz\logs\key-metrics.json
02:40:53.849 [tearDown@1] DEBUG c.b.monitoring.PerformanceTester - Failed to append key metrics to file C:\Users\Mylaptop\Desktop\Project2plzzzz\logs\key-metrics.json
02:40:54.873 [setUp@1] DEBUG c.browserstack.utils.UtilityMethods - [Patch]: SDK enabled, patching remote server
02:40:54.873 [setUp@1] DEBUG c.b.selenium.SeleniumHandler - beforeDriverInit: SDK enabled. Thread ID: 59
02:40:54.873 [setUp@1] DEBUG c.b.selenium.SeleniumHandler - Quitting webdriver: com.browserstack.config.TestNgCurrentRemoteWebdriver@18ce4df7
02:40:54.873 [setUp@1] DEBUG c.b.monitoring.PerformanceTester - Failed to append key metrics to file C:\Users\Mylaptop\Desktop\Project2plzzzz\logs\key-metrics.json
02:40:54.873 [setUp@1] DEBUG c.browserstack.utils.LogReportingAPI - sendSync failed - driver not alive
02:40:54.880 [setUp@1] DEBUG c.b.monitoring.PerformanceTester - Failed to append key metrics to file C:\Users\Mylaptop\Desktop\Project2plzzzz\logs\key-metrics.json
02:40:54.880 [setUp@1] DEBUG c.b.monitoring.PerformanceTester - Failed to append key metrics to file C:\Users\Mylaptop\Desktop\Project2plzzzz\logs\key-metrics.json
02:40:54.880 [setUp@1] DEBUG c.b.monitoring.PerformanceTester - Failed to append key metrics to file C:\Users\Mylaptop\Desktop\Project2plzzzz\logs\key-metrics.json
02:40:54.880 [setUp@1] DEBUG c.b.monitoring.PerformanceTester - Failed to append key metrics to file C:\Users\Mylaptop\Desktop\Project2plzzzz\logs\key-metrics.json
02:40:54.880 [setUp@1] DEBUG c.browserstack.utils.UtilityMethods - [Patch]: SDK enabled, patching remote server
02:40:57.609 [setUp@0] DEBUG c.b.utils.SeleniumMethodUtils - OPTIMAL HUB IS: hub-euw.browserstack.com
02:40:57.609 [setUp@0] DEBUG c.b.selenium.SeleniumHandler - afterDriverInit: requested
02:40:57.618 [setUp@0] DEBUG c.b.utils.SeleniumMethodUtils - getURLFromCommandExecutor: Getting Hub url from HttpCommandExecutor
02:40:57.618 [setUp@0] DEBUG c.b.utils.SeleniumMethodUtils - getURLFromCommandExecutor: Found url: https://hub-euw.browserstack.com/wd/hub
02:40:57.618 [setUp@0] DEBUG c.b.utils.SeleniumMethodUtils - getURLFromCommandExecutor: Getting Hub url from HttpCommandExecutor
02:40:57.618 [setUp@0] DEBUG c.b.utils.SeleniumMethodUtils - getURLFromCommandExecutor: Found url: https://hub-euw.browserstack.com/wd/hub
02:40:57.625 [setUp@0] DEBUG c.b.monitoring.PerformanceTester - Failed to append key metrics to file C:\Users\Mylaptop\Desktop\Project2plzzzz\logs\key-metrics.json
02:40:57.625 [Forwarding setTimeout on session 14ce4308d485e52fd297e59ac75867cb53c0416d to remote] DEBUG c.browserstack.utils.UtilityMethods - [Error]java.lang.IllegalAccessError: Update to non-static final field org.openqa.selenium.remote.HttpCommandExecutor.client attempted from a different method (execute) than the initializer method <init> 
	at org.openqa.selenium.remote.HttpCommandExecutor.execute(HttpCommandExecutor.java)
	at org.openqa.selenium.remote.RemoteWebDriver.execute(RemoteWebDriver.java:519)
	at org.openqa.selenium.remote.RemoteWebDriver$RemoteWebDriverOptions$RemoteTimeouts.implicitlyWait(RemoteWebDriver.java:934)
	at BaseTest.BrowserStackTest.setUp(BrowserStackTest.java:62)
	at java.base/jdk.internal.reflect.DirectMethodHandleAccessor.invoke(DirectMethodHandleAccessor.java:103)
	at java.base/java.lang.reflect.Method.invoke(Method.java:580)
	at org.testng.internal.invokers.MethodInvocationHelper.invokeMethod(MethodInvocationHelper.java:135)
	at org.testng.internal.invokers.MethodInvocationHelper.invokeMethodConsideringTimeout(MethodInvocationHelper.java:65)
	at org.testng.internal.invokers.ConfigInvoker.invokeConfigurationMethod(ConfigInvoker.java:381)
	at org.testng.internal.invokers.ConfigInvoker.invokeConfigurations(ConfigInvoker.java:319)
	at org.testng.internal.invokers.TestInvoker.runConfigMethods(TestInvoker.java:803)
	at org.testng.internal.invokers.TestInvoker.invokeMethod(TestInvoker.java:589)
	at org.testng.internal.invokers.TestInvoker.invokeTestMethod(TestInvoker.java:220)
	at org.testng.internal.invokers.MethodRunner.runInSequence(MethodRunner.java:50)
	at org.testng.internal.invokers.TestInvoker$MethodInvocationAgent.invoke(TestInvoker.java:945)
	at org.testng.internal.invokers.TestInvoker.invokeTestMethods(TestInvoker.java:193)
	at org.testng.internal.invokers.TestMethodWorker.invokeTestMethods(TestMethodWorker.java:146)
	at org.testng.internal.invokers.TestMethodWorker.run(TestMethodWorker.java:128)
	at java.base/java.util.ArrayList.forEach(ArrayList.java:1597)
	at org.testng.TestRunner.privateRun(TestRunner.java:808)
	at org.testng.TestRunner.run(TestRunner.java:603)
	at org.testng.SuiteRunner.runTest(SuiteRunner.java:429)
	at org.testng.SuiteRunner.access$000(SuiteRunner.java:32)
	at org.testng.SuiteRunner$SuiteWorker.run(SuiteRunner.java:467)
	at org.testng.internal.thread.ThreadUtil.lambda$execute$0(ThreadUtil.java:58)
	at java.base/java.util.concurrent.FutureTask.run(FutureTask.java:317)
	at java.base/java.util.concurrent.ThreadPoolExecutor.runWorker(ThreadPoolExecutor.java:1144)
	at java.base/java.util.concurrent.ThreadPoolExecutor$Worker.run(ThreadPoolExecutor.java:642)
	at java.base/java.lang.Thread.run(Thread.java:1575)

02:41:07.298 [setUp@1] DEBUG c.b.utils.SeleniumMethodUtils - OPTIMAL HUB IS: hub-euw.browserstack.com
02:41:07.298 [setUp@1] DEBUG c.b.selenium.SeleniumHandler - afterDriverInit: requested
02:41:07.306 [setUp@1] DEBUG c.b.utils.SeleniumMethodUtils - getURLFromCommandExecutor: Getting Hub url from HttpCommandExecutor
02:41:07.308 [setUp@1] DEBUG c.b.utils.SeleniumMethodUtils - getURLFromCommandExecutor: Found url: https://hub-euw.browserstack.com/wd/hub
02:41:07.308 [setUp@1] DEBUG c.b.utils.SeleniumMethodUtils - getURLFromCommandExecutor: Getting Hub url from HttpCommandExecutor
02:41:07.308 [setUp@1] DEBUG c.b.utils.SeleniumMethodUtils - getURLFromCommandExecutor: Found url: https://hub-euw.browserstack.com/wd/hub
02:41:07.308 [setUp@1] DEBUG c.b.monitoring.PerformanceTester - Failed to append key metrics to file C:\Users\Mylaptop\Desktop\Project2plzzzz\logs\key-metrics.json
02:41:07.313 [Forwarding setTimeout on session dea99d1ea1420255f486483e52e49dca0c44381e to remote] DEBUG c.browserstack.utils.UtilityMethods - [Error]java.lang.IllegalAccessError: Update to non-static final field org.openqa.selenium.remote.HttpCommandExecutor.client attempted from a different method (execute) than the initializer method <init> 
	at org.openqa.selenium.remote.HttpCommandExecutor.execute(HttpCommandExecutor.java)
	at org.openqa.selenium.remote.RemoteWebDriver.execute(RemoteWebDriver.java:519)
	at org.openqa.selenium.remote.RemoteWebDriver$RemoteWebDriverOptions$RemoteTimeouts.implicitlyWait(RemoteWebDriver.java:934)
	at BaseTest.BrowserStackTest.setUp(BrowserStackTest.java:62)
	at java.base/jdk.internal.reflect.DirectMethodHandleAccessor.invoke(DirectMethodHandleAccessor.java:103)
	at java.base/java.lang.reflect.Method.invoke(Method.java:580)
	at org.testng.internal.invokers.MethodInvocationHelper.invokeMethod(MethodInvocationHelper.java:135)
	at org.testng.internal.invokers.MethodInvocationHelper.invokeMethodConsideringTimeout(MethodInvocationHelper.java:65)
	at org.testng.internal.invokers.ConfigInvoker.invokeConfigurationMethod(ConfigInvoker.java:381)
	at org.testng.internal.invokers.ConfigInvoker.invokeConfigurations(ConfigInvoker.java:319)
	at org.testng.internal.invokers.TestInvoker.runConfigMethods(TestInvoker.java:803)
	at org.testng.internal.invokers.TestInvoker.invokeMethod(TestInvoker.java:589)
	at org.testng.internal.invokers.TestInvoker.invokeTestMethod(TestInvoker.java:220)
	at org.testng.internal.invokers.MethodRunner.runInSequence(MethodRunner.java:50)
	at org.testng.internal.invokers.TestInvoker$MethodInvocationAgent.invoke(TestInvoker.java:945)
	at org.testng.internal.invokers.TestInvoker.invokeTestMethods(TestInvoker.java:193)
	at org.testng.internal.invokers.TestMethodWorker.invokeTestMethods(TestMethodWorker.java:146)
	at org.testng.internal.invokers.TestMethodWorker.run(TestMethodWorker.java:128)
	at java.base/java.util.ArrayList.forEach(ArrayList.java:1597)
	at org.testng.TestRunner.privateRun(TestRunner.java:808)
	at org.testng.TestRunner.run(TestRunner.java:603)
	at org.testng.SuiteRunner.runTest(SuiteRunner.java:429)
	at org.testng.SuiteRunner.access$000(SuiteRunner.java:32)
	at org.testng.SuiteRunner$SuiteWorker.run(SuiteRunner.java:467)
	at org.testng.internal.thread.ThreadUtil.lambda$execute$0(ThreadUtil.java:58)
	at java.base/java.util.concurrent.FutureTask.run(FutureTask.java:317)
	at java.base/java.util.concurrent.ThreadPoolExecutor.runWorker(ThreadPoolExecutor.java:1144)
	at java.base/java.util.concurrent.ThreadPoolExecutor$Worker.run(ThreadPoolExecutor.java:642)
	at java.base/java.lang.Thread.run(Thread.java:1575)

02:41:07.367 [successfulLoginTest@0] DEBUG c.b.monitoring.PerformanceTester - Failed to append key metrics to file C:\Users\Mylaptop\Desktop\Project2plzzzz\logs\key-metrics.json
02:41:07.367 [successfulLoginTest@0] DEBUG c.b.testNgListeners.TestNGUtils - [populateTestDataForBSTestOps] Event Type :: TestRunFinished, Test ClassName :: Saucedemo.LoginTestBrowserStack 
02:41:07.367 [successfulLoginTest@0] DEBUG c.browserstack.utils.UtilityMethods - [findFileMatcher] Current Path is :: C:\Users\Mylaptop\Desktop\Project2plzzzz, TestClass :: Saucedemo\LoginTestBrowserStack
02:41:07.441 [successfulLoginTest@0] DEBUG c.b.testNgListeners.TestNGUtils - [populateTestDataForBSTestOps] The filename fetched :: C:\Users\Mylaptop\Desktop\Project2plzzzz\src\test\java\Saucedemo\LoginTestBrowserStack.java, fileSeparator :: \, AbsolutePath :: C:\Users\Mylaptop\Desktop\Project2plzzzz\., Normalized Path :: C:\Users\Mylaptop\Desktop\Project2plzzzz, File.Separator :: \
02:41:07.441 [successfulLoginTest@0] DEBUG c.b.testNgListeners.TestNGUtils - [populateTestDataForBSTestOps] Replaced File Name is :: Project2plzzzz\src\test\java\Saucedemo\LoginTestBrowserStack.java, Absolute Path :: C:\Users\Mylaptop\Desktop\Project2plzzzz\.., Normalized Path :: C:\Users\Mylaptop\Desktop 
02:41:07.451 [successfulLoginTest@0] DEBUG c.b.utils.SeleniumMethodUtils - getURLFromCommandExecutor: Getting Hub url from HttpCommandExecutor
02:41:07.451 [successfulLoginTest@0] DEBUG c.b.utils.SeleniumMethodUtils - getURLFromCommandExecutor: Found url: https://hub-euw.browserstack.com/wd/hub
02:41:07.451 [successfulLoginTest@0] DEBUG c.b.utils.SeleniumMethodUtils - getURLFromCommandExecutor: Getting Hub url from HttpCommandExecutor
02:41:07.451 [successfulLoginTest@0] DEBUG c.b.utils.SeleniumMethodUtils - getURLFromCommandExecutor: Found url: https://hub-euw.browserstack.com/wd/hub
02:41:07.476 [successfulLoginTest@0] DEBUG c.b.monitoring.PerformanceTester - Failed to append key metrics to file C:\Users\Mylaptop\Desktop\Project2plzzzz\logs\key-metrics.json
02:41:07.564 [successfulLoginTest@0] DEBUG c.b.monitoring.PerformanceTester - Failed to append key metrics to file C:\Users\Mylaptop\Desktop\Project2plzzzz\logs\key-metrics.json
02:41:07.566 [successfulLoginTest@0] DEBUG c.b.monitoring.PerformanceTester - Failed to append key metrics to file C:\Users\Mylaptop\Desktop\Project2plzzzz\logs\key-metrics.json
02:41:07.901 [tearDown@0] DEBUG c.b.monitoring.PerformanceTester - Failed to append key metrics to file C:\Users\Mylaptop\Desktop\Project2plzzzz\logs\key-metrics.json
02:41:08.184 [tearDown@0] DEBUG c.b.monitoring.PerformanceTester - Failed to append key metrics to file C:\Users\Mylaptop\Desktop\Project2plzzzz\logs\key-metrics.json
02:41:08.273 [tearDown@0] DEBUG c.b.monitoring.PerformanceTester - Failed to append key metrics to file C:\Users\Mylaptop\Desktop\Project2plzzzz\logs\key-metrics.json
02:41:08.274 [tearDown@0] DEBUG c.b.monitoring.PerformanceTester - Failed to append key metrics to file C:\Users\Mylaptop\Desktop\Project2plzzzz\logs\key-metrics.json
02:41:08.275 [tearDown@0] DEBUG c.b.monitoring.PerformanceTester - Failed to append key metrics to file C:\Users\Mylaptop\Desktop\Project2plzzzz\logs\key-metrics.json
02:41:09.392 [setUp@0] DEBUG c.browserstack.utils.UtilityMethods - [Patch]: SDK enabled, patching remote server
02:41:09.392 [setUp@0] DEBUG c.b.selenium.SeleniumHandler - beforeDriverInit: SDK enabled. Thread ID: 58
02:41:09.392 [setUp@0] DEBUG c.b.selenium.SeleniumHandler - Quitting webdriver: com.browserstack.config.TestNgCurrentRemoteWebdriver@34405b32
02:41:09.392 [setUp@0] DEBUG c.b.monitoring.PerformanceTester - Failed to append key metrics to file C:\Users\Mylaptop\Desktop\Project2plzzzz\logs\key-metrics.json
02:41:09.392 [setUp@0] DEBUG c.browserstack.utils.LogReportingAPI - sendSync failed - driver not alive
02:41:09.392 [setUp@0] DEBUG c.b.monitoring.PerformanceTester - Failed to append key metrics to file C:\Users\Mylaptop\Desktop\Project2plzzzz\logs\key-metrics.json
02:41:09.392 [setUp@0] DEBUG c.b.monitoring.PerformanceTester - Failed to append key metrics to file C:\Users\Mylaptop\Desktop\Project2plzzzz\logs\key-metrics.json
02:41:09.392 [setUp@0] DEBUG c.b.monitoring.PerformanceTester - Failed to append key metrics to file C:\Users\Mylaptop\Desktop\Project2plzzzz\logs\key-metrics.json
02:41:09.403 [setUp@0] DEBUG c.b.monitoring.PerformanceTester - Failed to append key metrics to file C:\Users\Mylaptop\Desktop\Project2plzzzz\logs\key-metrics.json
02:41:09.409 [setUp@0] DEBUG c.browserstack.utils.UtilityMethods - [Patch]: SDK enabled, patching remote server
02:41:16.479 [setUp@0] DEBUG c.b.utils.SeleniumMethodUtils - OPTIMAL HUB IS: hub-euw.browserstack.com
02:41:16.479 [setUp@0] DEBUG c.b.selenium.SeleniumHandler - afterDriverInit: requested
02:41:16.483 [setUp@0] DEBUG c.b.utils.SeleniumMethodUtils - getURLFromCommandExecutor: Getting Hub url from HttpCommandExecutor
02:41:16.483 [setUp@0] DEBUG c.b.utils.SeleniumMethodUtils - getURLFromCommandExecutor: Found url: https://hub-euw.browserstack.com/wd/hub
02:41:16.485 [setUp@0] DEBUG c.b.utils.SeleniumMethodUtils - getURLFromCommandExecutor: Getting Hub url from HttpCommandExecutor
02:41:16.486 [setUp@0] DEBUG c.b.utils.SeleniumMethodUtils - getURLFromCommandExecutor: Found url: https://hub-euw.browserstack.com/wd/hub
02:41:16.489 [setUp@0] DEBUG c.b.monitoring.PerformanceTester - Failed to append key metrics to file C:\Users\Mylaptop\Desktop\Project2plzzzz\logs\key-metrics.json
02:41:16.491 [Forwarding setTimeout on session 4e9c59ad14c0c2a3e8bf5b0f7e3ec60a49294457 to remote] DEBUG c.browserstack.utils.UtilityMethods - [Error]java.lang.IllegalAccessError: Update to non-static final field org.openqa.selenium.remote.HttpCommandExecutor.client attempted from a different method (execute) than the initializer method <init> 
	at org.openqa.selenium.remote.HttpCommandExecutor.execute(HttpCommandExecutor.java)
	at org.openqa.selenium.remote.RemoteWebDriver.execute(RemoteWebDriver.java:519)
	at org.openqa.selenium.remote.RemoteWebDriver$RemoteWebDriverOptions$RemoteTimeouts.implicitlyWait(RemoteWebDriver.java:934)
	at BaseTest.BrowserStackTest.setUp(BrowserStackTest.java:62)
	at java.base/jdk.internal.reflect.DirectMethodHandleAccessor.invoke(DirectMethodHandleAccessor.java:103)
	at java.base/java.lang.reflect.Method.invoke(Method.java:580)
	at org.testng.internal.invokers.MethodInvocationHelper.invokeMethod(MethodInvocationHelper.java:135)
	at org.testng.internal.invokers.MethodInvocationHelper.invokeMethodConsideringTimeout(MethodInvocationHelper.java:65)
	at org.testng.internal.invokers.ConfigInvoker.invokeConfigurationMethod(ConfigInvoker.java:381)
	at org.testng.internal.invokers.ConfigInvoker.invokeConfigurations(ConfigInvoker.java:319)
	at org.testng.internal.invokers.TestInvoker.runConfigMethods(TestInvoker.java:803)
	at org.testng.internal.invokers.TestInvoker.invokeMethod(TestInvoker.java:589)
	at org.testng.internal.invokers.TestInvoker.invokeTestMethod(TestInvoker.java:220)
	at org.testng.internal.invokers.MethodRunner.runInSequence(MethodRunner.java:50)
	at org.testng.internal.invokers.TestInvoker$MethodInvocationAgent.invoke(TestInvoker.java:945)
	at org.testng.internal.invokers.TestInvoker.invokeTestMethods(TestInvoker.java:193)
	at org.testng.internal.invokers.TestMethodWorker.invokeTestMethods(TestMethodWorker.java:146)
	at org.testng.internal.invokers.TestMethodWorker.run(TestMethodWorker.java:128)
	at java.base/java.util.ArrayList.forEach(ArrayList.java:1597)
	at org.testng.TestRunner.privateRun(TestRunner.java:808)
	at org.testng.TestRunner.run(TestRunner.java:603)
	at org.testng.SuiteRunner.runTest(SuiteRunner.java:429)
	at org.testng.SuiteRunner.access$000(SuiteRunner.java:32)
	at org.testng.SuiteRunner$SuiteWorker.run(SuiteRunner.java:467)
	at org.testng.internal.thread.ThreadUtil.lambda$execute$0(ThreadUtil.java:58)
	at java.base/java.util.concurrent.FutureTask.run(FutureTask.java:317)
	at java.base/java.util.concurrent.ThreadPoolExecutor.runWorker(ThreadPoolExecutor.java:1144)
	at java.base/java.util.concurrent.ThreadPoolExecutor$Worker.run(ThreadPoolExecutor.java:642)
	at java.base/java.lang.Thread.run(Thread.java:1575)

02:41:19.625 [logOutTest@1] DEBUG c.b.monitoring.PerformanceTester - Failed to append key metrics to file C:\Users\Mylaptop\Desktop\Project2plzzzz\logs\key-metrics.json
02:41:19.625 [logOutTest@1] DEBUG c.b.testNgListeners.TestNGUtils - [populateTestDataForBSTestOps] Event Type :: TestRunFinished, Test ClassName :: Saucedemo.LoginTestBrowserStack 
02:41:19.626 [logOutTest@1] DEBUG c.browserstack.utils.UtilityMethods - [findFileMatcher] Current Path is :: C:\Users\Mylaptop\Desktop\Project2plzzzz, TestClass :: Saucedemo\LoginTestBrowserStack
02:41:19.658 [logOutTest@1] DEBUG c.b.testNgListeners.TestNGUtils - [populateTestDataForBSTestOps] The filename fetched :: C:\Users\Mylaptop\Desktop\Project2plzzzz\src\test\java\Saucedemo\LoginTestBrowserStack.java, fileSeparator :: \, AbsolutePath :: C:\Users\Mylaptop\Desktop\Project2plzzzz\., Normalized Path :: C:\Users\Mylaptop\Desktop\Project2plzzzz, File.Separator :: \
02:41:19.658 [logOutTest@1] DEBUG c.b.testNgListeners.TestNGUtils - [populateTestDataForBSTestOps] Replaced File Name is :: Project2plzzzz\src\test\java\Saucedemo\LoginTestBrowserStack.java, Absolute Path :: C:\Users\Mylaptop\Desktop\Project2plzzzz\.., Normalized Path :: C:\Users\Mylaptop\Desktop 
02:41:19.664 [logOutTest@1] DEBUG c.b.utils.SeleniumMethodUtils - getURLFromCommandExecutor: Getting Hub url from HttpCommandExecutor
02:41:19.665 [logOutTest@1] DEBUG c.b.utils.SeleniumMethodUtils - getURLFromCommandExecutor: Found url: https://hub-euw.browserstack.com/wd/hub
02:41:19.665 [logOutTest@1] DEBUG c.b.utils.SeleniumMethodUtils - getURLFromCommandExecutor: Getting Hub url from HttpCommandExecutor
02:41:19.665 [logOutTest@1] DEBUG c.b.utils.SeleniumMethodUtils - getURLFromCommandExecutor: Found url: https://hub-euw.browserstack.com/wd/hub
02:41:19.673 [logOutTest@1] DEBUG c.b.monitoring.PerformanceTester - Failed to append key metrics to file C:\Users\Mylaptop\Desktop\Project2plzzzz\logs\key-metrics.json
02:41:19.758 [logOutTest@1] DEBUG c.b.monitoring.PerformanceTester - Failed to append key metrics to file C:\Users\Mylaptop\Desktop\Project2plzzzz\logs\key-metrics.json
02:41:19.759 [logOutTest@1] DEBUG c.b.monitoring.PerformanceTester - Failed to append key metrics to file C:\Users\Mylaptop\Desktop\Project2plzzzz\logs\key-metrics.json
02:41:20.045 [tearDown@1] DEBUG c.b.monitoring.PerformanceTester - Failed to append key metrics to file C:\Users\Mylaptop\Desktop\Project2plzzzz\logs\key-metrics.json
02:41:20.682 [tearDown@1] DEBUG c.b.monitoring.PerformanceTester - Failed to append key metrics to file C:\Users\Mylaptop\Desktop\Project2plzzzz\logs\key-metrics.json
02:41:20.769 [tearDown@1] DEBUG c.b.monitoring.PerformanceTester - Failed to append key metrics to file C:\Users\Mylaptop\Desktop\Project2plzzzz\logs\key-metrics.json
02:41:20.769 [tearDown@1] DEBUG c.b.monitoring.PerformanceTester - Failed to append key metrics to file C:\Users\Mylaptop\Desktop\Project2plzzzz\logs\key-metrics.json
02:41:20.770 [tearDown@1] DEBUG c.b.monitoring.PerformanceTester - Failed to append key metrics to file C:\Users\Mylaptop\Desktop\Project2plzzzz\logs\key-metrics.json
02:41:21.745 [tearDown@1] DEBUG c.b.utils.FrameworkDetectionUtils - Couldn't find dependency class: appium
02:41:21.746 [tearDown@1] DEBUG com.browserstack.testOps.UsageStats - getFormattedData: Collecting data for TestObservability
02:41:21.760 [tearDown@1] DEBUG c.b.utils.FunnelInstrumentation - Sending funnel data for SDKTestSuccessful with data: {"event_type":"SDKTestSuccessful","accessKey":"PQ6wNsygb77eCxSVxbcZ","userName":"floraayvazyan_72kWsC","event_properties":{"isPercyAutoEnabled":false,"language":"java","sdkRunId":"9169e1f8-c4c2-4fa6-a255-69f260065a14","buildIdentifier":"#15","testhub_uuid":"9l8cayjzejelbas9qconayx8olutodzekaozxkx6","detectedAppiumVersion":"null","productMap":{"app_automate":false,"accessibility":false,"automate":true,"percy":false,"observability":false,"turboscale":false},"hostname":"DESKTOP-7TGF0Q2","measures":{"sdk:driver:quit":49.53,"sdk:testhub":604.1356000006199,"sdk:automate:session-name":305.63,"sdk:driver:post-initialization":17.6,"sdk:hook":8.06,"sdk:automate:idle-timeout":3.29,"sdk:automate:hub-management":4708.932500001043,"sdk:driver:pre-initialization":4.57,"sdk:automate:session-status":202.84,"sdk:setup":15792.717800002545,"sdk:pre-test":4.756400000303984,"sdk:o11y:sync":65.33,"sdk:automate:session-annotation":98.43},"productUsage":{"testObservability":{"buildHashedId":"9l8cayjzejelbas9qconayx8olutodzekaozxkx6","manuallySet":false,"enabled":false}},"browserStackConfig":{"browserstackLocal":true,"percy":false,"logLevel":"info","staticWebDriver":true,"autoDetectFramework":true,"percyCaptureMode":"MANUAL","browserStackLocalOptions":{"localIdentifier":"11_Jan_239_DESKTOP_7TGF0Q2_wWUK","key":"****"},"percyOptions":null,"testContextOptions":{"skipSessionName":false,"serenityOverridePlugin":false,"skipSessionStatus":false},"platforms":[{"os":"Windows","browser":"Chrome","device":null,"capabilities":{},"osVersion":"11","browserVersion":"latest","platformCaps":{"os":"Windows","osVersion":11,"browserVersion":"latest","browserName":"Chrome"},"platformString":"Windows, 11, Chrome, latest","customVariables":"****"},{"os":"Windows","browser":"Edge","device":null,"capabilities":{},"osVersion":"11","browserVersion":"131.0","platformCaps":{"os":"Windows","osVersion":11,"browserVersion":131.0,"browserName":"Edge"},"platformString":"Windows, 11, Edge, 131.0","customVariables":"****"}],"parallelsPerPlatform":1,"framework":"selenide-testng","accessibility":false,"accessibilityOptions":{},"turboScaleOptions":{},"disableAutoCaptureLogs":true,"testObservability":true,"browserstackAutomation":true,"turboScale":false,"testObservabilityOptions":{},"gradleMConfig":null,"proxySettings":null},"percyBuildId":null,"product":"[automate]","buildName":"browserstack-build-1","os":"Windows 11","languageVersion":"23.0.1","appiumVersion":"","frameworkDetectionInstrumentation":{"parseLoadClass":6,"ret-org.openqa.selenium.remote.RemoteWebDriver":982,"retransformClasses":982,"parseDependencies":45},"userFramework":"selenide-testng","detectedDependencies":"selenide, testng","referrer":"selenide-testng-javaagent\/1.29.3","locationTrigger":"onFinish","accessibilityConfiguration":{"pollingTimeout":30},"language_framework":"java_selenide-testng","detectedFramework":"selenide-testng","testOrchestration":{"abortBuildOnFailure":{"enabled":false},"retryTestsOnFailure":{"enabled":false},"userConfig":{}},"detectedSeleniumVersion":"4.18.1","seleniumVersion":"4.18.1"}}
02:41:22.130 [tearDown@1] DEBUG c.b.utils.FunnelInstrumentation - API Event SDKTestSuccessful, response: {"message":"SDK Event recorded successfully"}
02:41:22.132 [tearDown@1] DEBUG c.b.monitoring.PerformanceTester - Failed to append key metrics to file C:\Users\Mylaptop\Desktop\Project2plzzzz\logs\key-metrics.json
02:41:22.132 [tearDown@1] DEBUG c.browserstack.utils.LogReportingAPI - sendSync failed - driver not alive
02:41:22.133 [tearDown@1] DEBUG c.b.monitoring.PerformanceTester - Failed to append key metrics to file C:\Users\Mylaptop\Desktop\Project2plzzzz\logs\key-metrics.json
02:41:22.134 [tearDown@1] DEBUG c.b.monitoring.PerformanceTester - Failed to append key metrics to file C:\Users\Mylaptop\Desktop\Project2plzzzz\logs\key-metrics.json
02:41:22.134 [tearDown@1] DEBUG c.b.monitoring.PerformanceTester - Failed to append key metrics to file C:\Users\Mylaptop\Desktop\Project2plzzzz\logs\key-metrics.json
02:41:22.179 [setUp@1] DEBUG c.browserstack.utils.UtilityMethods - [Patch]: SDK enabled, patching remote server
02:41:22.179 [setUp@1] DEBUG c.b.selenium.SeleniumHandler - beforeDriverInit: SDK enabled. Thread ID: 59
02:41:22.179 [setUp@1] DEBUG c.b.selenium.SeleniumHandler - Quitting webdriver: com.browserstack.config.TestNgCurrentRemoteWebdriver@6fcf4568
02:41:22.180 [setUp@1] DEBUG c.b.monitoring.PerformanceTester - Failed to append key metrics to file C:\Users\Mylaptop\Desktop\Project2plzzzz\logs\key-metrics.json
02:41:22.180 [setUp@1] DEBUG c.browserstack.utils.LogReportingAPI - sendSync failed - driver not alive
02:41:22.181 [setUp@1] DEBUG c.b.monitoring.PerformanceTester - Failed to append key metrics to file C:\Users\Mylaptop\Desktop\Project2plzzzz\logs\key-metrics.json
02:41:22.182 [setUp@1] DEBUG c.b.monitoring.PerformanceTester - Failed to append key metrics to file C:\Users\Mylaptop\Desktop\Project2plzzzz\logs\key-metrics.json
02:41:22.183 [setUp@1] DEBUG c.b.monitoring.PerformanceTester - Failed to append key metrics to file C:\Users\Mylaptop\Desktop\Project2plzzzz\logs\key-metrics.json
02:41:22.183 [setUp@1] DEBUG c.b.monitoring.PerformanceTester - Failed to append key metrics to file C:\Users\Mylaptop\Desktop\Project2plzzzz\logs\key-metrics.json
02:41:22.187 [setUp@1] DEBUG c.browserstack.utils.UtilityMethods - [Patch]: SDK enabled, patching remote server
02:41:23.216 [bannedUserLoginTest@0] DEBUG c.b.monitoring.PerformanceTester - Failed to append key metrics to file C:\Users\Mylaptop\Desktop\Project2plzzzz\logs\key-metrics.json
02:41:23.217 [bannedUserLoginTest@0] DEBUG c.b.testNgListeners.TestNGUtils - [populateTestDataForBSTestOps] Event Type :: TestRunFinished, Test ClassName :: Saucedemo.LoginTestBrowserStack 
02:41:23.217 [bannedUserLoginTest@0] DEBUG c.browserstack.utils.UtilityMethods - [findFileMatcher] Current Path is :: C:\Users\Mylaptop\Desktop\Project2plzzzz, TestClass :: Saucedemo\LoginTestBrowserStack
02:41:23.281 [bannedUserLoginTest@0] DEBUG c.b.testNgListeners.TestNGUtils - [populateTestDataForBSTestOps] The filename fetched :: C:\Users\Mylaptop\Desktop\Project2plzzzz\src\test\java\Saucedemo\LoginTestBrowserStack.java, fileSeparator :: \, AbsolutePath :: C:\Users\Mylaptop\Desktop\Project2plzzzz\., Normalized Path :: C:\Users\Mylaptop\Desktop\Project2plzzzz, File.Separator :: \
02:41:23.281 [bannedUserLoginTest@0] DEBUG c.b.testNgListeners.TestNGUtils - [populateTestDataForBSTestOps] Replaced File Name is :: Project2plzzzz\src\test\java\Saucedemo\LoginTestBrowserStack.java, Absolute Path :: C:\Users\Mylaptop\Desktop\Project2plzzzz\.., Normalized Path :: C:\Users\Mylaptop\Desktop 
02:41:23.290 [bannedUserLoginTest@0] DEBUG c.b.utils.SeleniumMethodUtils - getURLFromCommandExecutor: Getting Hub url from HttpCommandExecutor
02:41:23.290 [bannedUserLoginTest@0] DEBUG c.b.utils.SeleniumMethodUtils - getURLFromCommandExecutor: Found url: https://hub-euw.browserstack.com/wd/hub
02:41:23.290 [bannedUserLoginTest@0] DEBUG c.b.utils.SeleniumMethodUtils - getURLFromCommandExecutor: Getting Hub url from HttpCommandExecutor
02:41:23.290 [bannedUserLoginTest@0] DEBUG c.b.utils.SeleniumMethodUtils - getURLFromCommandExecutor: Found url: https://hub-euw.browserstack.com/wd/hub
02:41:23.308 [bannedUserLoginTest@0] DEBUG c.b.monitoring.PerformanceTester - Failed to append key metrics to file C:\Users\Mylaptop\Desktop\Project2plzzzz\logs\key-metrics.json
02:41:23.393 [bannedUserLoginTest@0] DEBUG c.b.monitoring.PerformanceTester - Failed to append key metrics to file C:\Users\Mylaptop\Desktop\Project2plzzzz\logs\key-metrics.json
02:41:23.394 [bannedUserLoginTest@0] DEBUG c.b.monitoring.PerformanceTester - Failed to append key metrics to file C:\Users\Mylaptop\Desktop\Project2plzzzz\logs\key-metrics.json
02:41:23.713 [tearDown@0] DEBUG c.b.monitoring.PerformanceTester - Failed to append key metrics to file C:\Users\Mylaptop\Desktop\Project2plzzzz\logs\key-metrics.json
02:41:24.071 [tearDown@0] DEBUG c.b.monitoring.PerformanceTester - Failed to append key metrics to file C:\Users\Mylaptop\Desktop\Project2plzzzz\logs\key-metrics.json
02:41:24.158 [tearDown@0] DEBUG c.b.monitoring.PerformanceTester - Failed to append key metrics to file C:\Users\Mylaptop\Desktop\Project2plzzzz\logs\key-metrics.json
02:41:24.160 [tearDown@0] DEBUG c.b.monitoring.PerformanceTester - Failed to append key metrics to file C:\Users\Mylaptop\Desktop\Project2plzzzz\logs\key-metrics.json
02:41:24.161 [tearDown@0] DEBUG c.b.monitoring.PerformanceTester - Failed to append key metrics to file C:\Users\Mylaptop\Desktop\Project2plzzzz\logs\key-metrics.json
02:41:25.111 [setUp@0] DEBUG c.browserstack.utils.UtilityMethods - [Patch]: SDK enabled, patching remote server
02:41:25.111 [setUp@0] DEBUG c.b.selenium.SeleniumHandler - beforeDriverInit: SDK enabled. Thread ID: 58
02:41:25.111 [setUp@0] DEBUG c.b.selenium.SeleniumHandler - Quitting webdriver: com.browserstack.config.TestNgCurrentRemoteWebdriver@4b49dc7
02:41:25.112 [setUp@0] DEBUG c.b.monitoring.PerformanceTester - Failed to append key metrics to file C:\Users\Mylaptop\Desktop\Project2plzzzz\logs\key-metrics.json
02:41:25.113 [setUp@0] DEBUG c.browserstack.utils.LogReportingAPI - sendSync failed - driver not alive
02:41:25.114 [setUp@0] DEBUG c.b.monitoring.PerformanceTester - Failed to append key metrics to file C:\Users\Mylaptop\Desktop\Project2plzzzz\logs\key-metrics.json
02:41:25.114 [setUp@0] DEBUG c.b.monitoring.PerformanceTester - Failed to append key metrics to file C:\Users\Mylaptop\Desktop\Project2plzzzz\logs\key-metrics.json
02:41:25.115 [setUp@0] DEBUG c.b.monitoring.PerformanceTester - Failed to append key metrics to file C:\Users\Mylaptop\Desktop\Project2plzzzz\logs\key-metrics.json
02:41:25.116 [setUp@0] DEBUG c.b.monitoring.PerformanceTester - Failed to append key metrics to file C:\Users\Mylaptop\Desktop\Project2plzzzz\logs\key-metrics.json
02:41:25.119 [setUp@0] DEBUG c.browserstack.utils.UtilityMethods - [Patch]: SDK enabled, patching remote server
02:41:31.321 [setUp@0] DEBUG c.b.utils.SeleniumMethodUtils - OPTIMAL HUB IS: hub-euw.browserstack.com
02:41:31.321 [setUp@0] DEBUG c.b.selenium.SeleniumHandler - afterDriverInit: requested
02:41:31.326 [setUp@0] DEBUG c.b.utils.SeleniumMethodUtils - getURLFromCommandExecutor: Getting Hub url from HttpCommandExecutor
02:41:31.326 [setUp@0] DEBUG c.b.utils.SeleniumMethodUtils - getURLFromCommandExecutor: Found url: https://hub-euw.browserstack.com/wd/hub
02:41:31.326 [setUp@0] DEBUG c.b.utils.SeleniumMethodUtils - getURLFromCommandExecutor: Getting Hub url from HttpCommandExecutor
02:41:31.326 [setUp@0] DEBUG c.b.utils.SeleniumMethodUtils - getURLFromCommandExecutor: Found url: https://hub-euw.browserstack.com/wd/hub
02:41:31.327 [setUp@0] DEBUG c.b.monitoring.PerformanceTester - Failed to append key metrics to file C:\Users\Mylaptop\Desktop\Project2plzzzz\logs\key-metrics.json
02:41:31.330 [Forwarding setTimeout on session 5e28697dab414c946f53a52e4cbbdfe3b50c5d6e to remote] DEBUG c.browserstack.utils.UtilityMethods - [Error]java.lang.IllegalAccessError: Update to non-static final field org.openqa.selenium.remote.HttpCommandExecutor.client attempted from a different method (execute) than the initializer method <init> 
	at org.openqa.selenium.remote.HttpCommandExecutor.execute(HttpCommandExecutor.java)
	at org.openqa.selenium.remote.RemoteWebDriver.execute(RemoteWebDriver.java:519)
	at org.openqa.selenium.remote.RemoteWebDriver$RemoteWebDriverOptions$RemoteTimeouts.implicitlyWait(RemoteWebDriver.java:934)
	at BaseTest.BrowserStackTest.setUp(BrowserStackTest.java:62)
	at java.base/jdk.internal.reflect.DirectMethodHandleAccessor.invoke(DirectMethodHandleAccessor.java:103)
	at java.base/java.lang.reflect.Method.invoke(Method.java:580)
	at org.testng.internal.invokers.MethodInvocationHelper.invokeMethod(MethodInvocationHelper.java:135)
	at org.testng.internal.invokers.MethodInvocationHelper.invokeMethodConsideringTimeout(MethodInvocationHelper.java:65)
	at org.testng.internal.invokers.ConfigInvoker.invokeConfigurationMethod(ConfigInvoker.java:381)
	at org.testng.internal.invokers.ConfigInvoker.invokeConfigurations(ConfigInvoker.java:319)
	at org.testng.internal.invokers.TestInvoker.runConfigMethods(TestInvoker.java:803)
	at org.testng.internal.invokers.TestInvoker.invokeMethod(TestInvoker.java:589)
	at org.testng.internal.invokers.TestInvoker.invokeTestMethod(TestInvoker.java:220)
	at org.testng.internal.invokers.MethodRunner.runInSequence(MethodRunner.java:50)
	at org.testng.internal.invokers.TestInvoker$MethodInvocationAgent.invoke(TestInvoker.java:945)
	at org.testng.internal.invokers.TestInvoker.invokeTestMethods(TestInvoker.java:193)
	at org.testng.internal.invokers.TestMethodWorker.invokeTestMethods(TestMethodWorker.java:146)
	at org.testng.internal.invokers.TestMethodWorker.run(TestMethodWorker.java:128)
	at java.base/java.util.ArrayList.forEach(ArrayList.java:1597)
	at org.testng.TestRunner.privateRun(TestRunner.java:808)
	at org.testng.TestRunner.run(TestRunner.java:603)
	at org.testng.SuiteRunner.runTest(SuiteRunner.java:429)
	at org.testng.SuiteRunner.access$000(SuiteRunner.java:32)
	at org.testng.SuiteRunner$SuiteWorker.run(SuiteRunner.java:467)
	at org.testng.internal.thread.ThreadUtil.lambda$execute$0(ThreadUtil.java:58)
	at java.base/java.util.concurrent.FutureTask.run(FutureTask.java:317)
	at java.base/java.util.concurrent.ThreadPoolExecutor.runWorker(ThreadPoolExecutor.java:1144)
	at java.base/java.util.concurrent.ThreadPoolExecutor$Worker.run(ThreadPoolExecutor.java:642)
	at java.base/java.lang.Thread.run(Thread.java:1575)

02:41:36.887 [setUp@1] DEBUG c.b.utils.SeleniumMethodUtils - OPTIMAL HUB IS: hub-euw.browserstack.com
02:41:36.887 [setUp@1] DEBUG c.b.selenium.SeleniumHandler - afterDriverInit: requested
02:41:36.894 [setUp@1] DEBUG c.b.utils.SeleniumMethodUtils - getURLFromCommandExecutor: Getting Hub url from HttpCommandExecutor
02:41:36.894 [setUp@1] DEBUG c.b.utils.SeleniumMethodUtils - getURLFromCommandExecutor: Found url: https://hub-euw.browserstack.com/wd/hub
02:41:36.894 [setUp@1] DEBUG c.b.utils.SeleniumMethodUtils - getURLFromCommandExecutor: Getting Hub url from HttpCommandExecutor
02:41:36.894 [setUp@1] DEBUG c.b.utils.SeleniumMethodUtils - getURLFromCommandExecutor: Found url: https://hub-euw.browserstack.com/wd/hub
02:41:36.900 [setUp@1] DEBUG c.b.monitoring.PerformanceTester - Failed to append key metrics to file C:\Users\Mylaptop\Desktop\Project2plzzzz\logs\key-metrics.json
02:41:36.906 [Forwarding setTimeout on session 6530a6fc86a9a4dbfa1abdd847f3a925aae63cc4 to remote] DEBUG c.browserstack.utils.UtilityMethods - [Error]java.lang.IllegalAccessError: Update to non-static final field org.openqa.selenium.remote.HttpCommandExecutor.client attempted from a different method (execute) than the initializer method <init> 
	at org.openqa.selenium.remote.HttpCommandExecutor.execute(HttpCommandExecutor.java)
	at org.openqa.selenium.remote.RemoteWebDriver.execute(RemoteWebDriver.java:519)
	at org.openqa.selenium.remote.RemoteWebDriver$RemoteWebDriverOptions$RemoteTimeouts.implicitlyWait(RemoteWebDriver.java:934)
	at BaseTest.BrowserStackTest.setUp(BrowserStackTest.java:62)
	at java.base/jdk.internal.reflect.DirectMethodHandleAccessor.invoke(DirectMethodHandleAccessor.java:103)
	at java.base/java.lang.reflect.Method.invoke(Method.java:580)
	at org.testng.internal.invokers.MethodInvocationHelper.invokeMethod(MethodInvocationHelper.java:135)
	at org.testng.internal.invokers.MethodInvocationHelper.invokeMethodConsideringTimeout(MethodInvocationHelper.java:65)
	at org.testng.internal.invokers.ConfigInvoker.invokeConfigurationMethod(ConfigInvoker.java:381)
	at org.testng.internal.invokers.ConfigInvoker.invokeConfigurations(ConfigInvoker.java:319)
	at org.testng.internal.invokers.TestInvoker.runConfigMethods(TestInvoker.java:803)
	at org.testng.internal.invokers.TestInvoker.invokeMethod(TestInvoker.java:589)
	at org.testng.internal.invokers.TestInvoker.invokeTestMethod(TestInvoker.java:220)
	at org.testng.internal.invokers.MethodRunner.runInSequence(MethodRunner.java:50)
	at org.testng.internal.invokers.TestInvoker$MethodInvocationAgent.invoke(TestInvoker.java:945)
	at org.testng.internal.invokers.TestInvoker.invokeTestMethods(TestInvoker.java:193)
	at org.testng.internal.invokers.TestMethodWorker.invokeTestMethods(TestMethodWorker.java:146)
	at org.testng.internal.invokers.TestMethodWorker.run(TestMethodWorker.java:128)
	at java.base/java.util.ArrayList.forEach(ArrayList.java:1597)
	at org.testng.TestRunner.privateRun(TestRunner.java:808)
	at org.testng.TestRunner.run(TestRunner.java:603)
	at org.testng.SuiteRunner.runTest(SuiteRunner.java:429)
	at org.testng.SuiteRunner.access$000(SuiteRunner.java:32)
	at org.testng.SuiteRunner$SuiteWorker.run(SuiteRunner.java:467)
	at org.testng.internal.thread.ThreadUtil.lambda$execute$0(ThreadUtil.java:58)
	at java.base/java.util.concurrent.FutureTask.run(FutureTask.java:317)
	at java.base/java.util.concurrent.ThreadPoolExecutor.runWorker(ThreadPoolExecutor.java:1144)
	at java.base/java.util.concurrent.ThreadPoolExecutor$Worker.run(ThreadPoolExecutor.java:642)
	at java.base/java.lang.Thread.run(Thread.java:1575)

02:41:38.915 [logOutTest@0] DEBUG c.b.monitoring.PerformanceTester - Failed to append key metrics to file C:\Users\Mylaptop\Desktop\Project2plzzzz\logs\key-metrics.json
02:41:38.921 [logOutTest@0] DEBUG c.b.testNgListeners.TestNGUtils - [populateTestDataForBSTestOps] Event Type :: TestRunFinished, Test ClassName :: Saucedemo.LoginTestBrowserStack 
02:41:38.921 [logOutTest@0] DEBUG c.browserstack.utils.UtilityMethods - [findFileMatcher] Current Path is :: C:\Users\Mylaptop\Desktop\Project2plzzzz, TestClass :: Saucedemo\LoginTestBrowserStack
02:41:38.982 [logOutTest@0] DEBUG c.b.testNgListeners.TestNGUtils - [populateTestDataForBSTestOps] The filename fetched :: C:\Users\Mylaptop\Desktop\Project2plzzzz\src\test\java\Saucedemo\LoginTestBrowserStack.java, fileSeparator :: \, AbsolutePath :: C:\Users\Mylaptop\Desktop\Project2plzzzz\., Normalized Path :: C:\Users\Mylaptop\Desktop\Project2plzzzz, File.Separator :: \
02:41:38.982 [logOutTest@0] DEBUG c.b.testNgListeners.TestNGUtils - [populateTestDataForBSTestOps] Replaced File Name is :: Project2plzzzz\src\test\java\Saucedemo\LoginTestBrowserStack.java, Absolute Path :: C:\Users\Mylaptop\Desktop\Project2plzzzz\.., Normalized Path :: C:\Users\Mylaptop\Desktop 
02:41:39.005 [logOutTest@0] DEBUG c.b.utils.SeleniumMethodUtils - getURLFromCommandExecutor: Getting Hub url from HttpCommandExecutor
02:41:39.005 [logOutTest@0] DEBUG c.b.utils.SeleniumMethodUtils - getURLFromCommandExecutor: Found url: https://hub-euw.browserstack.com/wd/hub
02:41:39.005 [logOutTest@0] DEBUG c.b.utils.SeleniumMethodUtils - getURLFromCommandExecutor: Getting Hub url from HttpCommandExecutor
02:41:39.005 [logOutTest@0] DEBUG c.b.utils.SeleniumMethodUtils - getURLFromCommandExecutor: Found url: https://hub-euw.browserstack.com/wd/hub
02:41:39.033 [logOutTest@0] DEBUG c.b.monitoring.PerformanceTester - Failed to append key metrics to file C:\Users\Mylaptop\Desktop\Project2plzzzz\logs\key-metrics.json
02:41:39.116 [logOutTest@0] DEBUG c.b.monitoring.PerformanceTester - Failed to append key metrics to file C:\Users\Mylaptop\Desktop\Project2plzzzz\logs\key-metrics.json
02:41:39.119 [logOutTest@0] DEBUG c.b.monitoring.PerformanceTester - Failed to append key metrics to file C:\Users\Mylaptop\Desktop\Project2plzzzz\logs\key-metrics.json
02:41:39.776 [tearDown@0] DEBUG c.b.monitoring.PerformanceTester - Failed to append key metrics to file C:\Users\Mylaptop\Desktop\Project2plzzzz\logs\key-metrics.json
02:41:40.079 [tearDown@0] DEBUG c.b.monitoring.PerformanceTester - Failed to append key metrics to file C:\Users\Mylaptop\Desktop\Project2plzzzz\logs\key-metrics.json
02:41:40.161 [tearDown@0] DEBUG c.b.monitoring.PerformanceTester - Failed to append key metrics to file C:\Users\Mylaptop\Desktop\Project2plzzzz\logs\key-metrics.json
02:41:40.161 [tearDown@0] DEBUG c.b.monitoring.PerformanceTester - Failed to append key metrics to file C:\Users\Mylaptop\Desktop\Project2plzzzz\logs\key-metrics.json
02:41:40.169 [tearDown@0] DEBUG c.b.monitoring.PerformanceTester - Failed to append key metrics to file C:\Users\Mylaptop\Desktop\Project2plzzzz\logs\key-metrics.json
02:41:41.072 [tearDown@0] DEBUG c.b.utils.FrameworkDetectionUtils - Couldn't find dependency class: appium
02:41:41.072 [tearDown@0] DEBUG com.browserstack.testOps.UsageStats - getFormattedData: Collecting data for TestObservability
02:41:41.091 [tearDown@0] DEBUG c.b.utils.FunnelInstrumentation - Sending funnel data for SDKTestSuccessful with data: {"event_type":"SDKTestSuccessful","accessKey":"PQ6wNsygb77eCxSVxbcZ","userName":"floraayvazyan_72kWsC","event_properties":{"isPercyAutoEnabled":false,"language":"java","sdkRunId":"9169e1f8-c4c2-4fa6-a255-69f260065a14","buildIdentifier":"#15","testhub_uuid":"9l8cayjzejelbas9qconayx8olutodzekaozxkx6","detectedAppiumVersion":"null","productMap":{"app_automate":false,"accessibility":false,"automate":true,"percy":false,"observability":false,"turboscale":false},"hostname":"DESKTOP-7TGF0Q2","measures":{"sdk:driver:quit":45.91,"sdk:testhub":604.1356000006199,"sdk:automate:session-name":342.87,"sdk:driver:post-initialization":15.61,"sdk:hook":7.67,"sdk:automate:idle-timeout":3.23,"sdk:automate:hub-management":4708.932500001043,"sdk:driver:pre-initialization":4.42,"sdk:automate:session-status":184.04,"sdk:setup":15792.717800002545,"sdk:pre-test":4.756400000303984,"sdk:o11y:sync":61.2,"sdk:automate:session-annotation":95.0},"productUsage":{"testObservability":{"buildHashedId":"9l8cayjzejelbas9qconayx8olutodzekaozxkx6","manuallySet":false,"enabled":false}},"browserStackConfig":{"browserstackLocal":true,"percy":false,"logLevel":"info","staticWebDriver":true,"autoDetectFramework":true,"percyCaptureMode":"MANUAL","browserStackLocalOptions":{"localIdentifier":"11_Jan_239_DESKTOP_7TGF0Q2_wWUK","key":"****"},"percyOptions":null,"testContextOptions":{"skipSessionName":false,"serenityOverridePlugin":false,"skipSessionStatus":false},"platforms":[{"os":"Windows","browser":"Chrome","device":null,"capabilities":{},"osVersion":"11","browserVersion":"latest","platformCaps":{"os":"Windows","osVersion":11,"browserVersion":"latest","browserName":"Chrome"},"platformString":"Windows, 11, Chrome, latest","customVariables":"****"},{"os":"Windows","browser":"Edge","device":null,"capabilities":{},"osVersion":"11","browserVersion":"131.0","platformCaps":{"os":"Windows","osVersion":11,"browserVersion":131.0,"browserName":"Edge"},"platformString":"Windows, 11, Edge, 131.0","customVariables":"****"}],"parallelsPerPlatform":1,"framework":"selenide-testng","accessibility":false,"accessibilityOptions":{},"turboScaleOptions":{},"disableAutoCaptureLogs":true,"testObservability":true,"browserstackAutomation":true,"turboScale":false,"testObservabilityOptions":{},"gradleMConfig":null,"proxySettings":null},"percyBuildId":null,"product":"[automate]","buildName":"browserstack-build-1","os":"Windows 11","languageVersion":"23.0.1","appiumVersion":"","frameworkDetectionInstrumentation":{"parseLoadClass":6,"ret-org.openqa.selenium.remote.RemoteWebDriver":982,"retransformClasses":982,"parseDependencies":45},"userFramework":"selenide-testng","detectedDependencies":"selenide, testng","referrer":"selenide-testng-javaagent\/1.29.3","locationTrigger":"onFinish","accessibilityConfiguration":{"pollingTimeout":30},"language_framework":"java_selenide-testng","detectedFramework":"selenide-testng","testOrchestration":{"abortBuildOnFailure":{"enabled":false},"retryTestsOnFailure":{"enabled":false},"userConfig":{}},"detectedSeleniumVersion":"4.18.1","seleniumVersion":"4.18.1"}}
02:41:41.340 [tearDown@0] DEBUG c.b.utils.FunnelInstrumentation - API Event SDKTestSuccessful, response: {"message":"SDK Event recorded successfully"}
02:41:41.343 [tearDown@0] DEBUG c.b.monitoring.PerformanceTester - Failed to append key metrics to file C:\Users\Mylaptop\Desktop\Project2plzzzz\logs\key-metrics.json
02:41:41.343 [tearDown@0] DEBUG c.browserstack.utils.LogReportingAPI - sendSync failed - driver not alive
02:41:41.343 [tearDown@0] DEBUG c.b.monitoring.PerformanceTester - Failed to append key metrics to file C:\Users\Mylaptop\Desktop\Project2plzzzz\logs\key-metrics.json
02:41:41.345 [tearDown@0] DEBUG c.b.monitoring.PerformanceTester - Failed to append key metrics to file C:\Users\Mylaptop\Desktop\Project2plzzzz\logs\key-metrics.json
02:41:41.345 [tearDown@0] DEBUG c.b.monitoring.PerformanceTester - Failed to append key metrics to file C:\Users\Mylaptop\Desktop\Project2plzzzz\logs\key-metrics.json
02:41:59.184 [successfulLoginTest@1] DEBUG c.b.monitoring.PerformanceTester - Failed to append key metrics to file C:\Users\Mylaptop\Desktop\Project2plzzzz\logs\key-metrics.json
02:41:59.184 [successfulLoginTest@1] DEBUG c.b.testNgListeners.TestNGUtils - [populateTestDataForBSTestOps] Event Type :: TestRunFinished, Test ClassName :: Saucedemo.LoginTestBrowserStack 
02:41:59.184 [successfulLoginTest@1] DEBUG c.browserstack.utils.UtilityMethods - [findFileMatcher] Current Path is :: C:\Users\Mylaptop\Desktop\Project2plzzzz, TestClass :: Saucedemo\LoginTestBrowserStack
02:41:59.215 [successfulLoginTest@1] DEBUG c.b.testNgListeners.TestNGUtils - [populateTestDataForBSTestOps] The filename fetched :: C:\Users\Mylaptop\Desktop\Project2plzzzz\src\test\java\Saucedemo\LoginTestBrowserStack.java, fileSeparator :: \, AbsolutePath :: C:\Users\Mylaptop\Desktop\Project2plzzzz\., Normalized Path :: C:\Users\Mylaptop\Desktop\Project2plzzzz, File.Separator :: \
02:41:59.215 [successfulLoginTest@1] DEBUG c.b.testNgListeners.TestNGUtils - [populateTestDataForBSTestOps] Replaced File Name is :: Project2plzzzz\src\test\java\Saucedemo\LoginTestBrowserStack.java, Absolute Path :: C:\Users\Mylaptop\Desktop\Project2plzzzz\.., Normalized Path :: C:\Users\Mylaptop\Desktop 
02:41:59.230 [successfulLoginTest@1] DEBUG c.b.utils.SeleniumMethodUtils - getURLFromCommandExecutor: Getting Hub url from HttpCommandExecutor
02:41:59.230 [successfulLoginTest@1] DEBUG c.b.utils.SeleniumMethodUtils - getURLFromCommandExecutor: Found url: https://hub-euw.browserstack.com/wd/hub
02:41:59.230 [successfulLoginTest@1] DEBUG c.b.utils.SeleniumMethodUtils - getURLFromCommandExecutor: Getting Hub url from HttpCommandExecutor
02:41:59.230 [successfulLoginTest@1] DEBUG c.b.utils.SeleniumMethodUtils - getURLFromCommandExecutor: Found url: https://hub-euw.browserstack.com/wd/hub
02:41:59.244 [successfulLoginTest@1] DEBUG c.b.monitoring.PerformanceTester - Failed to append key metrics to file C:\Users\Mylaptop\Desktop\Project2plzzzz\logs\key-metrics.json
02:41:59.328 [successfulLoginTest@1] DEBUG c.b.monitoring.PerformanceTester - Failed to append key metrics to file C:\Users\Mylaptop\Desktop\Project2plzzzz\logs\key-metrics.json
02:41:59.329 [successfulLoginTest@1] DEBUG c.b.monitoring.PerformanceTester - Failed to append key metrics to file C:\Users\Mylaptop\Desktop\Project2plzzzz\logs\key-metrics.json
02:41:59.605 [tearDown@1] DEBUG c.b.monitoring.PerformanceTester - Failed to append key metrics to file C:\Users\Mylaptop\Desktop\Project2plzzzz\logs\key-metrics.json
02:41:59.929 [tearDown@1] DEBUG c.b.monitoring.PerformanceTester - Failed to append key metrics to file C:\Users\Mylaptop\Desktop\Project2plzzzz\logs\key-metrics.json
02:42:00.023 [tearDown@1] DEBUG c.b.monitoring.PerformanceTester - Failed to append key metrics to file C:\Users\Mylaptop\Desktop\Project2plzzzz\logs\key-metrics.json
02:42:00.024 [tearDown@1] DEBUG c.b.monitoring.PerformanceTester - Failed to append key metrics to file C:\Users\Mylaptop\Desktop\Project2plzzzz\logs\key-metrics.json
02:42:00.026 [tearDown@1] DEBUG c.b.monitoring.PerformanceTester - Failed to append key metrics to file C:\Users\Mylaptop\Desktop\Project2plzzzz\logs\key-metrics.json
02:42:01.163 [setUp@1] DEBUG c.browserstack.utils.UtilityMethods - [Patch]: SDK enabled, patching remote server
02:42:01.163 [setUp@1] DEBUG c.b.selenium.SeleniumHandler - beforeDriverInit: SDK enabled. Thread ID: 59
02:42:01.163 [setUp@1] DEBUG c.b.selenium.SeleniumHandler - Quitting webdriver: com.browserstack.config.TestNgCurrentRemoteWebdriver@539b453f
02:42:01.164 [setUp@1] DEBUG c.b.monitoring.PerformanceTester - Failed to append key metrics to file C:\Users\Mylaptop\Desktop\Project2plzzzz\logs\key-metrics.json
02:42:01.164 [setUp@1] DEBUG c.browserstack.utils.LogReportingAPI - sendSync failed - driver not alive
02:42:01.165 [setUp@1] DEBUG c.b.monitoring.PerformanceTester - Failed to append key metrics to file C:\Users\Mylaptop\Desktop\Project2plzzzz\logs\key-metrics.json
02:42:01.165 [setUp@1] DEBUG c.b.monitoring.PerformanceTester - Failed to append key metrics to file C:\Users\Mylaptop\Desktop\Project2plzzzz\logs\key-metrics.json
02:42:01.165 [setUp@1] DEBUG c.b.monitoring.PerformanceTester - Failed to append key metrics to file C:\Users\Mylaptop\Desktop\Project2plzzzz\logs\key-metrics.json
02:42:01.166 [setUp@1] DEBUG c.b.monitoring.PerformanceTester - Failed to append key metrics to file C:\Users\Mylaptop\Desktop\Project2plzzzz\logs\key-metrics.json
02:42:01.167 [setUp@1] DEBUG c.browserstack.utils.UtilityMethods - [Patch]: SDK enabled, patching remote server
02:42:12.966 [setUp@1] DEBUG c.b.utils.SeleniumMethodUtils - OPTIMAL HUB IS: hub-euw.browserstack.com
02:42:12.966 [setUp@1] DEBUG c.b.selenium.SeleniumHandler - afterDriverInit: requested
02:42:12.975 [setUp@1] DEBUG c.b.utils.SeleniumMethodUtils - getURLFromCommandExecutor: Getting Hub url from HttpCommandExecutor
02:42:12.975 [setUp@1] DEBUG c.b.utils.SeleniumMethodUtils - getURLFromCommandExecutor: Found url: https://hub-euw.browserstack.com/wd/hub
02:42:12.978 [setUp@1] DEBUG c.b.utils.SeleniumMethodUtils - getURLFromCommandExecutor: Getting Hub url from HttpCommandExecutor
02:42:12.978 [setUp@1] DEBUG c.b.utils.SeleniumMethodUtils - getURLFromCommandExecutor: Found url: https://hub-euw.browserstack.com/wd/hub
02:42:12.979 [setUp@1] DEBUG c.b.monitoring.PerformanceTester - Failed to append key metrics to file C:\Users\Mylaptop\Desktop\Project2plzzzz\logs\key-metrics.json
02:42:12.985 [Forwarding setTimeout on session 8dddd4a7c8d5b0550052976d7b2f41d54ae36d14 to remote] DEBUG c.browserstack.utils.UtilityMethods - [Error]java.lang.IllegalAccessError: Update to non-static final field org.openqa.selenium.remote.HttpCommandExecutor.client attempted from a different method (execute) than the initializer method <init> 
	at org.openqa.selenium.remote.HttpCommandExecutor.execute(HttpCommandExecutor.java)
	at org.openqa.selenium.remote.RemoteWebDriver.execute(RemoteWebDriver.java:519)
	at org.openqa.selenium.remote.RemoteWebDriver$RemoteWebDriverOptions$RemoteTimeouts.implicitlyWait(RemoteWebDriver.java:934)
	at BaseTest.BrowserStackTest.setUp(BrowserStackTest.java:62)
	at java.base/jdk.internal.reflect.DirectMethodHandleAccessor.invoke(DirectMethodHandleAccessor.java:103)
	at java.base/java.lang.reflect.Method.invoke(Method.java:580)
	at org.testng.internal.invokers.MethodInvocationHelper.invokeMethod(MethodInvocationHelper.java:135)
	at org.testng.internal.invokers.MethodInvocationHelper.invokeMethodConsideringTimeout(MethodInvocationHelper.java:65)
	at org.testng.internal.invokers.ConfigInvoker.invokeConfigurationMethod(ConfigInvoker.java:381)
	at org.testng.internal.invokers.ConfigInvoker.invokeConfigurations(ConfigInvoker.java:319)
	at org.testng.internal.invokers.TestInvoker.runConfigMethods(TestInvoker.java:803)
	at org.testng.internal.invokers.TestInvoker.invokeMethod(TestInvoker.java:589)
	at org.testng.internal.invokers.TestInvoker.invokeTestMethod(TestInvoker.java:220)
	at org.testng.internal.invokers.MethodRunner.runInSequence(MethodRunner.java:50)
	at org.testng.internal.invokers.TestInvoker$MethodInvocationAgent.invoke(TestInvoker.java:945)
	at org.testng.internal.invokers.TestInvoker.invokeTestMethods(TestInvoker.java:193)
	at org.testng.internal.invokers.TestMethodWorker.invokeTestMethods(TestMethodWorker.java:146)
	at org.testng.internal.invokers.TestMethodWorker.run(TestMethodWorker.java:128)
	at java.base/java.util.ArrayList.forEach(ArrayList.java:1597)
	at org.testng.TestRunner.privateRun(TestRunner.java:808)
	at org.testng.TestRunner.run(TestRunner.java:603)
	at org.testng.SuiteRunner.runTest(SuiteRunner.java:429)
	at org.testng.SuiteRunner.access$000(SuiteRunner.java:32)
	at org.testng.SuiteRunner$SuiteWorker.run(SuiteRunner.java:467)
	at org.testng.internal.thread.ThreadUtil.lambda$execute$0(ThreadUtil.java:58)
	at java.base/java.util.concurrent.FutureTask.run(FutureTask.java:317)
	at java.base/java.util.concurrent.ThreadPoolExecutor.runWorker(ThreadPoolExecutor.java:1144)
	at java.base/java.util.concurrent.ThreadPoolExecutor$Worker.run(ThreadPoolExecutor.java:642)
	at java.base/java.lang.Thread.run(Thread.java:1575)

02:42:25.803 [bannedUserLoginTest@1] DEBUG c.b.monitoring.PerformanceTester - Failed to append key metrics to file C:\Users\Mylaptop\Desktop\Project2plzzzz\logs\key-metrics.json
02:42:25.803 [bannedUserLoginTest@1] DEBUG c.b.testNgListeners.TestNGUtils - [populateTestDataForBSTestOps] Event Type :: TestRunFinished, Test ClassName :: Saucedemo.LoginTestBrowserStack 
02:42:25.804 [bannedUserLoginTest@1] DEBUG c.browserstack.utils.UtilityMethods - [findFileMatcher] Current Path is :: C:\Users\Mylaptop\Desktop\Project2plzzzz, TestClass :: Saucedemo\LoginTestBrowserStack
02:42:25.848 [bannedUserLoginTest@1] DEBUG c.b.testNgListeners.TestNGUtils - [populateTestDataForBSTestOps] The filename fetched :: C:\Users\Mylaptop\Desktop\Project2plzzzz\src\test\java\Saucedemo\LoginTestBrowserStack.java, fileSeparator :: \, AbsolutePath :: C:\Users\Mylaptop\Desktop\Project2plzzzz\., Normalized Path :: C:\Users\Mylaptop\Desktop\Project2plzzzz, File.Separator :: \
02:42:25.848 [bannedUserLoginTest@1] DEBUG c.b.testNgListeners.TestNGUtils - [populateTestDataForBSTestOps] Replaced File Name is :: Project2plzzzz\src\test\java\Saucedemo\LoginTestBrowserStack.java, Absolute Path :: C:\Users\Mylaptop\Desktop\Project2plzzzz\.., Normalized Path :: C:\Users\Mylaptop\Desktop 
02:42:25.855 [bannedUserLoginTest@1] DEBUG c.b.utils.SeleniumMethodUtils - getURLFromCommandExecutor: Getting Hub url from HttpCommandExecutor
02:42:25.856 [bannedUserLoginTest@1] DEBUG c.b.utils.SeleniumMethodUtils - getURLFromCommandExecutor: Found url: https://hub-euw.browserstack.com/wd/hub
02:42:25.856 [bannedUserLoginTest@1] DEBUG c.b.utils.SeleniumMethodUtils - getURLFromCommandExecutor: Getting Hub url from HttpCommandExecutor
02:42:25.856 [bannedUserLoginTest@1] DEBUG c.b.utils.SeleniumMethodUtils - getURLFromCommandExecutor: Found url: https://hub-euw.browserstack.com/wd/hub
02:42:25.869 [bannedUserLoginTest@1] DEBUG c.b.monitoring.PerformanceTester - Failed to append key metrics to file C:\Users\Mylaptop\Desktop\Project2plzzzz\logs\key-metrics.json
02:42:25.955 [bannedUserLoginTest@1] DEBUG c.b.monitoring.PerformanceTester - Failed to append key metrics to file C:\Users\Mylaptop\Desktop\Project2plzzzz\logs\key-metrics.json
02:42:25.956 [bannedUserLoginTest@1] DEBUG c.b.monitoring.PerformanceTester - Failed to append key metrics to file C:\Users\Mylaptop\Desktop\Project2plzzzz\logs\key-metrics.json
02:42:26.244 [tearDown@1] DEBUG c.b.monitoring.PerformanceTester - Failed to append key metrics to file C:\Users\Mylaptop\Desktop\Project2plzzzz\logs\key-metrics.json
02:42:26.571 [tearDown@1] DEBUG c.b.monitoring.PerformanceTester - Failed to append key metrics to file C:\Users\Mylaptop\Desktop\Project2plzzzz\logs\key-metrics.json
02:42:26.656 [tearDown@1] DEBUG c.b.monitoring.PerformanceTester - Failed to append key metrics to file C:\Users\Mylaptop\Desktop\Project2plzzzz\logs\key-metrics.json
02:42:26.657 [tearDown@1] DEBUG c.b.monitoring.PerformanceTester - Failed to append key metrics to file C:\Users\Mylaptop\Desktop\Project2plzzzz\logs\key-metrics.json
02:42:26.658 [tearDown@1] DEBUG c.b.monitoring.PerformanceTester - Failed to append key metrics to file C:\Users\Mylaptop\Desktop\Project2plzzzz\logs\key-metrics.json
02:42:27.592 [setUp@1] DEBUG c.browserstack.utils.UtilityMethods - [Patch]: SDK enabled, patching remote server
02:42:27.593 [setUp@1] DEBUG c.b.selenium.SeleniumHandler - beforeDriverInit: SDK enabled. Thread ID: 59
02:42:27.593 [setUp@1] DEBUG c.b.selenium.SeleniumHandler - Quitting webdriver: com.browserstack.config.TestNgCurrentRemoteWebdriver@20fbe995
02:42:27.595 [setUp@1] DEBUG c.b.monitoring.PerformanceTester - Failed to append key metrics to file C:\Users\Mylaptop\Desktop\Project2plzzzz\logs\key-metrics.json
02:42:27.595 [setUp@1] DEBUG c.browserstack.utils.LogReportingAPI - sendSync failed - driver not alive
02:42:27.595 [setUp@1] DEBUG c.b.monitoring.PerformanceTester - Failed to append key metrics to file C:\Users\Mylaptop\Desktop\Project2plzzzz\logs\key-metrics.json
02:42:27.597 [setUp@1] DEBUG c.b.monitoring.PerformanceTester - Failed to append key metrics to file C:\Users\Mylaptop\Desktop\Project2plzzzz\logs\key-metrics.json
02:42:27.598 [setUp@1] DEBUG c.b.monitoring.PerformanceTester - Failed to append key metrics to file C:\Users\Mylaptop\Desktop\Project2plzzzz\logs\key-metrics.json
02:42:27.598 [setUp@1] DEBUG c.b.monitoring.PerformanceTester - Failed to append key metrics to file C:\Users\Mylaptop\Desktop\Project2plzzzz\logs\key-metrics.json
02:42:27.601 [setUp@1] DEBUG c.browserstack.utils.UtilityMethods - [Patch]: SDK enabled, patching remote server
02:42:39.701 [setUp@1] DEBUG c.b.utils.SeleniumMethodUtils - OPTIMAL HUB IS: hub-euw.browserstack.com
02:42:39.701 [setUp@1] DEBUG c.b.selenium.SeleniumHandler - afterDriverInit: requested
02:42:39.708 [setUp@1] DEBUG c.b.utils.SeleniumMethodUtils - getURLFromCommandExecutor: Getting Hub url from HttpCommandExecutor
02:42:39.708 [setUp@1] DEBUG c.b.utils.SeleniumMethodUtils - getURLFromCommandExecutor: Found url: https://hub-euw.browserstack.com/wd/hub
02:42:39.708 [setUp@1] DEBUG c.b.utils.SeleniumMethodUtils - getURLFromCommandExecutor: Getting Hub url from HttpCommandExecutor
02:42:39.708 [setUp@1] DEBUG c.b.utils.SeleniumMethodUtils - getURLFromCommandExecutor: Found url: https://hub-euw.browserstack.com/wd/hub
02:42:39.711 [setUp@1] DEBUG c.b.monitoring.PerformanceTester - Failed to append key metrics to file C:\Users\Mylaptop\Desktop\Project2plzzzz\logs\key-metrics.json
02:42:39.715 [Forwarding setTimeout on session bcb3792c01a23f3cee4892cd96b533df509e6fc9 to remote] DEBUG c.browserstack.utils.UtilityMethods - [Error]java.lang.IllegalAccessError: Update to non-static final field org.openqa.selenium.remote.HttpCommandExecutor.client attempted from a different method (execute) than the initializer method <init> 
	at org.openqa.selenium.remote.HttpCommandExecutor.execute(HttpCommandExecutor.java)
	at org.openqa.selenium.remote.RemoteWebDriver.execute(RemoteWebDriver.java:519)
	at org.openqa.selenium.remote.RemoteWebDriver$RemoteWebDriverOptions$RemoteTimeouts.implicitlyWait(RemoteWebDriver.java:934)
	at BaseTest.BrowserStackTest.setUp(BrowserStackTest.java:62)
	at java.base/jdk.internal.reflect.DirectMethodHandleAccessor.invoke(DirectMethodHandleAccessor.java:103)
	at java.base/java.lang.reflect.Method.invoke(Method.java:580)
	at org.testng.internal.invokers.MethodInvocationHelper.invokeMethod(MethodInvocationHelper.java:135)
	at org.testng.internal.invokers.MethodInvocationHelper.invokeMethodConsideringTimeout(MethodInvocationHelper.java:65)
	at org.testng.internal.invokers.ConfigInvoker.invokeConfigurationMethod(ConfigInvoker.java:381)
	at org.testng.internal.invokers.ConfigInvoker.invokeConfigurations(ConfigInvoker.java:319)
	at org.testng.internal.invokers.TestInvoker.runConfigMethods(TestInvoker.java:803)
	at org.testng.internal.invokers.TestInvoker.invokeMethod(TestInvoker.java:589)
	at org.testng.internal.invokers.TestInvoker.invokeTestMethod(TestInvoker.java:220)
	at org.testng.internal.invokers.MethodRunner.runInSequence(MethodRunner.java:50)
	at org.testng.internal.invokers.TestInvoker$MethodInvocationAgent.invoke(TestInvoker.java:945)
	at org.testng.internal.invokers.TestInvoker.invokeTestMethods(TestInvoker.java:193)
	at org.testng.internal.invokers.TestMethodWorker.invokeTestMethods(TestMethodWorker.java:146)
	at org.testng.internal.invokers.TestMethodWorker.run(TestMethodWorker.java:128)
	at java.base/java.util.ArrayList.forEach(ArrayList.java:1597)
	at org.testng.TestRunner.privateRun(TestRunner.java:808)
	at org.testng.TestRunner.run(TestRunner.java:603)
	at org.testng.SuiteRunner.runTest(SuiteRunner.java:429)
	at org.testng.SuiteRunner.access$000(SuiteRunner.java:32)
	at org.testng.SuiteRunner$SuiteWorker.run(SuiteRunner.java:467)
	at org.testng.internal.thread.ThreadUtil.lambda$execute$0(ThreadUtil.java:58)
	at java.base/java.util.concurrent.FutureTask.run(FutureTask.java:317)
	at java.base/java.util.concurrent.ThreadPoolExecutor.runWorker(ThreadPoolExecutor.java:1144)
	at java.base/java.util.concurrent.ThreadPoolExecutor$Worker.run(ThreadPoolExecutor.java:642)
	at java.base/java.lang.Thread.run(Thread.java:1575)

02:42:52.699 [logOutTest@1] DEBUG c.b.monitoring.PerformanceTester - Failed to append key metrics to file C:\Users\Mylaptop\Desktop\Project2plzzzz\logs\key-metrics.json
02:42:52.701 [logOutTest@1] DEBUG c.b.testNgListeners.TestNGUtils - [populateTestDataForBSTestOps] Event Type :: TestRunFinished, Test ClassName :: Saucedemo.LoginTestBrowserStack 
02:42:52.701 [logOutTest@1] DEBUG c.browserstack.utils.UtilityMethods - [findFileMatcher] Current Path is :: C:\Users\Mylaptop\Desktop\Project2plzzzz, TestClass :: Saucedemo\LoginTestBrowserStack
02:42:52.740 [logOutTest@1] DEBUG c.b.testNgListeners.TestNGUtils - [populateTestDataForBSTestOps] The filename fetched :: C:\Users\Mylaptop\Desktop\Project2plzzzz\src\test\java\Saucedemo\LoginTestBrowserStack.java, fileSeparator :: \, AbsolutePath :: C:\Users\Mylaptop\Desktop\Project2plzzzz\., Normalized Path :: C:\Users\Mylaptop\Desktop\Project2plzzzz, File.Separator :: \
02:42:52.741 [logOutTest@1] DEBUG c.b.testNgListeners.TestNGUtils - [populateTestDataForBSTestOps] Replaced File Name is :: Project2plzzzz\src\test\java\Saucedemo\LoginTestBrowserStack.java, Absolute Path :: C:\Users\Mylaptop\Desktop\Project2plzzzz\.., Normalized Path :: C:\Users\Mylaptop\Desktop 
02:42:52.746 [logOutTest@1] DEBUG c.b.utils.SeleniumMethodUtils - getURLFromCommandExecutor: Getting Hub url from HttpCommandExecutor
02:42:52.746 [logOutTest@1] DEBUG c.b.utils.SeleniumMethodUtils - getURLFromCommandExecutor: Found url: https://hub-euw.browserstack.com/wd/hub
02:42:52.746 [logOutTest@1] DEBUG c.b.utils.SeleniumMethodUtils - getURLFromCommandExecutor: Getting Hub url from HttpCommandExecutor
02:42:52.746 [logOutTest@1] DEBUG c.b.utils.SeleniumMethodUtils - getURLFromCommandExecutor: Found url: https://hub-euw.browserstack.com/wd/hub
02:42:52.761 [logOutTest@1] DEBUG c.b.monitoring.PerformanceTester - Failed to append key metrics to file C:\Users\Mylaptop\Desktop\Project2plzzzz\logs\key-metrics.json
02:42:52.852 [logOutTest@1] DEBUG c.b.monitoring.PerformanceTester - Failed to append key metrics to file C:\Users\Mylaptop\Desktop\Project2plzzzz\logs\key-metrics.json
02:42:52.853 [logOutTest@1] DEBUG c.b.monitoring.PerformanceTester - Failed to append key metrics to file C:\Users\Mylaptop\Desktop\Project2plzzzz\logs\key-metrics.json
02:42:53.172 [tearDown@1] DEBUG c.b.monitoring.PerformanceTester - Failed to append key metrics to file C:\Users\Mylaptop\Desktop\Project2plzzzz\logs\key-metrics.json
02:42:53.574 [tearDown@1] DEBUG c.b.monitoring.PerformanceTester - Failed to append key metrics to file C:\Users\Mylaptop\Desktop\Project2plzzzz\logs\key-metrics.json
02:42:53.663 [tearDown@1] DEBUG c.b.monitoring.PerformanceTester - Failed to append key metrics to file C:\Users\Mylaptop\Desktop\Project2plzzzz\logs\key-metrics.json
02:42:53.666 [tearDown@1] DEBUG c.b.monitoring.PerformanceTester - Failed to append key metrics to file C:\Users\Mylaptop\Desktop\Project2plzzzz\logs\key-metrics.json
02:42:53.667 [tearDown@1] DEBUG c.b.monitoring.PerformanceTester - Failed to append key metrics to file C:\Users\Mylaptop\Desktop\Project2plzzzz\logs\key-metrics.json
02:42:54.715 [tearDown@1] DEBUG c.b.monitoring.PerformanceTester - Failed to append key metrics to file C:\Users\Mylaptop\Desktop\Project2plzzzz\logs\key-metrics.json
02:42:54.715 [tearDown@1] DEBUG c.browserstack.utils.LogReportingAPI - sendSync failed - driver not alive
02:42:54.717 [tearDown@1] DEBUG c.b.monitoring.PerformanceTester - Failed to append key metrics to file C:\Users\Mylaptop\Desktop\Project2plzzzz\logs\key-metrics.json
02:42:54.717 [tearDown@1] DEBUG c.b.monitoring.PerformanceTester - Failed to append key metrics to file C:\Users\Mylaptop\Desktop\Project2plzzzz\logs\key-metrics.json
02:42:54.718 [tearDown@1] DEBUG c.b.monitoring.PerformanceTester - Failed to append key metrics to file C:\Users\Mylaptop\Desktop\Project2plzzzz\logs\key-metrics.json
02:42:54.731 [main] DEBUG c.b.monitoring.PerformanceTester - Failed to append key metrics to file C:\Users\Mylaptop\Desktop\Project2plzzzz\logs\key-metrics.json
02:42:54.741 [Thread-0] DEBUG c.browserstack.BrowserStackJavaAgent - Starting final execution
02:42:54.742 [Thread-0] DEBUG c.b.u.ObservabilityUtilityMethods - Processing batch requests with type: Global
02:42:54.748 [Thread-0] DEBUG c.browserstack.testOps.RequestUtils - [ TESTHUB ] Processing Request Kind stopBuildUpstream
02:42:54.748 [Thread-0] DEBUG c.browserstack.testOps.RequestUtils - [requestToTestOps] Sending Observability request: PUT api/v1/builds/9l8cayjzejelbas9qconayx8olutodzekaozxkx6/stop with request size 65
02:42:54.748 [Thread-0] DEBUG c.browserstack.testOps.RequestUtils - [makeRequest] Sending request: PUT https://collector-observability.browserstack.com/api/v1/builds/9l8cayjzejelbas9qconayx8olutodzekaozxkx6/stop with request size 65
02:42:55.742 [Thread-0] DEBUG c.browserstack.testOps.RequestUtils - [makeRequest]: Response code: 401
02:42:55.742 [Thread-0] DEBUG c.browserstack.testOps.RequestUtils - requestToTestOps: Response code: 401
02:42:55.742 [Thread-0] DEBUG c.browserstack.testOps.RequestUtils - [OBSERVABILITY] Non-200 Response 401 with error 
02:42:55.754 [Thread-0] DEBUG c.browserstack.utils.LogReportingAPI - Observability Stop request failed. Retrying.. Exception: com.browserstack.testOps.RequestException: Non 200 response
	at com.browserstack.testOps.RequestException.non200(Unknown Source)
	at com.browserstack.testOps.RequestUtils.requestToTestOps(Unknown Source)
	at com.browserstack.testOps.RequestUtils.requestToTestOpsString(Unknown Source)
	at com.browserstack.testOps.RequestUtils.stop(Unknown Source)
	at com.browserstack.testOps.Listener.a(Unknown Source)
	at com.browserstack.testOps.Listener.a(Unknown Source)
	at com.browserstack.testOps.Listener.onComplete(Unknown Source)
	at java.base/jdk.internal.reflect.DirectMethodHandleAccessor.invoke(DirectMethodHandleAccessor.java:103)
	at java.base/java.lang.reflect.Method.invoke(Method.java:580)
	at com.browserstack.utils.ConditionalInvocationHandler.invoke(Unknown Source)
	at jdk.proxy2/jdk.proxy2.$Proxy8.onComplete(Unknown Source)
	at com.browserstack.BrowserStackJavaAgent$FinalExecution.a(Unknown Source)
	at com.browserstack.BrowserStackJavaAgent$FinalExecution.a(Unknown Source)
	at com.browserstack.BrowserStackJavaAgent$FinalExecution.run(Unknown Source)

02:42:56.301 [Thread-0] DEBUG c.b.utils.FunnelInstrumentation - API Event Observability_Crash_Report_Upload, response: OK
02:42:56.301 [Thread-0] DEBUG c.browserstack.testOps.RequestUtils - [requestToTestOps] Sending Observability request: PUT api/v1/builds/9l8cayjzejelbas9qconayx8olutodzekaozxkx6/stop with request size 65
02:42:56.301 [Thread-0] DEBUG c.browserstack.testOps.RequestUtils - [makeRequest] Sending request: PUT https://collector-observability.browserstack.com/api/v1/builds/9l8cayjzejelbas9qconayx8olutodzekaozxkx6/stop with request size 65
02:42:56.536 [Thread-0] DEBUG c.browserstack.testOps.RequestUtils - [makeRequest]: Response code: 401
02:42:56.537 [Thread-0] DEBUG c.browserstack.testOps.RequestUtils - requestToTestOps: Response code: 401
02:42:56.543 [Thread-0] DEBUG c.browserstack.testOps.RequestUtils - [OBSERVABILITY] Non-200 Response 401 with error 
02:42:56.545 [Thread-0] DEBUG c.browserstack.utils.LogReportingAPI - 
[2025-01-10T22:42:56.544384400Z][ TESTHUB ] Exception in stop build request : com.browserstack.testOps.RequestException: Non 200 response
	at com.browserstack.testOps.RequestException.non200(Unknown Source)
	at com.browserstack.testOps.RequestUtils.requestToTestOps(Unknown Source)
	at com.browserstack.testOps.RequestUtils.requestToTestOpsString(Unknown Source)
	at com.browserstack.testOps.RequestUtils.stop(Unknown Source)
	at com.browserstack.testOps.Listener.a(Unknown Source)
	at com.browserstack.testOps.Listener.a(Unknown Source)
	at com.browserstack.testOps.Listener.onComplete(Unknown Source)
	at java.base/jdk.internal.reflect.DirectMethodHandleAccessor.invoke(DirectMethodHandleAccessor.java:103)
	at java.base/java.lang.reflect.Method.invoke(Method.java:580)
	at com.browserstack.utils.ConditionalInvocationHandler.invoke(Unknown Source)
	at jdk.proxy2/jdk.proxy2.$Proxy8.onComplete(Unknown Source)
	at com.browserstack.BrowserStackJavaAgent$FinalExecution.a(Unknown Source)
	at com.browserstack.BrowserStackJavaAgent$FinalExecution.a(Unknown Source)
	at com.browserstack.BrowserStackJavaAgent$FinalExecution.run(Unknown Source)


02:42:57.171 [Thread-0] DEBUG c.b.utils.FunnelInstrumentation - API Event Observability_Crash_Report_Upload, response: OK
02:42:57.173 [Thread-0] DEBUG c.b.monitoring.PerformanceTester - Failed to append key metrics to file C:\Users\Mylaptop\Desktop\Project2plzzzz\logs\key-metrics.json
02:43:00.679 [Thread-0] DEBUG c.b.monitoring.PerformanceTester - Failed to append key metrics to file C:\Users\Mylaptop\Desktop\Project2plzzzz\logs\key-metrics.json
02:43:00.689 [Thread-0] DEBUG c.b.utils.FrameworkDetectionUtils - Couldn't find dependency class: appium
02:43:00.689 [Thread-0] DEBUG com.browserstack.testOps.UsageStats - getFormattedData: Collecting data for TestObservability
02:43:00.696 [Thread-0] DEBUG c.b.utils.FunnelInstrumentation - Sending funnel data for SDKTestSuccessful with data: {"event_type":"SDKTestSuccessful","accessKey":"PQ6wNsygb77eCxSVxbcZ","userName":"floraayvazyan_72kWsC","event_properties":{"isPercyAutoEnabled":false,"language":"java","sdkRunId":"9169e1f8-c4c2-4fa6-a255-69f260065a14","buildIdentifier":"#15","testhub_uuid":"9l8cayjzejelbas9qconayx8olutodzekaozxkx6","detectedAppiumVersion":"null","productMap":{"app_automate":false,"accessibility":false,"automate":true,"percy":false,"observability":false,"turboscale":false},"hostname":"DESKTOP-7TGF0Q2","measures":{"sdk:driver:quit":44.25,"sdk:testhub":604.1356000006199,"sdk:post-test":0.7330999970436096,"sdk:automate:session-name":326.09,"sdk:driver:post-initialization":14.62,"sdk:o11y:print-buildlink":2429.865499999374,"sdk:hook":6.93,"sdk:automate:idle-timeout":3.3,"sdk:automate:local":201393.6682999991,"sdk:automate:hub-management":4708.932500001043,"sdk:driver:pre-initialization":4.31,"sdk:automate:session-status":174.73,"sdk:setup":15792.717800002545,"sdk:pre-test":4.756400000303984,"sdk:o11y:sync":59.01,"sdk:automate:session-annotation":92.94},"productUsage":{"testObservability":{"buildHashedId":"9l8cayjzejelbas9qconayx8olutodzekaozxkx6","manuallySet":false,"enabled":false}},"browserStackConfig":{"browserstackLocal":true,"percy":false,"logLevel":"info","staticWebDriver":true,"autoDetectFramework":true,"percyCaptureMode":"MANUAL","browserStackLocalOptions":{"localIdentifier":"11_Jan_239_DESKTOP_7TGF0Q2_wWUK","key":"****"},"percyOptions":null,"testContextOptions":{"skipSessionName":false,"serenityOverridePlugin":false,"skipSessionStatus":false},"platforms":[{"os":"Windows","browser":"Chrome","device":null,"capabilities":{},"osVersion":"11","browserVersion":"latest","platformCaps":{"os":"Windows","osVersion":11,"browserVersion":"latest","browserName":"Chrome"},"platformString":"Windows, 11, Chrome, latest","customVariables":"****"},{"os":"Windows","browser":"Edge","device":null,"capabilities":{},"osVersion":"11","browserVersion":"131.0","platformCaps":{"os":"Windows","osVersion":11,"browserVersion":131.0,"browserName":"Edge"},"platformString":"Windows, 11, Edge, 131.0","customVariables":"****"}],"parallelsPerPlatform":1,"framework":"selenide-testng","accessibility":false,"accessibilityOptions":{},"turboScaleOptions":{},"disableAutoCaptureLogs":true,"testObservability":true,"browserstackAutomation":true,"turboScale":false,"testObservabilityOptions":{},"gradleMConfig":null,"proxySettings":null},"percyBuildId":null,"product":"[automate]","buildName":"browserstack-build-1","os":"Windows 11","languageVersion":"23.0.1","appiumVersion":"","frameworkDetectionInstrumentation":{"parseLoadClass":6,"ret-org.openqa.selenium.remote.RemoteWebDriver":982,"retransformClasses":982,"parseDependencies":45},"userFramework":"selenide-testng","detectedDependencies":"selenide, testng","referrer":"selenide-testng-javaagent\/1.29.3","locationTrigger":"BSTACK_BUILD_END","accessibilityConfiguration":{"pollingTimeout":30},"language_framework":"java_selenide-testng","detectedFramework":"selenide-testng","testOrchestration":{"abortBuildOnFailure":{"enabled":false},"retryTestsOnFailure":{"enabled":false},"userConfig":{}},"detectedSeleniumVersion":"4.18.1","seleniumVersion":"4.18.1"}}
02:43:01.150 [Thread-0] DEBUG c.b.utils.FunnelInstrumentation - API Event SDKTestSuccessful, response: {"message":"SDK Event recorded successfully"}
02:43:02.221 [Thread-0] DEBUG c.b.monitoring.PerformanceTester - Failed to append key metrics to file C:\Users\Mylaptop\Desktop\Project2plzzzz\logs\key-metrics.json
02:43:02.221 [Thread-0] DEBUG c.browserstack.utils.UtilityMethods - Browserstack Gradle Config File does not exist.
02:43:02.541 [Thread-0] DEBUG c.b.monitoring.PerformanceTester - Failed to append key metrics to file C:\Users\Mylaptop\Desktop\Project2plzzzz\logs\key-metrics.json
02:43:02.541 [Thread-0] DEBUG c.browserstack.utils.UtilityMethods - Server side buildName(browserstack-build-1  15) is not same as client side buildName(browserstack-build-1 #15)
02:43:02.546 [Thread-0] DEBUG c.b.monitoring.PerformanceTester - Failed to append key metrics to file C:\Users\Mylaptop\Desktop\Project2plzzzz\logs\key-metrics.json
02:43:02.548 [Thread-0] DEBUG c.b.monitoring.PerformanceTester - Failed to append key metrics to file C:\Users\Mylaptop\Desktop\Project2plzzzz\logs\key-metrics.json
02:43:02.548 [Thread-0] DEBUG c.b.monitoring.PerformanceTester - Failed to append key metrics to file C:\Users\Mylaptop\Desktop\Project2plzzzz\logs\key-metrics.json
02:43:02.549 [Thread-0] DEBUG c.b.monitoring.PerformanceTester - Failed to append key metrics to file C:\Users\Mylaptop\Desktop\Project2plzzzz\logs\key-metrics.json
02:43:02.550 [Thread-0] DEBUG c.b.monitoring.PerformanceTester - Failed to append key metrics to file C:\Users\Mylaptop\Desktop\Project2plzzzz\logs\key-metrics.json
02:43:02.551 [Thread-0] DEBUG c.b.monitoring.PerformanceTester - Failed to append key metrics to file C:\Users\Mylaptop\Desktop\Project2plzzzz\logs\key-metrics.json
02:43:02.562 [Thread-0] DEBUG c.browserstack.testOps.RequestUtils - [makeRequest] Sending request: POST https://eds.browserstack.com/send_sdk_events with request size 641
02:43:03.650 [Thread-0] DEBUG c.browserstack.testOps.RequestUtils - [makeRequest]: Response code: 200
02:43:03.650 [Thread-0] DEBUG c.b.monitoring.PerformanceTester - Data sent successfully to https://eds.browserstack.com with status 200 {"event_type":"sdk_events","data":{"created_day":"2025-01-10T22:43:02.000560 +0000","event_name":"SDKFeaturePerformance","event_json":"{measures=[{\"duration\":4708.932500001043,\"eventName\":\"sdk:automate:hub-management\",\"startTime\":2.48799323047E7,\"success\":true,\"worker\":1,\"failure\":null,\"details\":null,\"entryType\":\"measure\",\"platform\":0,\"command\":null,\"testName\":null,\"hookType\":\"\"}]}","user_data":"floraayvazyan_72kWsC","testhub_uuid":"9l8cayjzejelbas9qconayx8olutodzekaozxkx6","host_info":"{\"hostname\":\"DESKTOP-7TGF0Q2\",\"arch\":\"amd64\",\"type\":null,\"version\":\"10.0\",\"platform\":\"Windows 11\"}"}} {Content-Type=application/json}
02:43:28.130 [main] DEBUG c.b.config.BrowserStackConfig - Cli Config passed - {}
02:43:28.694 [main] DEBUG c.b.logger.BrowserstackLoggerFactory - Log Level set to TRACE for logger com.browserstack
02:43:28.694 [main] DEBUG c.b.logger.BrowserstackLoggerFactory - Log Level set to INFO for logger stdoutPrinter
02:43:29.207 [main] DEBUG c.b.utils.FrameworkDetectionUtils - Java command - com.intellij.rt.testng.RemoteTestNGStarter -usedefaultlisteners false -socket60380 @w@C:\Users\Mylaptop\AppData\Local\Temp\idea_working_dirs_testng.tmp -temp C:\Users\Mylaptop\AppData\Local\Temp\idea_testng.tmp
02:43:29.208 [main] DEBUG c.b.utils.FrameworkDetectionUtils - Test classes detected: 
02:43:29.221 [main] DEBUG c.b.utils.FrameworkDetectionUtils - Runner: testng, Engine: none
02:43:29.268 [main] DEBUG c.b.utils.FrameworkDetectionUtils - Runner: testng, Engine: selenide from dependencies
02:43:29.268 [main] DEBUG c.b.utils.FrameworkDetectionUtils - Detected final framework as: selenide-testng
02:43:29.268 [main] DEBUG c.browserstack.BrowserStackJavaAgent - JavaAgent Version 1.29.3
02:43:29.285 [main] DEBUG c.b.utils.ExitSignalHandler - Registered handler for INT
02:43:29.285 [main] DEBUG c.b.utils.ExitSignalHandler - Registered handler for TERM
02:43:29.285 [main] DEBUG c.b.utils.ExitSignalHandler - Unable to attach signal handler for HUP Unknown signal: HUP
02:43:29.285 [main] DEBUG c.b.utils.ExitSignalHandler - Registered handler for ABRT
02:43:30.380 [Thread-1] DEBUG c.browserstack.utils.UtilityMethods - NEXT HUBS ARE: ["hub-euw.browserstack.com","hub-use.browserstack.com","hub-aps.browserstack.com"]
02:43:30.958 [main] DEBUG c.browserstack.utils.UtilityMethods - EXECUTION TIME OF hub-euw.browserstack.com HUB IS: 574ms
02:43:32.196 [main] DEBUG c.browserstack.utils.UtilityMethods - EXECUTION TIME OF hub-use.browserstack.com HUB IS: 1230ms
02:43:33.473 [main] DEBUG c.browserstack.utils.UtilityMethods - EXECUTION TIME OF hub-aps.browserstack.com HUB IS: 1275ms
02:43:33.475 [main] DEBUG c.browserstack.utils.UtilityMethods - NEAREST HUB ALLOCATED IS - hub-euw.browserstack.com
02:43:33.633 [main] DEBUG c.b.utils.FrameworkDetectionUtils - Couldn't find dependency class: appium
02:43:33.635 [main] DEBUG c.b.utils.FunnelInstrumentation - Sending funnel data for SDKTestAttempted with data: {"event_type":"SDKTestAttempted","accessKey":"PQ6wNsygb77eCxSVxbcZ","userName":"floraayvazyan_72kWsC","event_properties":{"product":"[automate]","buildName":"browserstack-build-1","os":"Windows 11","languageVersion":"23.0.1","appiumVersion":"","frameworkDetectionInstrumentation":{"parseLoadClass":7,"parseDependencies":46},"language":"java","sdkRunId":"ecf91c5c-a816-4e82-b06b-0323321e19b3","buildIdentifier":"#16","userFramework":"selenide-testng","testhub_uuid":"","detectedAppiumVersion":"null","detectedDependencies":"selenide, testng","productMap":{"app_automate":false,"accessibility":false,"automate":true,"percy":false,"observability":false,"turboscale":false},"referrer":"selenide-testng-javaagent\/1.29.3","hostname":"DESKTOP-7TGF0Q2","language_framework":"java_selenide-testng","detectedFramework":"selenide-testng","detectedSeleniumVersion":"4.18.1","seleniumVersion":"4.18.1"}}
02:43:34.126 [main] DEBUG c.b.utils.FunnelInstrumentation - API Event SDKTestAttempted, response: {"message":"SDK Event recorded successfully"}
02:43:34.695 [main] DEBUG c.b.monitoring.PerformanceTester - Failed to append key metrics to file C:\Users\Mylaptop\Desktop\Project2plzzzz\logs\key-metrics.json
02:43:34.696 [main] DEBUG c.browserstack.testOps.RequestUtils - [ TESTHUB ] Processing Request Kind launchTestSession
02:43:34.696 [main] DEBUG c.browserstack.testOps.RequestUtils - [requestToTestOps] Sending Observability request: POST api/v2/builds with request size 1246
02:43:34.696 [main] DEBUG c.browserstack.testOps.RequestUtils - [makeRequest] Sending request: POST https://collector-observability.browserstack.com/api/v2/builds with request size 1246
02:43:35.323 [main] DEBUG c.browserstack.testOps.RequestUtils - [makeRequest]: Response code: 200
02:43:35.323 [main] DEBUG c.browserstack.testOps.RequestUtils - requestToTestOps: Response code: 200
02:43:35.325 [main] DEBUG com.browserstack.testOps.Listener - BROWSERSTACK_TESTHUB_UUID : lqokyjlaqjxihbx6t97a8yndlbo9ryo3ghczgcbr
02:43:35.332 [main] DEBUG com.browserstack.testOps.Listener - [ TESTHUB ] Build creation successfull
02:43:35.336 [main] DEBUG com.browserstack.LocalFactory - Starting BrowserStack Local with identifier 11_Jan_243_DESKTOP_7TGF0Q2_lLbU
02:43:41.710 [main] DEBUG c.b.monitoring.PerformanceTester - Failed to append key metrics to file C:\Users\Mylaptop\Desktop\Project2plzzzz\logs\key-metrics.json
02:43:43.103 [main] DEBUG c.b.t.XMLSuiteClassListener - Number of parallels - 2 and number of platforms - 2
02:43:43.983 [main] DEBUG c.browserstack.utils.LogReportingAPI - [2025-01-10T22:43:43.983191400Z][ OBSERVABILITY ] Processing Logs patching stream
02:43:43.988 [main] DEBUG c.b.monitoring.PerformanceTester - Failed to append key metrics to file C:\Users\Mylaptop\Desktop\Project2plzzzz\logs\key-metrics.json
02:43:44.404 [setUp@0] DEBUG c.browserstack.utils.UtilityMethods - [Patch]: SDK enabled, patching remote server
02:43:44.404 [setUp@1] DEBUG c.browserstack.utils.UtilityMethods - [Patch]: SDK enabled, patching remote server
02:43:44.406 [setUp@1] DEBUG c.b.selenium.SeleniumHandler - beforeDriverInit: SDK enabled. Thread ID: 60
02:43:44.406 [setUp@0] DEBUG c.b.selenium.SeleniumHandler - beforeDriverInit: SDK enabled. Thread ID: 59
02:43:44.408 [setUp@1] DEBUG c.b.monitoring.PerformanceTester - Failed to append key metrics to file C:\Users\Mylaptop\Desktop\Project2plzzzz\logs\key-metrics.json
02:43:44.408 [setUp@0] DEBUG c.b.monitoring.PerformanceTester - Failed to append key metrics to file C:\Users\Mylaptop\Desktop\Project2plzzzz\logs\key-metrics.json
02:43:44.412 [setUp@1] DEBUG c.browserstack.utils.UtilityMethods - [Patch]: SDK enabled, patching remote server
02:43:44.413 [setUp@0] DEBUG c.browserstack.utils.UtilityMethods - [Patch]: SDK enabled, patching remote server
02:43:52.524 [setUp@0] DEBUG c.b.utils.SeleniumMethodUtils - OPTIMAL HUB IS: hub-euw.browserstack.com
02:43:52.524 [setUp@0] DEBUG c.b.selenium.SeleniumHandler - afterDriverInit: requested
02:43:52.556 [setUp@0] DEBUG c.b.utils.SeleniumMethodUtils - getURLFromCommandExecutor: Getting Hub url from HttpCommandExecutor
02:43:52.556 [setUp@0] DEBUG c.b.utils.SeleniumMethodUtils - getURLFromCommandExecutor: Found url: https://hub-euw.browserstack.com/wd/hub
02:43:52.557 [setUp@0] DEBUG c.b.utils.SeleniumMethodUtils - getURLFromCommandExecutor: Getting Hub url from HttpCommandExecutor
02:43:52.557 [setUp@0] DEBUG c.b.utils.SeleniumMethodUtils - getURLFromCommandExecutor: Found url: https://hub-euw.browserstack.com/wd/hub
02:43:52.557 [setUp@0] DEBUG c.b.monitoring.PerformanceTester - Failed to append key metrics to file C:\Users\Mylaptop\Desktop\Project2plzzzz\logs\key-metrics.json
02:43:52.567 [Forwarding setTimeout on session b49717bd81a3824b755a083a268ad4c3609ff533 to remote] DEBUG c.browserstack.utils.UtilityMethods - [Error]java.lang.IllegalAccessError: Update to non-static final field org.openqa.selenium.remote.HttpCommandExecutor.client attempted from a different method (execute) than the initializer method <init> 
	at org.openqa.selenium.remote.HttpCommandExecutor.execute(HttpCommandExecutor.java)
	at org.openqa.selenium.remote.RemoteWebDriver.execute(RemoteWebDriver.java:519)
	at org.openqa.selenium.remote.RemoteWebDriver$RemoteWebDriverOptions$RemoteTimeouts.implicitlyWait(RemoteWebDriver.java:934)
	at BaseTest.BrowserStackTest.setUp(BrowserStackTest.java:62)
	at java.base/jdk.internal.reflect.DirectMethodHandleAccessor.invoke(DirectMethodHandleAccessor.java:103)
	at java.base/java.lang.reflect.Method.invoke(Method.java:580)
	at org.testng.internal.invokers.MethodInvocationHelper.invokeMethod(MethodInvocationHelper.java:135)
	at org.testng.internal.invokers.MethodInvocationHelper.invokeMethodConsideringTimeout(MethodInvocationHelper.java:65)
	at org.testng.internal.invokers.ConfigInvoker.invokeConfigurationMethod(ConfigInvoker.java:381)
	at org.testng.internal.invokers.ConfigInvoker.invokeConfigurations(ConfigInvoker.java:319)
	at org.testng.internal.invokers.TestInvoker.runConfigMethods(TestInvoker.java:803)
	at org.testng.internal.invokers.TestInvoker.invokeMethod(TestInvoker.java:589)
	at org.testng.internal.invokers.TestInvoker.invokeTestMethod(TestInvoker.java:220)
	at org.testng.internal.invokers.MethodRunner.runInSequence(MethodRunner.java:50)
	at org.testng.internal.invokers.TestInvoker$MethodInvocationAgent.invoke(TestInvoker.java:945)
	at org.testng.internal.invokers.TestInvoker.invokeTestMethods(TestInvoker.java:193)
	at org.testng.internal.invokers.TestMethodWorker.invokeTestMethods(TestMethodWorker.java:146)
	at org.testng.internal.invokers.TestMethodWorker.run(TestMethodWorker.java:128)
	at java.base/java.util.ArrayList.forEach(ArrayList.java:1597)
	at org.testng.TestRunner.privateRun(TestRunner.java:808)
	at org.testng.TestRunner.run(TestRunner.java:603)
	at org.testng.SuiteRunner.runTest(SuiteRunner.java:429)
	at org.testng.SuiteRunner.access$000(SuiteRunner.java:32)
	at org.testng.SuiteRunner$SuiteWorker.run(SuiteRunner.java:467)
	at org.testng.internal.thread.ThreadUtil.lambda$execute$0(ThreadUtil.java:58)
	at java.base/java.util.concurrent.FutureTask.run(FutureTask.java:317)
	at java.base/java.util.concurrent.ThreadPoolExecutor.runWorker(ThreadPoolExecutor.java:1144)
	at java.base/java.util.concurrent.ThreadPoolExecutor$Worker.run(ThreadPoolExecutor.java:642)
	at java.base/java.lang.Thread.run(Thread.java:1575)

02:43:57.122 [setUp@1] DEBUG c.b.utils.SeleniumMethodUtils - OPTIMAL HUB IS: hub-euw.browserstack.com
02:43:57.122 [setUp@1] DEBUG c.b.selenium.SeleniumHandler - afterDriverInit: requested
02:43:57.127 [setUp@1] DEBUG c.b.utils.SeleniumMethodUtils - getURLFromCommandExecutor: Getting Hub url from HttpCommandExecutor
02:43:57.127 [setUp@1] DEBUG c.b.utils.SeleniumMethodUtils - getURLFromCommandExecutor: Found url: https://hub-euw.browserstack.com/wd/hub
02:43:57.127 [setUp@1] DEBUG c.b.utils.SeleniumMethodUtils - getURLFromCommandExecutor: Getting Hub url from HttpCommandExecutor
02:43:57.127 [setUp@1] DEBUG c.b.utils.SeleniumMethodUtils - getURLFromCommandExecutor: Found url: https://hub-euw.browserstack.com/wd/hub
02:43:57.127 [setUp@1] DEBUG c.b.monitoring.PerformanceTester - Failed to append key metrics to file C:\Users\Mylaptop\Desktop\Project2plzzzz\logs\key-metrics.json
02:43:57.131 [Forwarding setTimeout on session 08b763bd56b19a5b9a799c01ca4411cda8512ae1 to remote] DEBUG c.browserstack.utils.UtilityMethods - [Error]java.lang.IllegalAccessError: Update to non-static final field org.openqa.selenium.remote.HttpCommandExecutor.client attempted from a different method (execute) than the initializer method <init> 
	at org.openqa.selenium.remote.HttpCommandExecutor.execute(HttpCommandExecutor.java)
	at org.openqa.selenium.remote.RemoteWebDriver.execute(RemoteWebDriver.java:519)
	at org.openqa.selenium.remote.RemoteWebDriver$RemoteWebDriverOptions$RemoteTimeouts.implicitlyWait(RemoteWebDriver.java:934)
	at BaseTest.BrowserStackTest.setUp(BrowserStackTest.java:62)
	at java.base/jdk.internal.reflect.DirectMethodHandleAccessor.invoke(DirectMethodHandleAccessor.java:103)
	at java.base/java.lang.reflect.Method.invoke(Method.java:580)
	at org.testng.internal.invokers.MethodInvocationHelper.invokeMethod(MethodInvocationHelper.java:135)
	at org.testng.internal.invokers.MethodInvocationHelper.invokeMethodConsideringTimeout(MethodInvocationHelper.java:65)
	at org.testng.internal.invokers.ConfigInvoker.invokeConfigurationMethod(ConfigInvoker.java:381)
	at org.testng.internal.invokers.ConfigInvoker.invokeConfigurations(ConfigInvoker.java:319)
	at org.testng.internal.invokers.TestInvoker.runConfigMethods(TestInvoker.java:803)
	at org.testng.internal.invokers.TestInvoker.invokeMethod(TestInvoker.java:589)
	at org.testng.internal.invokers.TestInvoker.invokeTestMethod(TestInvoker.java:220)
	at org.testng.internal.invokers.MethodRunner.runInSequence(MethodRunner.java:50)
	at org.testng.internal.invokers.TestInvoker$MethodInvocationAgent.invoke(TestInvoker.java:945)
	at org.testng.internal.invokers.TestInvoker.invokeTestMethods(TestInvoker.java:193)
	at org.testng.internal.invokers.TestMethodWorker.invokeTestMethods(TestMethodWorker.java:146)
	at org.testng.internal.invokers.TestMethodWorker.run(TestMethodWorker.java:128)
	at java.base/java.util.ArrayList.forEach(ArrayList.java:1597)
	at org.testng.TestRunner.privateRun(TestRunner.java:808)
	at org.testng.TestRunner.run(TestRunner.java:603)
	at org.testng.SuiteRunner.runTest(SuiteRunner.java:429)
	at org.testng.SuiteRunner.access$000(SuiteRunner.java:32)
	at org.testng.SuiteRunner$SuiteWorker.run(SuiteRunner.java:467)
	at org.testng.internal.thread.ThreadUtil.lambda$execute$0(ThreadUtil.java:58)
	at java.base/java.util.concurrent.FutureTask.run(FutureTask.java:317)
	at java.base/java.util.concurrent.ThreadPoolExecutor.runWorker(ThreadPoolExecutor.java:1144)
	at java.base/java.util.concurrent.ThreadPoolExecutor$Worker.run(ThreadPoolExecutor.java:642)
	at java.base/java.lang.Thread.run(Thread.java:1575)

02:44:03.342 [successfulLoginTest@0] DEBUG c.b.monitoring.PerformanceTester - Failed to append key metrics to file C:\Users\Mylaptop\Desktop\Project2plzzzz\logs\key-metrics.json
02:44:03.348 [successfulLoginTest@0] DEBUG c.b.testNgListeners.TestNGUtils - [populateTestDataForBSTestOps] Event Type :: TestRunFinished, Test ClassName :: Saucedemo.LoginTestBrowserStack 
02:44:03.349 [successfulLoginTest@0] DEBUG c.browserstack.utils.UtilityMethods - [findFileMatcher] Current Path is :: C:\Users\Mylaptop\Desktop\Project2plzzzz, TestClass :: Saucedemo\LoginTestBrowserStack
02:44:03.450 [successfulLoginTest@0] DEBUG c.b.testNgListeners.TestNGUtils - [populateTestDataForBSTestOps] The filename fetched :: C:\Users\Mylaptop\Desktop\Project2plzzzz\src\test\java\Saucedemo\LoginTestBrowserStack.java, fileSeparator :: \, AbsolutePath :: C:\Users\Mylaptop\Desktop\Project2plzzzz\., Normalized Path :: C:\Users\Mylaptop\Desktop\Project2plzzzz, File.Separator :: \
02:44:03.450 [successfulLoginTest@0] DEBUG c.b.testNgListeners.TestNGUtils - [populateTestDataForBSTestOps] Replaced File Name is :: Project2plzzzz\src\test\java\Saucedemo\LoginTestBrowserStack.java, Absolute Path :: C:\Users\Mylaptop\Desktop\Project2plzzzz\.., Normalized Path :: C:\Users\Mylaptop\Desktop 
02:44:03.459 [successfulLoginTest@0] DEBUG c.b.utils.SeleniumMethodUtils - getURLFromCommandExecutor: Getting Hub url from HttpCommandExecutor
02:44:03.460 [successfulLoginTest@0] DEBUG c.b.utils.SeleniumMethodUtils - getURLFromCommandExecutor: Found url: https://hub-euw.browserstack.com/wd/hub
02:44:03.460 [successfulLoginTest@0] DEBUG c.b.utils.SeleniumMethodUtils - getURLFromCommandExecutor: Getting Hub url from HttpCommandExecutor
02:44:03.460 [successfulLoginTest@0] DEBUG c.b.utils.SeleniumMethodUtils - getURLFromCommandExecutor: Found url: https://hub-euw.browserstack.com/wd/hub
02:44:03.480 [successfulLoginTest@0] DEBUG c.b.monitoring.PerformanceTester - Failed to append key metrics to file C:\Users\Mylaptop\Desktop\Project2plzzzz\logs\key-metrics.json
02:44:03.565 [successfulLoginTest@0] DEBUG c.b.monitoring.PerformanceTester - Failed to append key metrics to file C:\Users\Mylaptop\Desktop\Project2plzzzz\logs\key-metrics.json
02:44:03.585 [successfulLoginTest@0] DEBUG c.b.monitoring.PerformanceTester - Failed to append key metrics to file C:\Users\Mylaptop\Desktop\Project2plzzzz\logs\key-metrics.json
02:44:04.253 [tearDown@0] DEBUG c.b.monitoring.PerformanceTester - Failed to append key metrics to file C:\Users\Mylaptop\Desktop\Project2plzzzz\logs\key-metrics.json
02:44:04.929 [tearDown@0] DEBUG c.b.monitoring.PerformanceTester - Failed to append key metrics to file C:\Users\Mylaptop\Desktop\Project2plzzzz\logs\key-metrics.json
02:44:05.030 [tearDown@0] DEBUG c.b.monitoring.PerformanceTester - Failed to append key metrics to file C:\Users\Mylaptop\Desktop\Project2plzzzz\logs\key-metrics.json
02:44:05.030 [tearDown@0] DEBUG c.b.monitoring.PerformanceTester - Failed to append key metrics to file C:\Users\Mylaptop\Desktop\Project2plzzzz\logs\key-metrics.json
02:44:05.031 [tearDown@0] DEBUG c.b.monitoring.PerformanceTester - Failed to append key metrics to file C:\Users\Mylaptop\Desktop\Project2plzzzz\logs\key-metrics.json
02:44:06.189 [setUp@0] DEBUG c.browserstack.utils.UtilityMethods - [Patch]: SDK enabled, patching remote server
02:44:06.189 [setUp@0] DEBUG c.b.selenium.SeleniumHandler - beforeDriverInit: SDK enabled. Thread ID: 59
02:44:06.189 [setUp@0] DEBUG c.b.selenium.SeleniumHandler - Quitting webdriver: com.browserstack.config.TestNgCurrentRemoteWebdriver@12886655
02:44:06.192 [setUp@0] DEBUG c.b.monitoring.PerformanceTester - Failed to append key metrics to file C:\Users\Mylaptop\Desktop\Project2plzzzz\logs\key-metrics.json
02:44:06.192 [setUp@0] DEBUG c.browserstack.utils.LogReportingAPI - sendSync failed - driver not alive
02:44:06.194 [setUp@0] DEBUG c.b.monitoring.PerformanceTester - Failed to append key metrics to file C:\Users\Mylaptop\Desktop\Project2plzzzz\logs\key-metrics.json
02:44:06.195 [setUp@0] DEBUG c.b.monitoring.PerformanceTester - Failed to append key metrics to file C:\Users\Mylaptop\Desktop\Project2plzzzz\logs\key-metrics.json
02:44:06.195 [setUp@0] DEBUG c.b.monitoring.PerformanceTester - Failed to append key metrics to file C:\Users\Mylaptop\Desktop\Project2plzzzz\logs\key-metrics.json
02:44:06.197 [setUp@0] DEBUG c.b.monitoring.PerformanceTester - Failed to append key metrics to file C:\Users\Mylaptop\Desktop\Project2plzzzz\logs\key-metrics.json
02:44:06.199 [setUp@0] DEBUG c.browserstack.utils.UtilityMethods - [Patch]: SDK enabled, patching remote server
02:44:12.748 [setUp@0] DEBUG c.b.utils.SeleniumMethodUtils - OPTIMAL HUB IS: hub-euw.browserstack.com
02:44:12.748 [setUp@0] DEBUG c.b.selenium.SeleniumHandler - afterDriverInit: requested
02:44:12.781 [setUp@0] DEBUG c.b.utils.SeleniumMethodUtils - getURLFromCommandExecutor: Getting Hub url from HttpCommandExecutor
02:44:12.781 [setUp@0] DEBUG c.b.utils.SeleniumMethodUtils - getURLFromCommandExecutor: Found url: https://hub-euw.browserstack.com/wd/hub
02:44:12.781 [setUp@0] DEBUG c.b.utils.SeleniumMethodUtils - getURLFromCommandExecutor: Getting Hub url from HttpCommandExecutor
02:44:12.781 [setUp@0] DEBUG c.b.utils.SeleniumMethodUtils - getURLFromCommandExecutor: Found url: https://hub-euw.browserstack.com/wd/hub
02:44:12.783 [setUp@0] DEBUG c.b.monitoring.PerformanceTester - Failed to append key metrics to file C:\Users\Mylaptop\Desktop\Project2plzzzz\logs\key-metrics.json
02:44:12.784 [Forwarding setTimeout on session 17647bcce995df1615aa46b474fe40c2066332e5 to remote] DEBUG c.browserstack.utils.UtilityMethods - [Error]java.lang.IllegalAccessError: Update to non-static final field org.openqa.selenium.remote.HttpCommandExecutor.client attempted from a different method (execute) than the initializer method <init> 
	at org.openqa.selenium.remote.HttpCommandExecutor.execute(HttpCommandExecutor.java)
	at org.openqa.selenium.remote.RemoteWebDriver.execute(RemoteWebDriver.java:519)
	at org.openqa.selenium.remote.RemoteWebDriver$RemoteWebDriverOptions$RemoteTimeouts.implicitlyWait(RemoteWebDriver.java:934)
	at BaseTest.BrowserStackTest.setUp(BrowserStackTest.java:62)
	at java.base/jdk.internal.reflect.DirectMethodHandleAccessor.invoke(DirectMethodHandleAccessor.java:103)
	at java.base/java.lang.reflect.Method.invoke(Method.java:580)
	at org.testng.internal.invokers.MethodInvocationHelper.invokeMethod(MethodInvocationHelper.java:135)
	at org.testng.internal.invokers.MethodInvocationHelper.invokeMethodConsideringTimeout(MethodInvocationHelper.java:65)
	at org.testng.internal.invokers.ConfigInvoker.invokeConfigurationMethod(ConfigInvoker.java:381)
	at org.testng.internal.invokers.ConfigInvoker.invokeConfigurations(ConfigInvoker.java:319)
	at org.testng.internal.invokers.TestInvoker.runConfigMethods(TestInvoker.java:803)
	at org.testng.internal.invokers.TestInvoker.invokeMethod(TestInvoker.java:589)
	at org.testng.internal.invokers.TestInvoker.invokeTestMethod(TestInvoker.java:220)
	at org.testng.internal.invokers.MethodRunner.runInSequence(MethodRunner.java:50)
	at org.testng.internal.invokers.TestInvoker$MethodInvocationAgent.invoke(TestInvoker.java:945)
	at org.testng.internal.invokers.TestInvoker.invokeTestMethods(TestInvoker.java:193)
	at org.testng.internal.invokers.TestMethodWorker.invokeTestMethods(TestMethodWorker.java:146)
	at org.testng.internal.invokers.TestMethodWorker.run(TestMethodWorker.java:128)
	at java.base/java.util.ArrayList.forEach(ArrayList.java:1597)
	at org.testng.TestRunner.privateRun(TestRunner.java:808)
	at org.testng.TestRunner.run(TestRunner.java:603)
	at org.testng.SuiteRunner.runTest(SuiteRunner.java:429)
	at org.testng.SuiteRunner.access$000(SuiteRunner.java:32)
	at org.testng.SuiteRunner$SuiteWorker.run(SuiteRunner.java:467)
	at org.testng.internal.thread.ThreadUtil.lambda$execute$0(ThreadUtil.java:58)
	at java.base/java.util.concurrent.FutureTask.run(FutureTask.java:317)
	at java.base/java.util.concurrent.ThreadPoolExecutor.runWorker(ThreadPoolExecutor.java:1144)
	at java.base/java.util.concurrent.ThreadPoolExecutor$Worker.run(ThreadPoolExecutor.java:642)
	at java.base/java.lang.Thread.run(Thread.java:1575)

02:44:15.687 [successfulLoginTest@1] DEBUG c.b.monitoring.PerformanceTester - Failed to append key metrics to file C:\Users\Mylaptop\Desktop\Project2plzzzz\logs\key-metrics.json
02:44:15.687 [successfulLoginTest@1] DEBUG c.b.testNgListeners.TestNGUtils - [populateTestDataForBSTestOps] Event Type :: TestRunFinished, Test ClassName :: Saucedemo.LoginTestBrowserStack 
02:44:15.687 [successfulLoginTest@1] DEBUG c.browserstack.utils.UtilityMethods - [findFileMatcher] Current Path is :: C:\Users\Mylaptop\Desktop\Project2plzzzz, TestClass :: Saucedemo\LoginTestBrowserStack
02:44:15.771 [successfulLoginTest@1] DEBUG c.b.testNgListeners.TestNGUtils - [populateTestDataForBSTestOps] The filename fetched :: C:\Users\Mylaptop\Desktop\Project2plzzzz\src\test\java\Saucedemo\LoginTestBrowserStack.java, fileSeparator :: \, AbsolutePath :: C:\Users\Mylaptop\Desktop\Project2plzzzz\., Normalized Path :: C:\Users\Mylaptop\Desktop\Project2plzzzz, File.Separator :: \
02:44:15.771 [successfulLoginTest@1] DEBUG c.b.testNgListeners.TestNGUtils - [populateTestDataForBSTestOps] Replaced File Name is :: Project2plzzzz\src\test\java\Saucedemo\LoginTestBrowserStack.java, Absolute Path :: C:\Users\Mylaptop\Desktop\Project2plzzzz\.., Normalized Path :: C:\Users\Mylaptop\Desktop 
02:44:15.780 [successfulLoginTest@1] DEBUG c.b.utils.SeleniumMethodUtils - getURLFromCommandExecutor: Getting Hub url from HttpCommandExecutor
02:44:15.780 [successfulLoginTest@1] DEBUG c.b.utils.SeleniumMethodUtils - getURLFromCommandExecutor: Found url: https://hub-euw.browserstack.com/wd/hub
02:44:15.780 [successfulLoginTest@1] DEBUG c.b.utils.SeleniumMethodUtils - getURLFromCommandExecutor: Getting Hub url from HttpCommandExecutor
02:44:15.780 [successfulLoginTest@1] DEBUG c.b.utils.SeleniumMethodUtils - getURLFromCommandExecutor: Found url: https://hub-euw.browserstack.com/wd/hub
02:44:15.801 [successfulLoginTest@1] DEBUG c.b.monitoring.PerformanceTester - Failed to append key metrics to file C:\Users\Mylaptop\Desktop\Project2plzzzz\logs\key-metrics.json
02:44:15.931 [successfulLoginTest@1] DEBUG c.b.monitoring.PerformanceTester - Failed to append key metrics to file C:\Users\Mylaptop\Desktop\Project2plzzzz\logs\key-metrics.json
02:44:15.932 [successfulLoginTest@1] DEBUG c.b.monitoring.PerformanceTester - Failed to append key metrics to file C:\Users\Mylaptop\Desktop\Project2plzzzz\logs\key-metrics.json
02:44:16.081 [Thread-0] DEBUG c.browserstack.BrowserStackJavaAgent - Starting final execution
02:44:16.081 [Thread-0] DEBUG c.b.u.ObservabilityUtilityMethods - Processing batch requests with type: Global
02:44:16.095 [Thread-0] DEBUG c.browserstack.testOps.RequestUtils - [ TESTHUB ] Processing Request Kind stopBuildUpstream
02:44:16.095 [Thread-0] DEBUG c.browserstack.testOps.RequestUtils - [requestToTestOps] Sending Observability request: PUT api/v1/builds/lqokyjlaqjxihbx6t97a8yndlbo9ryo3ghczgcbr/stop with request size 107
02:44:16.095 [Thread-0] DEBUG c.browserstack.testOps.RequestUtils - [makeRequest] Sending request: PUT https://collector-observability.browserstack.com/api/v1/builds/lqokyjlaqjxihbx6t97a8yndlbo9ryo3ghczgcbr/stop with request size 107
02:44:16.269 [tearDown@1] DEBUG c.b.monitoring.PerformanceTester - Failed to append key metrics to file C:\Users\Mylaptop\Desktop\Project2plzzzz\logs\key-metrics.json
02:44:16.276 [Thread-0] DEBUG c.browserstack.testOps.RequestUtils - [makeRequest]: Response code: 401
02:44:16.276 [Thread-0] DEBUG c.browserstack.testOps.RequestUtils - requestToTestOps: Response code: 401
02:44:16.276 [Thread-0] DEBUG c.browserstack.testOps.RequestUtils - [OBSERVABILITY] Non-200 Response 401 with error 
02:44:16.276 [Thread-0] DEBUG c.browserstack.utils.LogReportingAPI - Observability Stop request failed. Retrying.. Exception: com.browserstack.testOps.RequestException: Non 200 response
	at com.browserstack.testOps.RequestException.non200(Unknown Source)
	at com.browserstack.testOps.RequestUtils.requestToTestOps(Unknown Source)
	at com.browserstack.testOps.RequestUtils.requestToTestOpsString(Unknown Source)
	at com.browserstack.testOps.RequestUtils.stop(Unknown Source)
	at com.browserstack.testOps.Listener.a(Unknown Source)
	at com.browserstack.testOps.Listener.a(Unknown Source)
	at com.browserstack.testOps.Listener.onComplete(Unknown Source)
	at java.base/jdk.internal.reflect.DirectMethodHandleAccessor.invoke(DirectMethodHandleAccessor.java:103)
	at java.base/java.lang.reflect.Method.invoke(Method.java:580)
	at com.browserstack.utils.ConditionalInvocationHandler.invoke(Unknown Source)
	at jdk.proxy2/jdk.proxy2.$Proxy8.onComplete(Unknown Source)
	at com.browserstack.BrowserStackJavaAgent$FinalExecution.a(Unknown Source)
	at com.browserstack.BrowserStackJavaAgent$FinalExecution.a(Unknown Source)
	at com.browserstack.BrowserStackJavaAgent$FinalExecution.run(Unknown Source)

02:44:16.710 [tearDown@1] DEBUG c.b.monitoring.PerformanceTester - Failed to append key metrics to file C:\Users\Mylaptop\Desktop\Project2plzzzz\logs\key-metrics.json
02:44:16.802 [tearDown@1] DEBUG c.b.monitoring.PerformanceTester - Failed to append key metrics to file C:\Users\Mylaptop\Desktop\Project2plzzzz\logs\key-metrics.json
02:44:16.806 [tearDown@1] DEBUG c.b.monitoring.PerformanceTester - Failed to append key metrics to file C:\Users\Mylaptop\Desktop\Project2plzzzz\logs\key-metrics.json
02:44:16.808 [tearDown@1] DEBUG c.b.monitoring.PerformanceTester - Failed to append key metrics to file C:\Users\Mylaptop\Desktop\Project2plzzzz\logs\key-metrics.json
02:44:17.094 [Thread-0] DEBUG c.b.utils.FunnelInstrumentation - API Event Observability_Crash_Report_Upload, response: OK
02:44:17.094 [Thread-0] DEBUG c.browserstack.testOps.RequestUtils - [requestToTestOps] Sending Observability request: PUT api/v1/builds/lqokyjlaqjxihbx6t97a8yndlbo9ryo3ghczgcbr/stop with request size 107
02:44:17.094 [Thread-0] DEBUG c.browserstack.testOps.RequestUtils - [makeRequest] Sending request: PUT https://collector-observability.browserstack.com/api/v1/builds/lqokyjlaqjxihbx6t97a8yndlbo9ryo3ghczgcbr/stop with request size 107
02:44:17.312 [Thread-0] DEBUG c.browserstack.testOps.RequestUtils - [makeRequest]: Response code: 401
02:44:17.312 [Thread-0] DEBUG c.browserstack.testOps.RequestUtils - requestToTestOps: Response code: 401
02:44:17.312 [Thread-0] DEBUG c.browserstack.testOps.RequestUtils - [OBSERVABILITY] Non-200 Response 401 with error 
02:44:17.312 [Thread-0] DEBUG c.browserstack.utils.LogReportingAPI - 
[2025-01-10T22:44:17.312119Z][ TESTHUB ] Exception in stop build request : com.browserstack.testOps.RequestException: Non 200 response
	at com.browserstack.testOps.RequestException.non200(Unknown Source)
	at com.browserstack.testOps.RequestUtils.requestToTestOps(Unknown Source)
	at com.browserstack.testOps.RequestUtils.requestToTestOpsString(Unknown Source)
	at com.browserstack.testOps.RequestUtils.stop(Unknown Source)
	at com.browserstack.testOps.Listener.a(Unknown Source)
	at com.browserstack.testOps.Listener.a(Unknown Source)
	at com.browserstack.testOps.Listener.onComplete(Unknown Source)
	at java.base/jdk.internal.reflect.DirectMethodHandleAccessor.invoke(DirectMethodHandleAccessor.java:103)
	at java.base/java.lang.reflect.Method.invoke(Method.java:580)
	at com.browserstack.utils.ConditionalInvocationHandler.invoke(Unknown Source)
	at jdk.proxy2/jdk.proxy2.$Proxy8.onComplete(Unknown Source)
	at com.browserstack.BrowserStackJavaAgent$FinalExecution.a(Unknown Source)
	at com.browserstack.BrowserStackJavaAgent$FinalExecution.a(Unknown Source)
	at com.browserstack.BrowserStackJavaAgent$FinalExecution.run(Unknown Source)


02:44:18.385 [Thread-0] DEBUG c.b.utils.FunnelInstrumentation - API Event Observability_Crash_Report_Upload, response: OK
02:44:18.387 [Thread-0] DEBUG c.b.monitoring.PerformanceTester - Failed to append key metrics to file C:\Users\Mylaptop\Desktop\Project2plzzzz\logs\key-metrics.json
02:44:18.651 [setUp@1] DEBUG c.browserstack.utils.UtilityMethods - [Patch]: SDK enabled, patching remote server
02:44:18.652 [setUp@1] DEBUG c.b.selenium.SeleniumHandler - beforeDriverInit: SDK enabled. Thread ID: 60
02:44:18.652 [setUp@1] DEBUG c.b.selenium.SeleniumHandler - Quitting webdriver: com.browserstack.config.TestNgCurrentRemoteWebdriver@3ec14dd0
02:44:18.656 [setUp@1] DEBUG c.b.monitoring.PerformanceTester - Failed to append key metrics to file C:\Users\Mylaptop\Desktop\Project2plzzzz\logs\key-metrics.json
02:44:18.656 [setUp@1] DEBUG c.browserstack.utils.LogReportingAPI - sendSync failed - driver not alive
02:44:18.791 [setUp@1] DEBUG c.b.monitoring.PerformanceTester - Failed to append key metrics to file C:\Users\Mylaptop\Desktop\Project2plzzzz\logs\key-metrics.json
02:44:18.792 [setUp@1] DEBUG c.b.monitoring.PerformanceTester - Failed to append key metrics to file C:\Users\Mylaptop\Desktop\Project2plzzzz\logs\key-metrics.json
02:44:18.811 [setUp@1] DEBUG c.b.monitoring.PerformanceTester - Failed to append key metrics to file C:\Users\Mylaptop\Desktop\Project2plzzzz\logs\key-metrics.json
02:44:18.812 [setUp@1] DEBUG c.b.monitoring.PerformanceTester - Failed to append key metrics to file C:\Users\Mylaptop\Desktop\Project2plzzzz\logs\key-metrics.json
02:44:18.835 [setUp@1] DEBUG c.browserstack.utils.UtilityMethods - [Patch]: SDK enabled, patching remote server
02:44:20.167 [bannedUserLoginTest@0] DEBUG c.b.monitoring.PerformanceTester - Failed to append key metrics to file C:\Users\Mylaptop\Desktop\Project2plzzzz\logs\key-metrics.json
02:44:20.168 [bannedUserLoginTest@0] DEBUG c.b.testNgListeners.TestNGUtils - [populateTestDataForBSTestOps] Event Type :: TestRunFinished, Test ClassName :: Saucedemo.LoginTestBrowserStack 
02:44:20.168 [bannedUserLoginTest@0] DEBUG c.browserstack.utils.UtilityMethods - [findFileMatcher] Current Path is :: C:\Users\Mylaptop\Desktop\Project2plzzzz, TestClass :: Saucedemo\LoginTestBrowserStack
02:44:20.197 [bannedUserLoginTest@0] DEBUG c.b.testNgListeners.TestNGUtils - [populateTestDataForBSTestOps] The filename fetched :: C:\Users\Mylaptop\Desktop\Project2plzzzz\src\test\java\Saucedemo\LoginTestBrowserStack.java, fileSeparator :: \, AbsolutePath :: C:\Users\Mylaptop\Desktop\Project2plzzzz\., Normalized Path :: C:\Users\Mylaptop\Desktop\Project2plzzzz, File.Separator :: \
02:44:20.197 [bannedUserLoginTest@0] DEBUG c.b.testNgListeners.TestNGUtils - [populateTestDataForBSTestOps] Replaced File Name is :: Project2plzzzz\src\test\java\Saucedemo\LoginTestBrowserStack.java, Absolute Path :: C:\Users\Mylaptop\Desktop\Project2plzzzz\.., Normalized Path :: C:\Users\Mylaptop\Desktop 
02:44:20.202 [bannedUserLoginTest@0] DEBUG c.b.utils.SeleniumMethodUtils - getURLFromCommandExecutor: Getting Hub url from HttpCommandExecutor
02:44:20.202 [bannedUserLoginTest@0] DEBUG c.b.utils.SeleniumMethodUtils - getURLFromCommandExecutor: Found url: https://hub-euw.browserstack.com/wd/hub
02:44:20.202 [bannedUserLoginTest@0] DEBUG c.b.utils.SeleniumMethodUtils - getURLFromCommandExecutor: Getting Hub url from HttpCommandExecutor
02:44:20.202 [bannedUserLoginTest@0] DEBUG c.b.utils.SeleniumMethodUtils - getURLFromCommandExecutor: Found url: https://hub-euw.browserstack.com/wd/hub
02:44:20.212 [bannedUserLoginTest@0] DEBUG c.b.monitoring.PerformanceTester - Failed to append key metrics to file C:\Users\Mylaptop\Desktop\Project2plzzzz\logs\key-metrics.json
02:44:20.295 [bannedUserLoginTest@0] DEBUG c.b.monitoring.PerformanceTester - Failed to append key metrics to file C:\Users\Mylaptop\Desktop\Project2plzzzz\logs\key-metrics.json
02:44:20.295 [bannedUserLoginTest@0] DEBUG c.b.monitoring.PerformanceTester - Failed to append key metrics to file C:\Users\Mylaptop\Desktop\Project2plzzzz\logs\key-metrics.json
02:44:20.563 [tearDown@0] DEBUG c.b.monitoring.PerformanceTester - Failed to append key metrics to file C:\Users\Mylaptop\Desktop\Project2plzzzz\logs\key-metrics.json
02:44:20.889 [tearDown@0] DEBUG c.b.monitoring.PerformanceTester - Failed to append key metrics to file C:\Users\Mylaptop\Desktop\Project2plzzzz\logs\key-metrics.json
02:44:20.970 [tearDown@0] DEBUG c.b.monitoring.PerformanceTester - Failed to append key metrics to file C:\Users\Mylaptop\Desktop\Project2plzzzz\logs\key-metrics.json
02:44:20.971 [tearDown@0] DEBUG c.b.monitoring.PerformanceTester - Failed to append key metrics to file C:\Users\Mylaptop\Desktop\Project2plzzzz\logs\key-metrics.json
02:44:20.971 [tearDown@0] DEBUG c.b.monitoring.PerformanceTester - Failed to append key metrics to file C:\Users\Mylaptop\Desktop\Project2plzzzz\logs\key-metrics.json
02:44:21.841 [setUp@0] DEBUG c.browserstack.utils.UtilityMethods - [Patch]: SDK enabled, patching remote server
02:44:21.841 [setUp@0] DEBUG c.b.selenium.SeleniumHandler - beforeDriverInit: SDK enabled. Thread ID: 59
02:44:21.841 [setUp@0] DEBUG c.b.selenium.SeleniumHandler - Quitting webdriver: com.browserstack.config.TestNgCurrentRemoteWebdriver@6611a53f
02:44:21.842 [setUp@0] DEBUG c.b.monitoring.PerformanceTester - Failed to append key metrics to file C:\Users\Mylaptop\Desktop\Project2plzzzz\logs\key-metrics.json
02:44:21.842 [setUp@0] DEBUG c.browserstack.utils.LogReportingAPI - sendSync failed - driver not alive
02:44:21.842 [setUp@0] DEBUG c.b.monitoring.PerformanceTester - Failed to append key metrics to file C:\Users\Mylaptop\Desktop\Project2plzzzz\logs\key-metrics.json
02:44:21.843 [setUp@0] DEBUG c.b.monitoring.PerformanceTester - Failed to append key metrics to file C:\Users\Mylaptop\Desktop\Project2plzzzz\logs\key-metrics.json
02:44:21.843 [setUp@0] DEBUG c.b.monitoring.PerformanceTester - Failed to append key metrics to file C:\Users\Mylaptop\Desktop\Project2plzzzz\logs\key-metrics.json
02:44:21.844 [setUp@0] DEBUG c.b.monitoring.PerformanceTester - Failed to append key metrics to file C:\Users\Mylaptop\Desktop\Project2plzzzz\logs\key-metrics.json
02:44:21.846 [setUp@0] DEBUG c.browserstack.utils.UtilityMethods - [Patch]: SDK enabled, patching remote server
02:44:21.902 [Thread-0] DEBUG c.b.monitoring.PerformanceTester - Failed to append key metrics to file C:\Users\Mylaptop\Desktop\Project2plzzzz\logs\key-metrics.json
02:44:21.912 [Thread-0] DEBUG c.b.utils.FrameworkDetectionUtils - Couldn't find dependency class: appium
02:44:21.912 [Thread-0] DEBUG com.browserstack.testOps.UsageStats - getFormattedData: Collecting data for TestObservability
02:44:21.958 [Thread-0] DEBUG c.b.utils.FunnelInstrumentation - Sending funnel data for SDKTestSuccessful with data: {"event_type":"SDKTestSuccessful","accessKey":"PQ6wNsygb77eCxSVxbcZ","userName":"floraayvazyan_72kWsC","event_properties":{"isPercyAutoEnabled":false,"language":"java","sdkRunId":"ecf91c5c-a816-4e82-b06b-0323321e19b3","buildIdentifier":"#16","testhub_uuid":"lqokyjlaqjxihbx6t97a8yndlbo9ryo3ghczgcbr","detectedAppiumVersion":"null","productMap":{"app_automate":false,"accessibility":false,"automate":true,"percy":false,"observability":false,"turboscale":false},"hostname":"DESKTOP-7TGF0Q2","measures":{"sdk:driver:quit":66.61,"sdk:testhub":503.2516999989748,"sdk:automate:session-name":404.62,"sdk:driver:post-initialization":22.9,"sdk:o11y:print-buildlink":2292.5276999995112,"sdk:hook":3.83,"sdk:automate:idle-timeout":48.1,"sdk:automate:local":46566.88540000096,"sdk:automate:hub-management":4144.724599998444,"sdk:driver:pre-initialization":42.44,"sdk:automate:session-status":239.83,"sdk:setup":14452.710099998862,"sdk:pre-test":3.7765999995172024,"sdk:o11y:sync":78.29,"sdk:automate:session-annotation":93.37},"productUsage":{"testObservability":{"buildHashedId":"lqokyjlaqjxihbx6t97a8yndlbo9ryo3ghczgcbr","manuallySet":false,"enabled":false}},"browserStackConfig":{"browserstackLocal":true,"percy":false,"logLevel":"info","staticWebDriver":true,"autoDetectFramework":true,"percyCaptureMode":"MANUAL","browserStackLocalOptions":{"localIdentifier":"11_Jan_243_DESKTOP_7TGF0Q2_lLbU","key":"****"},"percyOptions":null,"testContextOptions":{"skipSessionStatus":false,"serenityOverridePlugin":false,"skipSessionName":false},"platforms":[{"os":"Windows","device":null,"browser":"Chrome","capabilities":{},"browserVersion":"latest","osVersion":"11","platformCaps":{"os":"Windows","osVersion":11,"browserVersion":"latest","browserName":"Chrome"},"platformString":"Windows, 11, Chrome, latest","customVariables":"****"},{"os":"Windows","device":null,"browser":"Edge","capabilities":{},"browserVersion":"131.0","osVersion":"11","platformCaps":{"os":"Windows","osVersion":11,"browserVersion":131.0,"browserName":"Edge"},"platformString":"Windows, 11, Edge, 131.0","customVariables":"****"}],"parallelsPerPlatform":1,"framework":"selenide-testng","accessibility":false,"accessibilityOptions":{},"turboScaleOptions":{},"disableAutoCaptureLogs":true,"testObservability":true,"browserstackAutomation":true,"turboScale":false,"testObservabilityOptions":{},"gradleMConfig":null,"proxySettings":null},"finishedMetadata":{"reason":"user_killed","signal":"SIGINT"},"percyBuildId":null,"product":"[automate]","buildName":"browserstack-build-1","os":"Windows 11","languageVersion":"23.0.1","appiumVersion":"","frameworkDetectionInstrumentation":{"parseLoadClass":7,"ret-org.openqa.selenium.remote.RemoteWebDriver":679,"retransformClasses":679,"parseDependencies":46},"userFramework":"selenide-testng","detectedDependencies":"selenide, testng","referrer":"selenide-testng-javaagent\/1.29.3","locationTrigger":"BSTACK_BUILD_END","accessibilityConfiguration":{"pollingTimeout":30},"language_framework":"java_selenide-testng","detectedFramework":"selenide-testng","testOrchestration":{"abortBuildOnFailure":{"enabled":false},"retryTestsOnFailure":{"enabled":false},"userConfig":{}},"detectedSeleniumVersion":"4.18.1","seleniumVersion":"4.18.1"}}
02:44:22.310 [Thread-0] DEBUG c.b.utils.FunnelInstrumentation - API Event SDKTestSuccessful, response: {"message":"SDK Event recorded successfully"}
02:44:24.099 [Thread-0] DEBUG c.b.monitoring.PerformanceTester - Failed to append key metrics to file C:\Users\Mylaptop\Desktop\Project2plzzzz\logs\key-metrics.json
02:44:24.099 [Thread-0] DEBUG c.browserstack.utils.UtilityMethods - Browserstack Gradle Config File does not exist.
02:44:24.490 [Thread-0] DEBUG c.b.monitoring.PerformanceTester - Failed to append key metrics to file C:\Users\Mylaptop\Desktop\Project2plzzzz\logs\key-metrics.json
02:44:24.490 [Thread-0] DEBUG c.browserstack.utils.UtilityMethods - Server side buildName(browserstack-build-1  16) is not same as client side buildName(browserstack-build-1 #16)
02:44:24.491 [Thread-0] DEBUG c.b.monitoring.PerformanceTester - Failed to append key metrics to file C:\Users\Mylaptop\Desktop\Project2plzzzz\logs\key-metrics.json
02:44:24.492 [Thread-0] DEBUG c.b.monitoring.PerformanceTester - Failed to append key metrics to file C:\Users\Mylaptop\Desktop\Project2plzzzz\logs\key-metrics.json
02:44:24.492 [Thread-0] DEBUG c.b.monitoring.PerformanceTester - Failed to append key metrics to file C:\Users\Mylaptop\Desktop\Project2plzzzz\logs\key-metrics.json
02:44:24.493 [Thread-0] DEBUG c.b.monitoring.PerformanceTester - Failed to append key metrics to file C:\Users\Mylaptop\Desktop\Project2plzzzz\logs\key-metrics.json
02:44:24.493 [Thread-0] DEBUG c.b.monitoring.PerformanceTester - Failed to append key metrics to file C:\Users\Mylaptop\Desktop\Project2plzzzz\logs\key-metrics.json
02:44:24.494 [Thread-0] DEBUG c.b.monitoring.PerformanceTester - Failed to append key metrics to file C:\Users\Mylaptop\Desktop\Project2plzzzz\logs\key-metrics.json
02:44:24.501 [Thread-0] DEBUG c.browserstack.testOps.RequestUtils - [makeRequest] Sending request: POST https://eds.browserstack.com/send_sdk_events with request size 641
02:44:25.610 [Thread-0] DEBUG c.browserstack.testOps.RequestUtils - [makeRequest]: Response code: 200
02:44:25.610 [Thread-0] DEBUG c.b.monitoring.PerformanceTester - Data sent successfully to https://eds.browserstack.com with status 200 {"event_type":"sdk_events","data":{"created_day":"2025-01-10T22:44:24.000500 +0000","event_name":"SDKFeaturePerformance","event_json":"{measures=[{\"duration\":4144.724599998444,\"eventName\":\"sdk:automate:hub-management\",\"startTime\":2.51174149017E7,\"success\":true,\"worker\":1,\"failure\":null,\"details\":null,\"entryType\":\"measure\",\"platform\":0,\"command\":null,\"testName\":null,\"hookType\":\"\"}]}","user_data":"floraayvazyan_72kWsC","testhub_uuid":"lqokyjlaqjxihbx6t97a8yndlbo9ryo3ghczgcbr","host_info":"{\"hostname\":\"DESKTOP-7TGF0Q2\",\"arch\":\"amd64\",\"type\":null,\"version\":\"10.0\",\"platform\":\"Windows 11\"}"}} {Content-Type=application/json}
02:44:30.431 [main] DEBUG c.b.config.BrowserStackConfig - Cli Config passed - {}
02:44:30.985 [main] DEBUG c.b.logger.BrowserstackLoggerFactory - Log Level set to TRACE for logger com.browserstack
02:44:30.985 [main] DEBUG c.b.logger.BrowserstackLoggerFactory - Log Level set to INFO for logger stdoutPrinter
02:44:31.516 [main] DEBUG c.b.utils.FrameworkDetectionUtils - Java command - com.intellij.rt.testng.RemoteTestNGStarter -usedefaultlisteners false -socket60543 @w@C:\Users\Mylaptop\AppData\Local\Temp\idea_working_dirs_testng.tmp -temp C:\Users\Mylaptop\AppData\Local\Temp\idea_testng.tmp
02:44:31.516 [main] DEBUG c.b.utils.FrameworkDetectionUtils - Test classes detected: 
02:44:31.525 [main] DEBUG c.b.utils.FrameworkDetectionUtils - Runner: testng, Engine: none
02:44:31.561 [main] DEBUG c.b.utils.FrameworkDetectionUtils - Runner: testng, Engine: selenide from dependencies
02:44:31.561 [main] DEBUG c.b.utils.FrameworkDetectionUtils - Detected final framework as: selenide-testng
02:44:31.561 [main] DEBUG c.browserstack.BrowserStackJavaAgent - JavaAgent Version 1.29.3
02:44:31.567 [main] DEBUG c.b.utils.ExitSignalHandler - Registered handler for INT
02:44:31.568 [main] DEBUG c.b.utils.ExitSignalHandler - Registered handler for TERM
02:44:31.568 [main] DEBUG c.b.utils.ExitSignalHandler - Unable to attach signal handler for HUP Unknown signal: HUP
02:44:31.568 [main] DEBUG c.b.utils.ExitSignalHandler - Registered handler for ABRT
02:44:32.437 [Thread-1] DEBUG c.browserstack.utils.UtilityMethods - NEXT HUBS ARE: ["hub-euw.browserstack.com","hub-use.browserstack.com","hub-aps.browserstack.com"]
02:44:33.065 [main] DEBUG c.browserstack.utils.UtilityMethods - EXECUTION TIME OF hub-euw.browserstack.com HUB IS: 626ms
02:44:34.343 [main] DEBUG c.browserstack.utils.UtilityMethods - EXECUTION TIME OF hub-use.browserstack.com HUB IS: 1273ms
02:44:35.673 [main] DEBUG c.browserstack.utils.UtilityMethods - EXECUTION TIME OF hub-aps.browserstack.com HUB IS: 1329ms
02:44:35.675 [main] DEBUG c.browserstack.utils.UtilityMethods - NEAREST HUB ALLOCATED IS - hub-euw.browserstack.com
02:44:35.827 [main] DEBUG c.b.utils.FrameworkDetectionUtils - Couldn't find dependency class: appium
02:44:35.828 [main] DEBUG c.b.utils.FunnelInstrumentation - Sending funnel data for SDKTestAttempted with data: {"event_type":"SDKTestAttempted","accessKey":"PQ6wNsygb77eCxSVxbcZ","userName":"floraayvazyan_72kWsC","event_properties":{"product":"[automate, observability]","buildName":"browserstack-build-1","os":"Windows 11","languageVersion":"23.0.1","appiumVersion":"","frameworkDetectionInstrumentation":{"parseLoadClass":5,"parseDependencies":36},"language":"java","sdkRunId":"9ad83bba-ce3c-41e4-bd80-2d1fbb9d8ffe","buildIdentifier":"#17","userFramework":"testng","testhub_uuid":"","detectedAppiumVersion":"null","detectedDependencies":"selenide, testng","productMap":{"app_automate":false,"accessibility":false,"automate":true,"percy":false,"observability":true,"turboscale":false},"referrer":"testng-javaagent\/1.29.3","hostname":"DESKTOP-7TGF0Q2","language_framework":"java_testng","detectedFramework":"selenide-testng","detectedSeleniumVersion":"4.18.1","seleniumVersion":"4.18.1"}}
02:44:36.310 [main] DEBUG c.b.utils.FunnelInstrumentation - API Event SDKTestAttempted, response: {"message":"SDK Event recorded successfully"}
02:44:36.899 [main] DEBUG c.b.monitoring.PerformanceTester - Failed to append key metrics to file C:\Users\Mylaptop\Desktop\Project2plzzzz\logs\key-metrics.json
02:44:36.899 [main] DEBUG c.browserstack.testOps.RequestUtils - [ TESTHUB ] Processing Request Kind launchTestSession
02:44:36.899 [main] DEBUG c.browserstack.testOps.RequestUtils - [requestToTestOps] Sending Observability request: POST api/v2/builds with request size 1239
02:44:36.900 [main] DEBUG c.browserstack.testOps.RequestUtils - [makeRequest] Sending request: POST https://collector-observability.browserstack.com/api/v2/builds with request size 1239
02:44:37.661 [main] DEBUG c.browserstack.testOps.RequestUtils - [makeRequest]: Response code: 200
02:44:37.662 [main] DEBUG c.browserstack.testOps.RequestUtils - requestToTestOps: Response code: 200
02:44:37.664 [main] DEBUG com.browserstack.testOps.Listener - BROWSERSTACK_TESTHUB_UUID : dl6h97cklgzvbijdltkir0wizvbdu2fnifedl4cu
02:44:37.665 [main] DEBUG com.browserstack.testOps.Listener - [ TESTHUB ] Build creation successfull
02:44:37.671 [main] DEBUG com.browserstack.LocalFactory - Starting BrowserStack Local with identifier 11_Jan_244_DESKTOP_7TGF0Q2_FPQr
02:44:43.281 [main] DEBUG c.b.monitoring.PerformanceTester - Failed to append key metrics to file C:\Users\Mylaptop\Desktop\Project2plzzzz\logs\key-metrics.json
02:44:44.346 [main] DEBUG c.b.t.XMLSuiteClassListener - Number of parallels - 3 and number of platforms - 3
02:44:45.123 [main] DEBUG com.browserstack.testOps.Listener - [ TESTHUB ] Processing Request Kind LogCreated
02:44:45.149 [main] DEBUG com.browserstack.testOps.Listener - [ TESTHUB ] Processing Request Kind LogCreated
02:44:45.151 [main] DEBUG com.browserstack.testOps.Listener - [ TESTHUB ] Processing Request Kind LogCreated
02:44:45.152 [main] DEBUG com.browserstack.testOps.Listener - [ TESTHUB ] Processing Request Kind LogCreated
02:44:45.152 [main] DEBUG com.browserstack.testOps.Listener - [ TESTHUB ] Processing Request Kind LogCreated
02:44:45.153 [main] DEBUG com.browserstack.testOps.Listener - [ TESTHUB ] Processing Request Kind LogCreated
02:44:45.153 [main] DEBUG com.browserstack.testOps.Listener - [ TESTHUB ] Processing Request Kind LogCreated
02:44:45.153 [main] DEBUG com.browserstack.testOps.Listener - [ TESTHUB ] Processing Request Kind LogCreated
02:44:45.153 [main] DEBUG com.browserstack.testOps.Listener - [ TESTHUB ] Processing Request Kind LogCreated
02:44:45.153 [main] DEBUG com.browserstack.testOps.Listener - [ TESTHUB ] Processing Request Kind LogCreated
02:44:45.158 [main] DEBUG com.browserstack.testOps.Listener - [ TESTHUB ] Processing Request Kind LogCreated
02:44:45.158 [main] DEBUG com.browserstack.testOps.Listener - [ TESTHUB ] Processing Request Kind LogCreated
02:44:45.158 [main] DEBUG com.browserstack.testOps.Listener - [ TESTHUB ] Processing Request Kind LogCreated
02:44:45.158 [main] DEBUG com.browserstack.testOps.Listener - [ TESTHUB ] Processing Request Kind LogCreated
02:44:45.159 [main] DEBUG com.browserstack.testOps.Listener - [ TESTHUB ] Processing Request Kind LogCreated
02:44:45.159 [main] DEBUG com.browserstack.testOps.Listener - [ TESTHUB ] Processing Request Kind LogCreated
02:44:45.159 [main] DEBUG com.browserstack.testOps.Listener - [ TESTHUB ] Processing Request Kind LogCreated
02:44:45.264 [main] DEBUG com.browserstack.testOps.Listener - [ TESTHUB ] Processing Request Kind LogCreated
02:44:45.264 [main] DEBUG com.browserstack.testOps.Listener - [ TESTHUB ] Processing Request Kind LogCreated
02:44:45.264 [main] DEBUG com.browserstack.testOps.Listener - [ TESTHUB ] Processing Request Kind LogCreated
02:44:45.265 [main] DEBUG com.browserstack.testOps.Listener - [ TESTHUB ] Processing Request Kind LogCreated
02:44:45.265 [main] DEBUG com.browserstack.testOps.Listener - [ TESTHUB ] Processing Request Kind LogCreated
02:44:45.265 [main] DEBUG com.browserstack.testOps.Listener - [ TESTHUB ] Processing Request Kind LogCreated
02:44:45.265 [main] DEBUG com.browserstack.testOps.Listener - [ TESTHUB ] Processing Request Kind LogCreated
02:44:45.265 [main] DEBUG com.browserstack.testOps.Listener - [ TESTHUB ] Processing Request Kind LogCreated
02:44:45.265 [main] DEBUG com.browserstack.testOps.Listener - [ TESTHUB ] Processing Request Kind LogCreated
02:44:45.265 [main] DEBUG com.browserstack.testOps.Listener - [ TESTHUB ] Processing Request Kind LogCreated
02:44:45.266 [main] DEBUG com.browserstack.testOps.Listener - [ TESTHUB ] Processing Request Kind LogCreated
02:44:45.266 [main] DEBUG com.browserstack.testOps.Listener - [ TESTHUB ] Processing Request Kind LogCreated
02:44:45.266 [main] DEBUG com.browserstack.testOps.Listener - [ TESTHUB ] Processing Request Kind LogCreated
02:44:45.266 [main] DEBUG com.browserstack.testOps.Listener - [ TESTHUB ] Processing Request Kind LogCreated
02:44:45.267 [main] DEBUG com.browserstack.testOps.Listener - [ TESTHUB ] Processing Request Kind LogCreated
02:44:45.267 [main] DEBUG com.browserstack.testOps.Listener - [ TESTHUB ] Processing Request Kind LogCreated
02:44:45.267 [main] DEBUG com.browserstack.testOps.Listener - [ TESTHUB ] Processing Request Kind LogCreated
02:44:45.372 [main] DEBUG com.browserstack.testOps.Listener - [ TESTHUB ] Processing Request Kind LogCreated
02:44:45.372 [main] DEBUG com.browserstack.testOps.Listener - [ TESTHUB ] Processing Request Kind LogCreated
02:44:45.373 [main] DEBUG com.browserstack.testOps.Listener - [ TESTHUB ] Processing Request Kind LogCreated
02:44:45.373 [main] DEBUG com.browserstack.testOps.Listener - [ TESTHUB ] Processing Request Kind LogCreated
02:44:45.373 [main] DEBUG com.browserstack.testOps.Listener - [ TESTHUB ] Processing Request Kind LogCreated
02:44:45.375 [main] DEBUG com.browserstack.testOps.Listener - [ TESTHUB ] Processing Request Kind LogCreated
02:44:45.375 [main] DEBUG com.browserstack.testOps.Listener - [ TESTHUB ] Processing Request Kind LogCreated
02:44:45.375 [main] DEBUG com.browserstack.testOps.Listener - [ TESTHUB ] Processing Request Kind LogCreated
02:44:45.375 [main] DEBUG com.browserstack.testOps.Listener - [ TESTHUB ] Processing Request Kind LogCreated
02:44:45.375 [main] DEBUG com.browserstack.testOps.Listener - [ TESTHUB ] Processing Request Kind LogCreated
02:44:45.376 [main] DEBUG com.browserstack.testOps.Listener - [ TESTHUB ] Processing Request Kind LogCreated
02:44:45.376 [main] DEBUG com.browserstack.testOps.Listener - [ TESTHUB ] Processing Request Kind LogCreated
02:44:45.376 [main] DEBUG com.browserstack.testOps.Listener - [ TESTHUB ] Processing Request Kind LogCreated
02:44:45.377 [main] DEBUG com.browserstack.testOps.Listener - [ TESTHUB ] Processing Request Kind LogCreated
02:44:45.377 [main] DEBUG com.browserstack.testOps.Listener - [ TESTHUB ] Processing Request Kind LogCreated
02:44:45.377 [main] DEBUG com.browserstack.testOps.Listener - [ TESTHUB ] Processing Request Kind LogCreated
02:44:45.378 [main] DEBUG com.browserstack.testOps.Listener - [ TESTHUB ] Processing Request Kind LogCreated
02:44:45.382 [main] DEBUG com.browserstack.testOps.Listener - [ TESTHUB ] Processing Request Kind LogCreated
02:44:45.386 [main] DEBUG c.browserstack.utils.LogReportingAPI - [2025-01-10T22:44:45.386067300Z][ OBSERVABILITY ] Processing Logs patching stream
02:44:45.387 [main] DEBUG c.b.monitoring.PerformanceTester - Failed to append key metrics to file C:\Users\Mylaptop\Desktop\Project2plzzzz\logs\key-metrics.json
02:44:45.471 [setUp@2] DEBUG c.b.testNgListeners.TestNGUtils - [populateTestDataForBSTestOps] Event Type :: HookRunStarted, Method ClassName :: BaseTest.BrowserStackTest 
02:44:45.471 [setUp@2] DEBUG c.browserstack.utils.UtilityMethods - [findFileMatcher] Current Path is :: C:\Users\Mylaptop\Desktop\Project2plzzzz, TestClass :: BaseTest\BrowserStackTest
02:44:45.475 [setUp@1] DEBUG c.b.testNgListeners.TestNGUtils - [populateTestDataForBSTestOps] Event Type :: HookRunStarted, Method ClassName :: BaseTest.BrowserStackTest 
02:44:45.476 [setUp@1] DEBUG c.browserstack.utils.UtilityMethods - [findFileMatcher] Current Path is :: C:\Users\Mylaptop\Desktop\Project2plzzzz, TestClass :: BaseTest\BrowserStackTest
02:44:45.476 [setUp@0] DEBUG c.b.testNgListeners.TestNGUtils - [populateTestDataForBSTestOps] Event Type :: HookRunStarted, Method ClassName :: BaseTest.BrowserStackTest 
02:44:45.477 [setUp@0] DEBUG c.browserstack.utils.UtilityMethods - [findFileMatcher] Current Path is :: C:\Users\Mylaptop\Desktop\Project2plzzzz, TestClass :: BaseTest\BrowserStackTest
02:44:45.538 [setUp@2] DEBUG c.b.testNgListeners.TestNGUtils - [populateTestDataForBSTestOps] The filename fetched :: C:\Users\Mylaptop\Desktop\Project2plzzzz\src\test\java\BaseTest\BrowserStackTest.java, fileSeparator :: \, AbsolutePath :: C:\Users\Mylaptop\Desktop\Project2plzzzz\., Normalized Path :: C:\Users\Mylaptop\Desktop\Project2plzzzz, File.Separator :: \
02:44:45.538 [setUp@2] DEBUG c.b.testNgListeners.TestNGUtils - [populateTestDataForBSTestOps] Replaced File Name is :: Project2plzzzz\src\test\java\BaseTest\BrowserStackTest.java, Absolute Path :: C:\Users\Mylaptop\Desktop\Project2plzzzz\.., Normalized Path :: C:\Users\Mylaptop\Desktop 
02:44:45.540 [setUp@1] DEBUG c.b.testNgListeners.TestNGUtils - [populateTestDataForBSTestOps] The filename fetched :: C:\Users\Mylaptop\Desktop\Project2plzzzz\src\test\java\BaseTest\BrowserStackTest.java, fileSeparator :: \, AbsolutePath :: C:\Users\Mylaptop\Desktop\Project2plzzzz\., Normalized Path :: C:\Users\Mylaptop\Desktop\Project2plzzzz, File.Separator :: \
02:44:45.540 [setUp@1] DEBUG c.b.testNgListeners.TestNGUtils - [populateTestDataForBSTestOps] Replaced File Name is :: Project2plzzzz\src\test\java\BaseTest\BrowserStackTest.java, Absolute Path :: C:\Users\Mylaptop\Desktop\Project2plzzzz\.., Normalized Path :: C:\Users\Mylaptop\Desktop 
02:44:45.541 [setUp@2] DEBUG com.browserstack.testOps.Listener - [ TESTHUB ] Processing Request Kind HookRunStarted
02:44:45.541 [setUp@1] DEBUG com.browserstack.testOps.Listener - [ TESTHUB ] Processing Request Kind HookRunStarted
02:44:45.542 [setUp@2] DEBUG c.b.monitoring.PerformanceTester - Failed to append key metrics to file C:\Users\Mylaptop\Desktop\Project2plzzzz\logs\key-metrics.json
02:44:45.542 [setUp@1] DEBUG c.b.monitoring.PerformanceTester - Failed to append key metrics to file C:\Users\Mylaptop\Desktop\Project2plzzzz\logs\key-metrics.json
02:44:45.561 [setUp@0] DEBUG c.b.testNgListeners.TestNGUtils - [populateTestDataForBSTestOps] The filename fetched :: C:\Users\Mylaptop\Desktop\Project2plzzzz\src\test\java\BaseTest\BrowserStackTest.java, fileSeparator :: \, AbsolutePath :: C:\Users\Mylaptop\Desktop\Project2plzzzz\., Normalized Path :: C:\Users\Mylaptop\Desktop\Project2plzzzz, File.Separator :: \
02:44:45.561 [setUp@0] DEBUG c.b.testNgListeners.TestNGUtils - [populateTestDataForBSTestOps] Replaced File Name is :: Project2plzzzz\src\test\java\BaseTest\BrowserStackTest.java, Absolute Path :: C:\Users\Mylaptop\Desktop\Project2plzzzz\.., Normalized Path :: C:\Users\Mylaptop\Desktop 
02:44:45.561 [setUp@0] DEBUG com.browserstack.testOps.Listener - [ TESTHUB ] Processing Request Kind HookRunStarted
02:44:45.562 [setUp@0] DEBUG c.b.monitoring.PerformanceTester - Failed to append key metrics to file C:\Users\Mylaptop\Desktop\Project2plzzzz\logs\key-metrics.json
02:44:45.864 [setUp@2] DEBUG c.browserstack.utils.UtilityMethods - [Patch]: SDK enabled, patching remote server
02:44:45.864 [setUp@1] DEBUG c.browserstack.utils.UtilityMethods - [Patch]: SDK enabled, patching remote server
02:44:45.864 [setUp@0] DEBUG c.browserstack.utils.UtilityMethods - [Patch]: SDK enabled, patching remote server
02:44:45.868 [setUp@2] DEBUG c.b.selenium.SeleniumHandler - beforeDriverInit: SDK enabled. Thread ID: 60
02:44:45.868 [setUp@1] DEBUG c.b.selenium.SeleniumHandler - beforeDriverInit: SDK enabled. Thread ID: 59
02:44:45.869 [setUp@1] DEBUG c.b.monitoring.PerformanceTester - Failed to append key metrics to file C:\Users\Mylaptop\Desktop\Project2plzzzz\logs\key-metrics.json
02:44:45.870 [setUp@2] DEBUG c.b.monitoring.PerformanceTester - Failed to append key metrics to file C:\Users\Mylaptop\Desktop\Project2plzzzz\logs\key-metrics.json
02:44:45.871 [setUp@0] DEBUG c.b.selenium.SeleniumHandler - beforeDriverInit: SDK enabled. Thread ID: 58
02:44:45.871 [setUp@0] DEBUG c.b.monitoring.PerformanceTester - Failed to append key metrics to file C:\Users\Mylaptop\Desktop\Project2plzzzz\logs\key-metrics.json
02:44:45.873 [setUp@1] DEBUG c.browserstack.utils.UtilityMethods - [Patch]: SDK enabled, patching remote server
02:44:45.873 [setUp@2] DEBUG c.browserstack.utils.UtilityMethods - [Patch]: SDK enabled, patching remote server
02:44:45.876 [setUp@0] DEBUG c.browserstack.utils.UtilityMethods - [Patch]: SDK enabled, patching remote server
02:44:47.149 [pool-5-thread-1] DEBUG c.browserstack.utils.RequestBatcher - Time Since Last Batch Processed 1736549087149

02:44:47.163 [pool-6-thread-1] DEBUG c.browserstack.utils.RequestBatcher - Processing Batch 55

02:44:47.170 [pool-6-thread-1] DEBUG c.browserstack.testOps.RequestUtils - [requestToTestOps] Sending Observability request: POST api/v1/batch with request size 14605
02:44:47.177 [pool-6-thread-1] DEBUG c.browserstack.testOps.RequestUtils - [makeRequest] Sending request: POST https://collector-observability.browserstack.com/api/v1/batch with request size 14605
02:44:47.365 [pool-6-thread-1] DEBUG c.browserstack.testOps.RequestUtils - [makeRequest]: Response code: 200
02:44:47.365 [pool-6-thread-1] DEBUG c.browserstack.testOps.RequestUtils - requestToTestOps: Response code: 200
02:44:47.365 [pool-6-thread-1] DEBUG c.browserstack.utils.LogReportingAPI - 
[2025-01-10T22:44:47.365320200Z][ TESTHUB ] Batch event successfull!

02:44:48.041 [setUp@0] DEBUG c.b.monitoring.PerformanceTester - Failed to append key metrics to file C:\Users\Mylaptop\Desktop\Project2plzzzz\logs\key-metrics.json
02:44:48.041 [setUp@1] DEBUG c.b.monitoring.PerformanceTester - Failed to append key metrics to file C:\Users\Mylaptop\Desktop\Project2plzzzz\logs\key-metrics.json
02:44:48.041 [setUp@2] DEBUG c.b.monitoring.PerformanceTester - Failed to append key metrics to file C:\Users\Mylaptop\Desktop\Project2plzzzz\logs\key-metrics.json
02:44:48.228 [Project2plzzzz-1@1] DEBUG c.b.testNgListeners.TestNGUtils - [populateTestDataForBSTestOps] Event Type :: TestRunStarted, Test ClassName :: Saucedemo.LoginTestBrowserStack 
02:44:48.228 [Project2plzzzz-1@1] DEBUG c.browserstack.utils.UtilityMethods - [findFileMatcher] Current Path is :: C:\Users\Mylaptop\Desktop\Project2plzzzz, TestClass :: Saucedemo\LoginTestBrowserStack
02:44:48.230 [Project2plzzzz-2@2] DEBUG c.b.testNgListeners.TestNGUtils - [populateTestDataForBSTestOps] Event Type :: TestRunStarted, Test ClassName :: Saucedemo.LoginTestBrowserStack 
02:44:48.230 [Project2plzzzz-2@2] DEBUG c.browserstack.utils.UtilityMethods - [findFileMatcher] Current Path is :: C:\Users\Mylaptop\Desktop\Project2plzzzz, TestClass :: Saucedemo\LoginTestBrowserStack
02:44:48.250 [Project2plzzzz-0@0] DEBUG c.b.testNgListeners.TestNGUtils - [populateTestDataForBSTestOps] Event Type :: TestRunStarted, Test ClassName :: Saucedemo.LoginTestBrowserStack 
02:44:48.250 [Project2plzzzz-0@0] DEBUG c.browserstack.utils.UtilityMethods - [findFileMatcher] Current Path is :: C:\Users\Mylaptop\Desktop\Project2plzzzz, TestClass :: Saucedemo\LoginTestBrowserStack
02:44:48.262 [Project2plzzzz-1@1] DEBUG c.b.testNgListeners.TestNGUtils - [populateTestDataForBSTestOps] The filename fetched :: C:\Users\Mylaptop\Desktop\Project2plzzzz\src\test\java\Saucedemo\LoginTestBrowserStack.java, fileSeparator :: \, AbsolutePath :: C:\Users\Mylaptop\Desktop\Project2plzzzz\., Normalized Path :: C:\Users\Mylaptop\Desktop\Project2plzzzz, File.Separator :: \
02:44:48.262 [Project2plzzzz-1@1] DEBUG c.b.testNgListeners.TestNGUtils - [populateTestDataForBSTestOps] Replaced File Name is :: Project2plzzzz\src\test\java\Saucedemo\LoginTestBrowserStack.java, Absolute Path :: C:\Users\Mylaptop\Desktop\Project2plzzzz\.., Normalized Path :: C:\Users\Mylaptop\Desktop 
02:44:48.266 [Project2plzzzz-1@1] DEBUG com.browserstack.testOps.Listener - [ TESTHUB ] Processing Request Kind TestRunStarted
02:44:48.266 [Project2plzzzz-2@2] DEBUG c.b.testNgListeners.TestNGUtils - [populateTestDataForBSTestOps] The filename fetched :: C:\Users\Mylaptop\Desktop\Project2plzzzz\src\test\java\Saucedemo\LoginTestBrowserStack.java, fileSeparator :: \, AbsolutePath :: C:\Users\Mylaptop\Desktop\Project2plzzzz\., Normalized Path :: C:\Users\Mylaptop\Desktop\Project2plzzzz, File.Separator :: \
02:44:48.266 [Project2plzzzz-2@2] DEBUG c.b.testNgListeners.TestNGUtils - [populateTestDataForBSTestOps] Replaced File Name is :: Project2plzzzz\src\test\java\Saucedemo\LoginTestBrowserStack.java, Absolute Path :: C:\Users\Mylaptop\Desktop\Project2plzzzz\.., Normalized Path :: C:\Users\Mylaptop\Desktop 
02:44:48.267 [Project2plzzzz-1@1] DEBUG c.b.monitoring.PerformanceTester - Failed to append key metrics to file C:\Users\Mylaptop\Desktop\Project2plzzzz\logs\key-metrics.json
02:44:48.268 [successfulLoginTest@1] DEBUG c.b.testNgListeners.TestNGUtils - [populateTestDataForBSTestOps] Event Type :: HookRunFinished, Method ClassName :: BaseTest.BrowserStackTest 
02:44:48.268 [successfulLoginTest@1] DEBUG c.browserstack.utils.UtilityMethods - [findFileMatcher] Current Path is :: C:\Users\Mylaptop\Desktop\Project2plzzzz, TestClass :: BaseTest\BrowserStackTest
02:44:48.270 [Project2plzzzz-2@2] DEBUG com.browserstack.testOps.Listener - [ TESTHUB ] Processing Request Kind TestRunStarted
02:44:48.270 [Project2plzzzz-2@2] DEBUG c.b.monitoring.PerformanceTester - Failed to append key metrics to file C:\Users\Mylaptop\Desktop\Project2plzzzz\logs\key-metrics.json
02:44:48.271 [successfulLoginTest@2] DEBUG c.b.testNgListeners.TestNGUtils - [populateTestDataForBSTestOps] Event Type :: HookRunFinished, Method ClassName :: BaseTest.BrowserStackTest 
02:44:48.271 [successfulLoginTest@2] DEBUG c.browserstack.utils.UtilityMethods - [findFileMatcher] Current Path is :: C:\Users\Mylaptop\Desktop\Project2plzzzz, TestClass :: BaseTest\BrowserStackTest
02:44:48.297 [Project2plzzzz-0@0] DEBUG c.b.testNgListeners.TestNGUtils - [populateTestDataForBSTestOps] The filename fetched :: C:\Users\Mylaptop\Desktop\Project2plzzzz\src\test\java\Saucedemo\LoginTestBrowserStack.java, fileSeparator :: \, AbsolutePath :: C:\Users\Mylaptop\Desktop\Project2plzzzz\., Normalized Path :: C:\Users\Mylaptop\Desktop\Project2plzzzz, File.Separator :: \
02:44:48.297 [Project2plzzzz-0@0] DEBUG c.b.testNgListeners.TestNGUtils - [populateTestDataForBSTestOps] Replaced File Name is :: Project2plzzzz\src\test\java\Saucedemo\LoginTestBrowserStack.java, Absolute Path :: C:\Users\Mylaptop\Desktop\Project2plzzzz\.., Normalized Path :: C:\Users\Mylaptop\Desktop 
02:44:48.302 [Project2plzzzz-0@0] DEBUG com.browserstack.testOps.Listener - [ TESTHUB ] Processing Request Kind TestRunStarted
02:44:48.303 [Project2plzzzz-0@0] DEBUG c.b.monitoring.PerformanceTester - Failed to append key metrics to file C:\Users\Mylaptop\Desktop\Project2plzzzz\logs\key-metrics.json
02:44:48.303 [successfulLoginTest@0] DEBUG c.b.testNgListeners.TestNGUtils - [populateTestDataForBSTestOps] Event Type :: HookRunFinished, Method ClassName :: BaseTest.BrowserStackTest 
02:44:48.304 [successfulLoginTest@0] DEBUG c.browserstack.utils.UtilityMethods - [findFileMatcher] Current Path is :: C:\Users\Mylaptop\Desktop\Project2plzzzz, TestClass :: BaseTest\BrowserStackTest
02:44:48.305 [successfulLoginTest@1] DEBUG c.b.testNgListeners.TestNGUtils - [populateTestDataForBSTestOps] The filename fetched :: C:\Users\Mylaptop\Desktop\Project2plzzzz\src\test\java\BaseTest\BrowserStackTest.java, fileSeparator :: \, AbsolutePath :: C:\Users\Mylaptop\Desktop\Project2plzzzz\., Normalized Path :: C:\Users\Mylaptop\Desktop\Project2plzzzz, File.Separator :: \
02:44:48.305 [successfulLoginTest@1] DEBUG c.b.testNgListeners.TestNGUtils - [populateTestDataForBSTestOps] Replaced File Name is :: Project2plzzzz\src\test\java\BaseTest\BrowserStackTest.java, Absolute Path :: C:\Users\Mylaptop\Desktop\Project2plzzzz\.., Normalized Path :: C:\Users\Mylaptop\Desktop 
02:44:48.306 [successfulLoginTest@1] DEBUG com.browserstack.testOps.Listener - [ TESTHUB ] Processing Request Kind HookRunFinished
02:44:48.307 [successfulLoginTest@1] DEBUG c.b.monitoring.PerformanceTester - Failed to append key metrics to file C:\Users\Mylaptop\Desktop\Project2plzzzz\logs\key-metrics.json
02:44:48.307 [successfulLoginTest@1] DEBUG c.b.testNgListeners.TestNGUtils - [populateTestDataForBSTestOps] Event Type :: TestRunSkipped, Test ClassName :: Saucedemo.LoginTestBrowserStack 
02:44:48.307 [successfulLoginTest@1] DEBUG c.browserstack.utils.UtilityMethods - [findFileMatcher] Current Path is :: C:\Users\Mylaptop\Desktop\Project2plzzzz, TestClass :: Saucedemo\LoginTestBrowserStack
02:44:48.310 [successfulLoginTest@2] DEBUG c.b.testNgListeners.TestNGUtils - [populateTestDataForBSTestOps] The filename fetched :: C:\Users\Mylaptop\Desktop\Project2plzzzz\src\test\java\BaseTest\BrowserStackTest.java, fileSeparator :: \, AbsolutePath :: C:\Users\Mylaptop\Desktop\Project2plzzzz\., Normalized Path :: C:\Users\Mylaptop\Desktop\Project2plzzzz, File.Separator :: \
02:44:48.310 [successfulLoginTest@2] DEBUG c.b.testNgListeners.TestNGUtils - [populateTestDataForBSTestOps] Replaced File Name is :: Project2plzzzz\src\test\java\BaseTest\BrowserStackTest.java, Absolute Path :: C:\Users\Mylaptop\Desktop\Project2plzzzz\.., Normalized Path :: C:\Users\Mylaptop\Desktop 
02:44:48.312 [successfulLoginTest@2] DEBUG com.browserstack.testOps.Listener - [ TESTHUB ] Processing Request Kind HookRunFinished
02:44:48.312 [successfulLoginTest@2] DEBUG c.b.monitoring.PerformanceTester - Failed to append key metrics to file C:\Users\Mylaptop\Desktop\Project2plzzzz\logs\key-metrics.json
02:44:48.312 [successfulLoginTest@2] DEBUG c.b.testNgListeners.TestNGUtils - [populateTestDataForBSTestOps] Event Type :: TestRunSkipped, Test ClassName :: Saucedemo.LoginTestBrowserStack 
02:44:48.312 [successfulLoginTest@2] DEBUG c.browserstack.utils.UtilityMethods - [findFileMatcher] Current Path is :: C:\Users\Mylaptop\Desktop\Project2plzzzz, TestClass :: Saucedemo\LoginTestBrowserStack
02:44:48.355 [successfulLoginTest@1] DEBUG c.b.testNgListeners.TestNGUtils - [populateTestDataForBSTestOps] The filename fetched :: C:\Users\Mylaptop\Desktop\Project2plzzzz\src\test\java\Saucedemo\LoginTestBrowserStack.java, fileSeparator :: \, AbsolutePath :: C:\Users\Mylaptop\Desktop\Project2plzzzz\., Normalized Path :: C:\Users\Mylaptop\Desktop\Project2plzzzz, File.Separator :: \
02:44:48.355 [successfulLoginTest@0] DEBUG c.b.testNgListeners.TestNGUtils - [populateTestDataForBSTestOps] The filename fetched :: C:\Users\Mylaptop\Desktop\Project2plzzzz\src\test\java\BaseTest\BrowserStackTest.java, fileSeparator :: \, AbsolutePath :: C:\Users\Mylaptop\Desktop\Project2plzzzz\., Normalized Path :: C:\Users\Mylaptop\Desktop\Project2plzzzz, File.Separator :: \
02:44:48.355 [successfulLoginTest@2] DEBUG c.b.testNgListeners.TestNGUtils - [populateTestDataForBSTestOps] The filename fetched :: C:\Users\Mylaptop\Desktop\Project2plzzzz\src\test\java\Saucedemo\LoginTestBrowserStack.java, fileSeparator :: \, AbsolutePath :: C:\Users\Mylaptop\Desktop\Project2plzzzz\., Normalized Path :: C:\Users\Mylaptop\Desktop\Project2plzzzz, File.Separator :: \
02:44:48.355 [successfulLoginTest@1] DEBUG c.b.testNgListeners.TestNGUtils - [populateTestDataForBSTestOps] Replaced File Name is :: Project2plzzzz\src\test\java\Saucedemo\LoginTestBrowserStack.java, Absolute Path :: C:\Users\Mylaptop\Desktop\Project2plzzzz\.., Normalized Path :: C:\Users\Mylaptop\Desktop 
02:44:48.355 [successfulLoginTest@0] DEBUG c.b.testNgListeners.TestNGUtils - [populateTestDataForBSTestOps] Replaced File Name is :: Project2plzzzz\src\test\java\BaseTest\BrowserStackTest.java, Absolute Path :: C:\Users\Mylaptop\Desktop\Project2plzzzz\.., Normalized Path :: C:\Users\Mylaptop\Desktop 
02:44:48.355 [successfulLoginTest@2] DEBUG c.b.testNgListeners.TestNGUtils - [populateTestDataForBSTestOps] Replaced File Name is :: Project2plzzzz\src\test\java\Saucedemo\LoginTestBrowserStack.java, Absolute Path :: C:\Users\Mylaptop\Desktop\Project2plzzzz\.., Normalized Path :: C:\Users\Mylaptop\Desktop 
02:44:48.356 [successfulLoginTest@0] DEBUG com.browserstack.testOps.Listener - [ TESTHUB ] Processing Request Kind HookRunFinished
02:44:48.356 [successfulLoginTest@0] DEBUG c.b.monitoring.PerformanceTester - Failed to append key metrics to file C:\Users\Mylaptop\Desktop\Project2plzzzz\logs\key-metrics.json
02:44:48.357 [successfulLoginTest@0] DEBUG c.b.testNgListeners.TestNGUtils - [populateTestDataForBSTestOps] Event Type :: TestRunSkipped, Test ClassName :: Saucedemo.LoginTestBrowserStack 
02:44:48.357 [successfulLoginTest@0] DEBUG c.browserstack.utils.UtilityMethods - [findFileMatcher] Current Path is :: C:\Users\Mylaptop\Desktop\Project2plzzzz, TestClass :: Saucedemo\LoginTestBrowserStack
02:44:48.359 [successfulLoginTest@1] DEBUG com.browserstack.testOps.Listener - [ TESTHUB ] Processing Request Kind TestRunFinished
02:44:48.359 [successfulLoginTest@1] DEBUG c.b.monitoring.PerformanceTester - Failed to append key metrics to file C:\Users\Mylaptop\Desktop\Project2plzzzz\logs\key-metrics.json
02:44:48.359 [successfulLoginTest@1] DEBUG c.browserstack.utils.LogReportingAPI - sendSync failed - driver not found
02:44:48.360 [successfulLoginTest@1] DEBUG c.b.monitoring.PerformanceTester - Failed to append key metrics to file C:\Users\Mylaptop\Desktop\Project2plzzzz\logs\key-metrics.json
02:44:48.360 [successfulLoginTest@2] DEBUG com.browserstack.testOps.Listener - [ TESTHUB ] Processing Request Kind TestRunFinished
02:44:48.361 [successfulLoginTest@2] DEBUG c.b.monitoring.PerformanceTester - Failed to append key metrics to file C:\Users\Mylaptop\Desktop\Project2plzzzz\logs\key-metrics.json
02:44:48.361 [successfulLoginTest@2] DEBUG c.browserstack.utils.LogReportingAPI - sendSync failed - driver not found
02:44:48.361 [successfulLoginTest@2] DEBUG c.b.monitoring.PerformanceTester - Failed to append key metrics to file C:\Users\Mylaptop\Desktop\Project2plzzzz\logs\key-metrics.json
02:44:48.363 [tearDown@1] DEBUG c.b.testNgListeners.TestNGUtils - [populateTestDataForBSTestOps] Event Type :: HookRunStarted, Method ClassName :: BaseTest.BrowserStackTest 
02:44:48.363 [tearDown@1] DEBUG c.browserstack.utils.UtilityMethods - [findFileMatcher] Current Path is :: C:\Users\Mylaptop\Desktop\Project2plzzzz, TestClass :: BaseTest\BrowserStackTest
02:44:48.363 [tearDown@2] DEBUG c.b.testNgListeners.TestNGUtils - [populateTestDataForBSTestOps] Event Type :: HookRunStarted, Method ClassName :: BaseTest.BrowserStackTest 
02:44:48.363 [tearDown@2] DEBUG c.browserstack.utils.UtilityMethods - [findFileMatcher] Current Path is :: C:\Users\Mylaptop\Desktop\Project2plzzzz, TestClass :: BaseTest\BrowserStackTest
02:44:48.399 [successfulLoginTest@0] DEBUG c.b.testNgListeners.TestNGUtils - [populateTestDataForBSTestOps] The filename fetched :: C:\Users\Mylaptop\Desktop\Project2plzzzz\src\test\java\Saucedemo\LoginTestBrowserStack.java, fileSeparator :: \, AbsolutePath :: C:\Users\Mylaptop\Desktop\Project2plzzzz\., Normalized Path :: C:\Users\Mylaptop\Desktop\Project2plzzzz, File.Separator :: \
02:44:48.399 [successfulLoginTest@0] DEBUG c.b.testNgListeners.TestNGUtils - [populateTestDataForBSTestOps] Replaced File Name is :: Project2plzzzz\src\test\java\Saucedemo\LoginTestBrowserStack.java, Absolute Path :: C:\Users\Mylaptop\Desktop\Project2plzzzz\.., Normalized Path :: C:\Users\Mylaptop\Desktop 
02:44:48.403 [successfulLoginTest@0] DEBUG com.browserstack.testOps.Listener - [ TESTHUB ] Processing Request Kind TestRunFinished
02:44:48.403 [tearDown@2] DEBUG c.b.testNgListeners.TestNGUtils - [populateTestDataForBSTestOps] The filename fetched :: C:\Users\Mylaptop\Desktop\Project2plzzzz\src\test\java\BaseTest\BrowserStackTest.java, fileSeparator :: \, AbsolutePath :: C:\Users\Mylaptop\Desktop\Project2plzzzz\., Normalized Path :: C:\Users\Mylaptop\Desktop\Project2plzzzz, File.Separator :: \
02:44:48.404 [tearDown@2] DEBUG c.b.testNgListeners.TestNGUtils - [populateTestDataForBSTestOps] Replaced File Name is :: Project2plzzzz\src\test\java\BaseTest\BrowserStackTest.java, Absolute Path :: C:\Users\Mylaptop\Desktop\Project2plzzzz\.., Normalized Path :: C:\Users\Mylaptop\Desktop 
02:44:48.404 [tearDown@1] DEBUG c.b.testNgListeners.TestNGUtils - [populateTestDataForBSTestOps] The filename fetched :: C:\Users\Mylaptop\Desktop\Project2plzzzz\src\test\java\BaseTest\BrowserStackTest.java, fileSeparator :: \, AbsolutePath :: C:\Users\Mylaptop\Desktop\Project2plzzzz\., Normalized Path :: C:\Users\Mylaptop\Desktop\Project2plzzzz, File.Separator :: \
02:44:48.404 [tearDown@2] DEBUG com.browserstack.testOps.Listener - [ TESTHUB ] Processing Request Kind HookRunStarted
02:44:48.404 [tearDown@1] DEBUG c.b.testNgListeners.TestNGUtils - [populateTestDataForBSTestOps] Replaced File Name is :: Project2plzzzz\src\test\java\BaseTest\BrowserStackTest.java, Absolute Path :: C:\Users\Mylaptop\Desktop\Project2plzzzz\.., Normalized Path :: C:\Users\Mylaptop\Desktop 
02:44:48.404 [tearDown@1] DEBUG com.browserstack.testOps.Listener - [ TESTHUB ] Processing Request Kind HookRunStarted
02:44:48.404 [tearDown@2] DEBUG c.b.monitoring.PerformanceTester - Failed to append key metrics to file C:\Users\Mylaptop\Desktop\Project2plzzzz\logs\key-metrics.json
02:44:48.404 [tearDown@1] DEBUG c.b.monitoring.PerformanceTester - Failed to append key metrics to file C:\Users\Mylaptop\Desktop\Project2plzzzz\logs\key-metrics.json
02:44:48.405 [successfulLoginTest@0] DEBUG c.b.monitoring.PerformanceTester - Failed to append key metrics to file C:\Users\Mylaptop\Desktop\Project2plzzzz\logs\key-metrics.json
02:44:48.405 [successfulLoginTest@0] DEBUG c.browserstack.utils.LogReportingAPI - sendSync failed - driver not found
02:44:48.405 [tearDown@2] DEBUG c.b.testNgListeners.TestNGUtils - [populateTestDataForBSTestOps] Event Type :: HookRunFinished, Method ClassName :: BaseTest.BrowserStackTest 
02:44:48.405 [tearDown@2] DEBUG c.browserstack.utils.UtilityMethods - [findFileMatcher] Current Path is :: C:\Users\Mylaptop\Desktop\Project2plzzzz, TestClass :: BaseTest\BrowserStackTest
02:44:48.405 [successfulLoginTest@0] DEBUG c.b.monitoring.PerformanceTester - Failed to append key metrics to file C:\Users\Mylaptop\Desktop\Project2plzzzz\logs\key-metrics.json
02:44:48.406 [tearDown@1] DEBUG c.b.testNgListeners.TestNGUtils - [populateTestDataForBSTestOps] Event Type :: HookRunFinished, Method ClassName :: BaseTest.BrowserStackTest 
02:44:48.406 [tearDown@1] DEBUG c.browserstack.utils.UtilityMethods - [findFileMatcher] Current Path is :: C:\Users\Mylaptop\Desktop\Project2plzzzz, TestClass :: BaseTest\BrowserStackTest
02:44:48.408 [tearDown@0] DEBUG c.b.testNgListeners.TestNGUtils - [populateTestDataForBSTestOps] Event Type :: HookRunStarted, Method ClassName :: BaseTest.BrowserStackTest 
02:44:48.408 [tearDown@0] DEBUG c.browserstack.utils.UtilityMethods - [findFileMatcher] Current Path is :: C:\Users\Mylaptop\Desktop\Project2plzzzz, TestClass :: BaseTest\BrowserStackTest
02:44:48.453 [tearDown@1] DEBUG c.b.testNgListeners.TestNGUtils - [populateTestDataForBSTestOps] The filename fetched :: C:\Users\Mylaptop\Desktop\Project2plzzzz\src\test\java\BaseTest\BrowserStackTest.java, fileSeparator :: \, AbsolutePath :: C:\Users\Mylaptop\Desktop\Project2plzzzz\., Normalized Path :: C:\Users\Mylaptop\Desktop\Project2plzzzz, File.Separator :: \
02:44:48.453 [tearDown@1] DEBUG c.b.testNgListeners.TestNGUtils - [populateTestDataForBSTestOps] Replaced File Name is :: Project2plzzzz\src\test\java\BaseTest\BrowserStackTest.java, Absolute Path :: C:\Users\Mylaptop\Desktop\Project2plzzzz\.., Normalized Path :: C:\Users\Mylaptop\Desktop 
02:44:48.454 [tearDown@1] DEBUG com.browserstack.testOps.Listener - [ TESTHUB ] Processing Request Kind HookRunFinished
02:44:48.455 [tearDown@1] DEBUG c.b.monitoring.PerformanceTester - Failed to append key metrics to file C:\Users\Mylaptop\Desktop\Project2plzzzz\logs\key-metrics.json
02:44:48.456 [tearDown@2] DEBUG c.b.testNgListeners.TestNGUtils - [populateTestDataForBSTestOps] The filename fetched :: C:\Users\Mylaptop\Desktop\Project2plzzzz\src\test\java\BaseTest\BrowserStackTest.java, fileSeparator :: \, AbsolutePath :: C:\Users\Mylaptop\Desktop\Project2plzzzz\., Normalized Path :: C:\Users\Mylaptop\Desktop\Project2plzzzz, File.Separator :: \
02:44:48.456 [tearDown@2] DEBUG c.b.testNgListeners.TestNGUtils - [populateTestDataForBSTestOps] Replaced File Name is :: Project2plzzzz\src\test\java\BaseTest\BrowserStackTest.java, Absolute Path :: C:\Users\Mylaptop\Desktop\Project2plzzzz\.., Normalized Path :: C:\Users\Mylaptop\Desktop 
02:44:48.457 [tearDown@2] DEBUG com.browserstack.testOps.Listener - [ TESTHUB ] Processing Request Kind HookRunFinished
02:44:48.458 [tearDown@2] DEBUG c.b.monitoring.PerformanceTester - Failed to append key metrics to file C:\Users\Mylaptop\Desktop\Project2plzzzz\logs\key-metrics.json
02:44:48.460 [tearDown@0] DEBUG c.b.testNgListeners.TestNGUtils - [populateTestDataForBSTestOps] The filename fetched :: C:\Users\Mylaptop\Desktop\Project2plzzzz\src\test\java\BaseTest\BrowserStackTest.java, fileSeparator :: \, AbsolutePath :: C:\Users\Mylaptop\Desktop\Project2plzzzz\., Normalized Path :: C:\Users\Mylaptop\Desktop\Project2plzzzz, File.Separator :: \
02:44:48.460 [tearDown@0] DEBUG c.b.testNgListeners.TestNGUtils - [populateTestDataForBSTestOps] Replaced File Name is :: Project2plzzzz\src\test\java\BaseTest\BrowserStackTest.java, Absolute Path :: C:\Users\Mylaptop\Desktop\Project2plzzzz\.., Normalized Path :: C:\Users\Mylaptop\Desktop 
02:44:48.460 [tearDown@0] DEBUG com.browserstack.testOps.Listener - [ TESTHUB ] Processing Request Kind HookRunStarted
02:44:48.461 [tearDown@0] DEBUG c.b.monitoring.PerformanceTester - Failed to append key metrics to file C:\Users\Mylaptop\Desktop\Project2plzzzz\logs\key-metrics.json
02:44:48.461 [tearDown@0] DEBUG c.b.testNgListeners.TestNGUtils - [populateTestDataForBSTestOps] Event Type :: HookRunFinished, Method ClassName :: BaseTest.BrowserStackTest 
02:44:48.461 [tearDown@0] DEBUG c.browserstack.utils.UtilityMethods - [findFileMatcher] Current Path is :: C:\Users\Mylaptop\Desktop\Project2plzzzz, TestClass :: BaseTest\BrowserStackTest
02:44:48.491 [setUp@1] DEBUG c.b.testNgListeners.TestNGUtils - [populateTestDataForBSTestOps] Event Type :: HookRunStarted, Method ClassName :: BaseTest.BrowserStackTest 
02:44:48.491 [setUp@1] DEBUG c.browserstack.utils.UtilityMethods - [findFileMatcher] Current Path is :: C:\Users\Mylaptop\Desktop\Project2plzzzz, TestClass :: BaseTest\BrowserStackTest
02:44:48.491 [setUp@2] DEBUG c.b.testNgListeners.TestNGUtils - [populateTestDataForBSTestOps] Event Type :: HookRunStarted, Method ClassName :: BaseTest.BrowserStackTest 
02:44:48.491 [setUp@2] DEBUG c.browserstack.utils.UtilityMethods - [findFileMatcher] Current Path is :: C:\Users\Mylaptop\Desktop\Project2plzzzz, TestClass :: BaseTest\BrowserStackTest
02:44:48.506 [tearDown@0] DEBUG c.b.testNgListeners.TestNGUtils - [populateTestDataForBSTestOps] The filename fetched :: C:\Users\Mylaptop\Desktop\Project2plzzzz\src\test\java\BaseTest\BrowserStackTest.java, fileSeparator :: \, AbsolutePath :: C:\Users\Mylaptop\Desktop\Project2plzzzz\., Normalized Path :: C:\Users\Mylaptop\Desktop\Project2plzzzz, File.Separator :: \
02:44:48.506 [tearDown@0] DEBUG c.b.testNgListeners.TestNGUtils - [populateTestDataForBSTestOps] Replaced File Name is :: Project2plzzzz\src\test\java\BaseTest\BrowserStackTest.java, Absolute Path :: C:\Users\Mylaptop\Desktop\Project2plzzzz\.., Normalized Path :: C:\Users\Mylaptop\Desktop 
02:44:48.507 [tearDown@0] DEBUG com.browserstack.testOps.Listener - [ TESTHUB ] Processing Request Kind HookRunFinished
02:44:48.508 [tearDown@0] DEBUG c.b.monitoring.PerformanceTester - Failed to append key metrics to file C:\Users\Mylaptop\Desktop\Project2plzzzz\logs\key-metrics.json
02:44:48.517 [setUp@0] DEBUG c.b.testNgListeners.TestNGUtils - [populateTestDataForBSTestOps] Event Type :: HookRunStarted, Method ClassName :: BaseTest.BrowserStackTest 
02:44:48.518 [setUp@0] DEBUG c.browserstack.utils.UtilityMethods - [findFileMatcher] Current Path is :: C:\Users\Mylaptop\Desktop\Project2plzzzz, TestClass :: BaseTest\BrowserStackTest
02:44:48.531 [setUp@1] DEBUG c.b.testNgListeners.TestNGUtils - [populateTestDataForBSTestOps] The filename fetched :: C:\Users\Mylaptop\Desktop\Project2plzzzz\src\test\java\BaseTest\BrowserStackTest.java, fileSeparator :: \, AbsolutePath :: C:\Users\Mylaptop\Desktop\Project2plzzzz\., Normalized Path :: C:\Users\Mylaptop\Desktop\Project2plzzzz, File.Separator :: \
02:44:48.531 [setUp@1] DEBUG c.b.testNgListeners.TestNGUtils - [populateTestDataForBSTestOps] Replaced File Name is :: Project2plzzzz\src\test\java\BaseTest\BrowserStackTest.java, Absolute Path :: C:\Users\Mylaptop\Desktop\Project2plzzzz\.., Normalized Path :: C:\Users\Mylaptop\Desktop 
02:44:48.531 [setUp@1] DEBUG com.browserstack.testOps.Listener - [ TESTHUB ] Processing Request Kind HookRunStarted
02:44:48.532 [setUp@1] DEBUG c.b.monitoring.PerformanceTester - Failed to append key metrics to file C:\Users\Mylaptop\Desktop\Project2plzzzz\logs\key-metrics.json
02:44:48.533 [setUp@2] DEBUG c.b.testNgListeners.TestNGUtils - [populateTestDataForBSTestOps] The filename fetched :: C:\Users\Mylaptop\Desktop\Project2plzzzz\src\test\java\BaseTest\BrowserStackTest.java, fileSeparator :: \, AbsolutePath :: C:\Users\Mylaptop\Desktop\Project2plzzzz\., Normalized Path :: C:\Users\Mylaptop\Desktop\Project2plzzzz, File.Separator :: \
02:44:48.533 [setUp@2] DEBUG c.b.testNgListeners.TestNGUtils - [populateTestDataForBSTestOps] Replaced File Name is :: Project2plzzzz\src\test\java\BaseTest\BrowserStackTest.java, Absolute Path :: C:\Users\Mylaptop\Desktop\Project2plzzzz\.., Normalized Path :: C:\Users\Mylaptop\Desktop 
02:44:48.533 [setUp@2] DEBUG com.browserstack.testOps.Listener - [ TESTHUB ] Processing Request Kind HookRunStarted
02:44:48.534 [setUp@2] DEBUG c.b.monitoring.PerformanceTester - Failed to append key metrics to file C:\Users\Mylaptop\Desktop\Project2plzzzz\logs\key-metrics.json
02:44:48.536 [setUp@2] DEBUG c.browserstack.utils.UtilityMethods - [Patch]: SDK enabled, patching remote server
02:44:48.537 [setUp@1] DEBUG c.browserstack.utils.UtilityMethods - [Patch]: SDK enabled, patching remote server
02:44:48.537 [setUp@2] DEBUG c.b.selenium.SeleniumHandler - beforeDriverInit: SDK enabled. Thread ID: 60
02:44:48.537 [setUp@1] DEBUG c.b.selenium.SeleniumHandler - beforeDriverInit: SDK enabled. Thread ID: 59
02:44:48.537 [setUp@2] DEBUG c.b.monitoring.PerformanceTester - Failed to append key metrics to file C:\Users\Mylaptop\Desktop\Project2plzzzz\logs\key-metrics.json
02:44:48.537 [setUp@1] DEBUG c.b.monitoring.PerformanceTester - Failed to append key metrics to file C:\Users\Mylaptop\Desktop\Project2plzzzz\logs\key-metrics.json
02:44:48.539 [setUp@2] DEBUG c.browserstack.utils.UtilityMethods - [Patch]: SDK enabled, patching remote server
02:44:48.539 [setUp@1] DEBUG c.browserstack.utils.UtilityMethods - [Patch]: SDK enabled, patching remote server
02:44:48.555 [setUp@0] DEBUG c.b.testNgListeners.TestNGUtils - [populateTestDataForBSTestOps] The filename fetched :: C:\Users\Mylaptop\Desktop\Project2plzzzz\src\test\java\BaseTest\BrowserStackTest.java, fileSeparator :: \, AbsolutePath :: C:\Users\Mylaptop\Desktop\Project2plzzzz\., Normalized Path :: C:\Users\Mylaptop\Desktop\Project2plzzzz, File.Separator :: \
02:44:48.555 [setUp@0] DEBUG c.b.testNgListeners.TestNGUtils - [populateTestDataForBSTestOps] Replaced File Name is :: Project2plzzzz\src\test\java\BaseTest\BrowserStackTest.java, Absolute Path :: C:\Users\Mylaptop\Desktop\Project2plzzzz\.., Normalized Path :: C:\Users\Mylaptop\Desktop 
02:44:48.555 [setUp@0] DEBUG com.browserstack.testOps.Listener - [ TESTHUB ] Processing Request Kind HookRunStarted
02:44:48.556 [setUp@0] DEBUG c.b.monitoring.PerformanceTester - Failed to append key metrics to file C:\Users\Mylaptop\Desktop\Project2plzzzz\logs\key-metrics.json
02:44:48.558 [setUp@0] DEBUG c.browserstack.utils.UtilityMethods - [Patch]: SDK enabled, patching remote server
02:44:48.558 [setUp@0] DEBUG c.b.selenium.SeleniumHandler - beforeDriverInit: SDK enabled. Thread ID: 58
02:44:48.559 [setUp@0] DEBUG c.b.monitoring.PerformanceTester - Failed to append key metrics to file C:\Users\Mylaptop\Desktop\Project2plzzzz\logs\key-metrics.json
02:44:48.561 [setUp@0] DEBUG c.browserstack.utils.UtilityMethods - [Patch]: SDK enabled, patching remote server
02:44:50.310 [setUp@1] DEBUG c.b.monitoring.PerformanceTester - Failed to append key metrics to file C:\Users\Mylaptop\Desktop\Project2plzzzz\logs\key-metrics.json
02:44:50.316 [setUp@2] DEBUG c.b.monitoring.PerformanceTester - Failed to append key metrics to file C:\Users\Mylaptop\Desktop\Project2plzzzz\logs\key-metrics.json
02:44:50.335 [setUp@0] DEBUG c.b.monitoring.PerformanceTester - Failed to append key metrics to file C:\Users\Mylaptop\Desktop\Project2plzzzz\logs\key-metrics.json
02:44:50.368 [Project2plzzzz-2@2] DEBUG c.b.testNgListeners.TestNGUtils - [populateTestDataForBSTestOps] Event Type :: TestRunStarted, Test ClassName :: Saucedemo.LoginTestBrowserStack 
02:44:50.368 [Project2plzzzz-2@2] DEBUG c.browserstack.utils.UtilityMethods - [findFileMatcher] Current Path is :: C:\Users\Mylaptop\Desktop\Project2plzzzz, TestClass :: Saucedemo\LoginTestBrowserStack
02:44:50.380 [Project2plzzzz-0@0] DEBUG c.b.testNgListeners.TestNGUtils - [populateTestDataForBSTestOps] Event Type :: TestRunStarted, Test ClassName :: Saucedemo.LoginTestBrowserStack 
02:44:50.380 [Project2plzzzz-0@0] DEBUG c.browserstack.utils.UtilityMethods - [findFileMatcher] Current Path is :: C:\Users\Mylaptop\Desktop\Project2plzzzz, TestClass :: Saucedemo\LoginTestBrowserStack
02:44:50.387 [Project2plzzzz-1@1] DEBUG c.b.testNgListeners.TestNGUtils - [populateTestDataForBSTestOps] Event Type :: TestRunStarted, Test ClassName :: Saucedemo.LoginTestBrowserStack 
02:44:50.387 [Project2plzzzz-1@1] DEBUG c.browserstack.utils.UtilityMethods - [findFileMatcher] Current Path is :: C:\Users\Mylaptop\Desktop\Project2plzzzz, TestClass :: Saucedemo\LoginTestBrowserStack
02:44:50.403 [Project2plzzzz-2@2] DEBUG c.b.testNgListeners.TestNGUtils - [populateTestDataForBSTestOps] The filename fetched :: C:\Users\Mylaptop\Desktop\Project2plzzzz\src\test\java\Saucedemo\LoginTestBrowserStack.java, fileSeparator :: \, AbsolutePath :: C:\Users\Mylaptop\Desktop\Project2plzzzz\., Normalized Path :: C:\Users\Mylaptop\Desktop\Project2plzzzz, File.Separator :: \
02:44:50.403 [Project2plzzzz-2@2] DEBUG c.b.testNgListeners.TestNGUtils - [populateTestDataForBSTestOps] Replaced File Name is :: Project2plzzzz\src\test\java\Saucedemo\LoginTestBrowserStack.java, Absolute Path :: C:\Users\Mylaptop\Desktop\Project2plzzzz\.., Normalized Path :: C:\Users\Mylaptop\Desktop 
02:44:50.406 [Project2plzzzz-2@2] DEBUG com.browserstack.testOps.Listener - [ TESTHUB ] Processing Request Kind TestRunStarted
02:44:50.407 [Project2plzzzz-2@2] DEBUG c.b.monitoring.PerformanceTester - Failed to append key metrics to file C:\Users\Mylaptop\Desktop\Project2plzzzz\logs\key-metrics.json
02:44:50.407 [bannedUserLoginTest@2] DEBUG c.b.testNgListeners.TestNGUtils - [populateTestDataForBSTestOps] Event Type :: HookRunFinished, Method ClassName :: BaseTest.BrowserStackTest 
02:44:50.407 [bannedUserLoginTest@2] DEBUG c.browserstack.utils.UtilityMethods - [findFileMatcher] Current Path is :: C:\Users\Mylaptop\Desktop\Project2plzzzz, TestClass :: BaseTest\BrowserStackTest
02:44:50.425 [Project2plzzzz-0@0] DEBUG c.b.testNgListeners.TestNGUtils - [populateTestDataForBSTestOps] The filename fetched :: C:\Users\Mylaptop\Desktop\Project2plzzzz\src\test\java\Saucedemo\LoginTestBrowserStack.java, fileSeparator :: \, AbsolutePath :: C:\Users\Mylaptop\Desktop\Project2plzzzz\., Normalized Path :: C:\Users\Mylaptop\Desktop\Project2plzzzz, File.Separator :: \
02:44:50.425 [Project2plzzzz-0@0] DEBUG c.b.testNgListeners.TestNGUtils - [populateTestDataForBSTestOps] Replaced File Name is :: Project2plzzzz\src\test\java\Saucedemo\LoginTestBrowserStack.java, Absolute Path :: C:\Users\Mylaptop\Desktop\Project2plzzzz\.., Normalized Path :: C:\Users\Mylaptop\Desktop 
02:44:50.428 [Project2plzzzz-0@0] DEBUG com.browserstack.testOps.Listener - [ TESTHUB ] Processing Request Kind TestRunStarted
02:44:50.429 [Project2plzzzz-0@0] DEBUG c.b.monitoring.PerformanceTester - Failed to append key metrics to file C:\Users\Mylaptop\Desktop\Project2plzzzz\logs\key-metrics.json
02:44:50.430 [bannedUserLoginTest@0] DEBUG c.b.testNgListeners.TestNGUtils - [populateTestDataForBSTestOps] Event Type :: HookRunFinished, Method ClassName :: BaseTest.BrowserStackTest 
02:44:50.430 [bannedUserLoginTest@0] DEBUG c.browserstack.utils.UtilityMethods - [findFileMatcher] Current Path is :: C:\Users\Mylaptop\Desktop\Project2plzzzz, TestClass :: BaseTest\BrowserStackTest
02:44:50.430 [Project2plzzzz-1@1] DEBUG c.b.testNgListeners.TestNGUtils - [populateTestDataForBSTestOps] The filename fetched :: C:\Users\Mylaptop\Desktop\Project2plzzzz\src\test\java\Saucedemo\LoginTestBrowserStack.java, fileSeparator :: \, AbsolutePath :: C:\Users\Mylaptop\Desktop\Project2plzzzz\., Normalized Path :: C:\Users\Mylaptop\Desktop\Project2plzzzz, File.Separator :: \
02:44:50.430 [Project2plzzzz-1@1] DEBUG c.b.testNgListeners.TestNGUtils - [populateTestDataForBSTestOps] Replaced File Name is :: Project2plzzzz\src\test\java\Saucedemo\LoginTestBrowserStack.java, Absolute Path :: C:\Users\Mylaptop\Desktop\Project2plzzzz\.., Normalized Path :: C:\Users\Mylaptop\Desktop 
02:44:50.433 [Project2plzzzz-1@1] DEBUG com.browserstack.testOps.Listener - [ TESTHUB ] Processing Request Kind TestRunStarted
02:44:50.434 [Project2plzzzz-1@1] DEBUG c.b.monitoring.PerformanceTester - Failed to append key metrics to file C:\Users\Mylaptop\Desktop\Project2plzzzz\logs\key-metrics.json
02:44:50.434 [bannedUserLoginTest@1] DEBUG c.b.testNgListeners.TestNGUtils - [populateTestDataForBSTestOps] Event Type :: HookRunFinished, Method ClassName :: BaseTest.BrowserStackTest 
02:44:50.434 [bannedUserLoginTest@1] DEBUG c.browserstack.utils.UtilityMethods - [findFileMatcher] Current Path is :: C:\Users\Mylaptop\Desktop\Project2plzzzz, TestClass :: BaseTest\BrowserStackTest
02:44:50.444 [bannedUserLoginTest@2] DEBUG c.b.testNgListeners.TestNGUtils - [populateTestDataForBSTestOps] The filename fetched :: C:\Users\Mylaptop\Desktop\Project2plzzzz\src\test\java\BaseTest\BrowserStackTest.java, fileSeparator :: \, AbsolutePath :: C:\Users\Mylaptop\Desktop\Project2plzzzz\., Normalized Path :: C:\Users\Mylaptop\Desktop\Project2plzzzz, File.Separator :: \
02:44:50.444 [bannedUserLoginTest@2] DEBUG c.b.testNgListeners.TestNGUtils - [populateTestDataForBSTestOps] Replaced File Name is :: Project2plzzzz\src\test\java\BaseTest\BrowserStackTest.java, Absolute Path :: C:\Users\Mylaptop\Desktop\Project2plzzzz\.., Normalized Path :: C:\Users\Mylaptop\Desktop 
02:44:50.445 [bannedUserLoginTest@2] DEBUG com.browserstack.testOps.Listener - [ TESTHUB ] Processing Request Kind HookRunFinished
02:44:50.446 [bannedUserLoginTest@2] DEBUG c.b.monitoring.PerformanceTester - Failed to append key metrics to file C:\Users\Mylaptop\Desktop\Project2plzzzz\logs\key-metrics.json
02:44:50.446 [bannedUserLoginTest@2] DEBUG c.b.testNgListeners.TestNGUtils - [populateTestDataForBSTestOps] Event Type :: TestRunSkipped, Test ClassName :: Saucedemo.LoginTestBrowserStack 
02:44:50.446 [bannedUserLoginTest@2] DEBUG c.browserstack.utils.UtilityMethods - [findFileMatcher] Current Path is :: C:\Users\Mylaptop\Desktop\Project2plzzzz, TestClass :: Saucedemo\LoginTestBrowserStack
02:44:50.476 [bannedUserLoginTest@1] DEBUG c.b.testNgListeners.TestNGUtils - [populateTestDataForBSTestOps] The filename fetched :: C:\Users\Mylaptop\Desktop\Project2plzzzz\src\test\java\BaseTest\BrowserStackTest.java, fileSeparator :: \, AbsolutePath :: C:\Users\Mylaptop\Desktop\Project2plzzzz\., Normalized Path :: C:\Users\Mylaptop\Desktop\Project2plzzzz, File.Separator :: \
02:44:50.476 [bannedUserLoginTest@1] DEBUG c.b.testNgListeners.TestNGUtils - [populateTestDataForBSTestOps] Replaced File Name is :: Project2plzzzz\src\test\java\BaseTest\BrowserStackTest.java, Absolute Path :: C:\Users\Mylaptop\Desktop\Project2plzzzz\.., Normalized Path :: C:\Users\Mylaptop\Desktop 
02:44:50.477 [bannedUserLoginTest@1] DEBUG com.browserstack.testOps.Listener - [ TESTHUB ] Processing Request Kind HookRunFinished
02:44:50.478 [bannedUserLoginTest@1] DEBUG c.b.monitoring.PerformanceTester - Failed to append key metrics to file C:\Users\Mylaptop\Desktop\Project2plzzzz\logs\key-metrics.json
02:44:50.479 [bannedUserLoginTest@1] DEBUG c.b.testNgListeners.TestNGUtils - [populateTestDataForBSTestOps] Event Type :: TestRunSkipped, Test ClassName :: Saucedemo.LoginTestBrowserStack 
02:44:50.479 [bannedUserLoginTest@1] DEBUG c.browserstack.utils.UtilityMethods - [findFileMatcher] Current Path is :: C:\Users\Mylaptop\Desktop\Project2plzzzz, TestClass :: Saucedemo\LoginTestBrowserStack
02:44:50.482 [bannedUserLoginTest@0] DEBUG c.b.testNgListeners.TestNGUtils - [populateTestDataForBSTestOps] The filename fetched :: C:\Users\Mylaptop\Desktop\Project2plzzzz\src\test\java\BaseTest\BrowserStackTest.java, fileSeparator :: \, AbsolutePath :: C:\Users\Mylaptop\Desktop\Project2plzzzz\., Normalized Path :: C:\Users\Mylaptop\Desktop\Project2plzzzz, File.Separator :: \
02:44:50.482 [bannedUserLoginTest@0] DEBUG c.b.testNgListeners.TestNGUtils - [populateTestDataForBSTestOps] Replaced File Name is :: Project2plzzzz\src\test\java\BaseTest\BrowserStackTest.java, Absolute Path :: C:\Users\Mylaptop\Desktop\Project2plzzzz\.., Normalized Path :: C:\Users\Mylaptop\Desktop 
02:44:50.483 [bannedUserLoginTest@0] DEBUG com.browserstack.testOps.Listener - [ TESTHUB ] Processing Request Kind HookRunFinished
02:44:50.484 [bannedUserLoginTest@0] DEBUG c.b.monitoring.PerformanceTester - Failed to append key metrics to file C:\Users\Mylaptop\Desktop\Project2plzzzz\logs\key-metrics.json
02:44:50.484 [bannedUserLoginTest@2] DEBUG c.b.testNgListeners.TestNGUtils - [populateTestDataForBSTestOps] The filename fetched :: C:\Users\Mylaptop\Desktop\Project2plzzzz\src\test\java\Saucedemo\LoginTestBrowserStack.java, fileSeparator :: \, AbsolutePath :: C:\Users\Mylaptop\Desktop\Project2plzzzz\., Normalized Path :: C:\Users\Mylaptop\Desktop\Project2plzzzz, File.Separator :: \
02:44:50.484 [bannedUserLoginTest@2] DEBUG c.b.testNgListeners.TestNGUtils - [populateTestDataForBSTestOps] Replaced File Name is :: Project2plzzzz\src\test\java\Saucedemo\LoginTestBrowserStack.java, Absolute Path :: C:\Users\Mylaptop\Desktop\Project2plzzzz\.., Normalized Path :: C:\Users\Mylaptop\Desktop 
02:44:50.484 [bannedUserLoginTest@0] DEBUG c.b.testNgListeners.TestNGUtils - [populateTestDataForBSTestOps] Event Type :: TestRunSkipped, Test ClassName :: Saucedemo.LoginTestBrowserStack 
02:44:50.484 [bannedUserLoginTest@0] DEBUG c.browserstack.utils.UtilityMethods - [findFileMatcher] Current Path is :: C:\Users\Mylaptop\Desktop\Project2plzzzz, TestClass :: Saucedemo\LoginTestBrowserStack
02:44:50.487 [bannedUserLoginTest@2] DEBUG com.browserstack.testOps.Listener - [ TESTHUB ] Processing Request Kind TestRunFinished
02:44:50.488 [bannedUserLoginTest@2] DEBUG c.b.monitoring.PerformanceTester - Failed to append key metrics to file C:\Users\Mylaptop\Desktop\Project2plzzzz\logs\key-metrics.json
02:44:50.488 [bannedUserLoginTest@2] DEBUG c.browserstack.utils.LogReportingAPI - sendSync failed - driver not found
02:44:50.488 [bannedUserLoginTest@2] DEBUG c.b.monitoring.PerformanceTester - Failed to append key metrics to file C:\Users\Mylaptop\Desktop\Project2plzzzz\logs\key-metrics.json
02:44:50.514 [tearDown@2] DEBUG c.b.testNgListeners.TestNGUtils - [populateTestDataForBSTestOps] Event Type :: HookRunStarted, Method ClassName :: BaseTest.BrowserStackTest 
02:44:50.514 [tearDown@2] DEBUG c.browserstack.utils.UtilityMethods - [findFileMatcher] Current Path is :: C:\Users\Mylaptop\Desktop\Project2plzzzz, TestClass :: BaseTest\BrowserStackTest
02:44:50.535 [bannedUserLoginTest@1] DEBUG c.b.testNgListeners.TestNGUtils - [populateTestDataForBSTestOps] The filename fetched :: C:\Users\Mylaptop\Desktop\Project2plzzzz\src\test\java\Saucedemo\LoginTestBrowserStack.java, fileSeparator :: \, AbsolutePath :: C:\Users\Mylaptop\Desktop\Project2plzzzz\., Normalized Path :: C:\Users\Mylaptop\Desktop\Project2plzzzz, File.Separator :: \
02:44:50.535 [bannedUserLoginTest@1] DEBUG c.b.testNgListeners.TestNGUtils - [populateTestDataForBSTestOps] Replaced File Name is :: Project2plzzzz\src\test\java\Saucedemo\LoginTestBrowserStack.java, Absolute Path :: C:\Users\Mylaptop\Desktop\Project2plzzzz\.., Normalized Path :: C:\Users\Mylaptop\Desktop 
02:44:50.538 [bannedUserLoginTest@0] DEBUG c.b.testNgListeners.TestNGUtils - [populateTestDataForBSTestOps] The filename fetched :: C:\Users\Mylaptop\Desktop\Project2plzzzz\src\test\java\Saucedemo\LoginTestBrowserStack.java, fileSeparator :: \, AbsolutePath :: C:\Users\Mylaptop\Desktop\Project2plzzzz\., Normalized Path :: C:\Users\Mylaptop\Desktop\Project2plzzzz, File.Separator :: \
02:44:50.538 [bannedUserLoginTest@0] DEBUG c.b.testNgListeners.TestNGUtils - [populateTestDataForBSTestOps] Replaced File Name is :: Project2plzzzz\src\test\java\Saucedemo\LoginTestBrowserStack.java, Absolute Path :: C:\Users\Mylaptop\Desktop\Project2plzzzz\.., Normalized Path :: C:\Users\Mylaptop\Desktop 
02:44:50.540 [bannedUserLoginTest@1] DEBUG com.browserstack.testOps.Listener - [ TESTHUB ] Processing Request Kind TestRunFinished
02:44:50.540 [bannedUserLoginTest@1] DEBUG c.b.monitoring.PerformanceTester - Failed to append key metrics to file C:\Users\Mylaptop\Desktop\Project2plzzzz\logs\key-metrics.json
02:44:50.541 [bannedUserLoginTest@1] DEBUG c.browserstack.utils.LogReportingAPI - sendSync failed - driver not found
02:44:50.541 [bannedUserLoginTest@1] DEBUG c.b.monitoring.PerformanceTester - Failed to append key metrics to file C:\Users\Mylaptop\Desktop\Project2plzzzz\logs\key-metrics.json
02:44:50.542 [bannedUserLoginTest@0] DEBUG com.browserstack.testOps.Listener - [ TESTHUB ] Processing Request Kind TestRunFinished
02:44:50.543 [bannedUserLoginTest@0] DEBUG c.b.monitoring.PerformanceTester - Failed to append key metrics to file C:\Users\Mylaptop\Desktop\Project2plzzzz\logs\key-metrics.json
02:44:50.543 [bannedUserLoginTest@0] DEBUG c.browserstack.utils.LogReportingAPI - sendSync failed - driver not found
02:44:50.543 [bannedUserLoginTest@0] DEBUG c.b.monitoring.PerformanceTester - Failed to append key metrics to file C:\Users\Mylaptop\Desktop\Project2plzzzz\logs\key-metrics.json
02:44:50.543 [tearDown@1] DEBUG c.b.testNgListeners.TestNGUtils - [populateTestDataForBSTestOps] Event Type :: HookRunStarted, Method ClassName :: BaseTest.BrowserStackTest 
02:44:50.543 [tearDown@1] DEBUG c.browserstack.utils.UtilityMethods - [findFileMatcher] Current Path is :: C:\Users\Mylaptop\Desktop\Project2plzzzz, TestClass :: BaseTest\BrowserStackTest
02:44:50.546 [tearDown@0] DEBUG c.b.testNgListeners.TestNGUtils - [populateTestDataForBSTestOps] Event Type :: HookRunStarted, Method ClassName :: BaseTest.BrowserStackTest 
02:44:50.546 [tearDown@0] DEBUG c.browserstack.utils.UtilityMethods - [findFileMatcher] Current Path is :: C:\Users\Mylaptop\Desktop\Project2plzzzz, TestClass :: BaseTest\BrowserStackTest
02:44:50.552 [tearDown@2] DEBUG c.b.testNgListeners.TestNGUtils - [populateTestDataForBSTestOps] The filename fetched :: C:\Users\Mylaptop\Desktop\Project2plzzzz\src\test\java\BaseTest\BrowserStackTest.java, fileSeparator :: \, AbsolutePath :: C:\Users\Mylaptop\Desktop\Project2plzzzz\., Normalized Path :: C:\Users\Mylaptop\Desktop\Project2plzzzz, File.Separator :: \
02:44:50.553 [tearDown@2] DEBUG c.b.testNgListeners.TestNGUtils - [populateTestDataForBSTestOps] Replaced File Name is :: Project2plzzzz\src\test\java\BaseTest\BrowserStackTest.java, Absolute Path :: C:\Users\Mylaptop\Desktop\Project2plzzzz\.., Normalized Path :: C:\Users\Mylaptop\Desktop 
02:44:50.553 [tearDown@2] DEBUG com.browserstack.testOps.Listener - [ TESTHUB ] Processing Request Kind HookRunStarted
02:44:50.554 [tearDown@2] DEBUG c.b.monitoring.PerformanceTester - Failed to append key metrics to file C:\Users\Mylaptop\Desktop\Project2plzzzz\logs\key-metrics.json
02:44:50.554 [tearDown@2] DEBUG c.b.testNgListeners.TestNGUtils - [populateTestDataForBSTestOps] Event Type :: HookRunFinished, Method ClassName :: BaseTest.BrowserStackTest 
02:44:50.554 [tearDown@2] DEBUG c.browserstack.utils.UtilityMethods - [findFileMatcher] Current Path is :: C:\Users\Mylaptop\Desktop\Project2plzzzz, TestClass :: BaseTest\BrowserStackTest
02:44:50.579 [tearDown@1] DEBUG c.b.testNgListeners.TestNGUtils - [populateTestDataForBSTestOps] The filename fetched :: C:\Users\Mylaptop\Desktop\Project2plzzzz\src\test\java\BaseTest\BrowserStackTest.java, fileSeparator :: \, AbsolutePath :: C:\Users\Mylaptop\Desktop\Project2plzzzz\., Normalized Path :: C:\Users\Mylaptop\Desktop\Project2plzzzz, File.Separator :: \
02:44:50.579 [tearDown@1] DEBUG c.b.testNgListeners.TestNGUtils - [populateTestDataForBSTestOps] Replaced File Name is :: Project2plzzzz\src\test\java\BaseTest\BrowserStackTest.java, Absolute Path :: C:\Users\Mylaptop\Desktop\Project2plzzzz\.., Normalized Path :: C:\Users\Mylaptop\Desktop 
02:44:50.579 [tearDown@1] DEBUG com.browserstack.testOps.Listener - [ TESTHUB ] Processing Request Kind HookRunStarted
02:44:50.580 [tearDown@1] DEBUG c.b.monitoring.PerformanceTester - Failed to append key metrics to file C:\Users\Mylaptop\Desktop\Project2plzzzz\logs\key-metrics.json
02:44:50.580 [tearDown@1] DEBUG c.b.testNgListeners.TestNGUtils - [populateTestDataForBSTestOps] Event Type :: HookRunFinished, Method ClassName :: BaseTest.BrowserStackTest 
02:44:50.581 [tearDown@1] DEBUG c.browserstack.utils.UtilityMethods - [findFileMatcher] Current Path is :: C:\Users\Mylaptop\Desktop\Project2plzzzz, TestClass :: BaseTest\BrowserStackTest
02:44:50.592 [tearDown@2] DEBUG c.b.testNgListeners.TestNGUtils - [populateTestDataForBSTestOps] The filename fetched :: C:\Users\Mylaptop\Desktop\Project2plzzzz\src\test\java\BaseTest\BrowserStackTest.java, fileSeparator :: \, AbsolutePath :: C:\Users\Mylaptop\Desktop\Project2plzzzz\., Normalized Path :: C:\Users\Mylaptop\Desktop\Project2plzzzz, File.Separator :: \
02:44:50.592 [tearDown@2] DEBUG c.b.testNgListeners.TestNGUtils - [populateTestDataForBSTestOps] Replaced File Name is :: Project2plzzzz\src\test\java\BaseTest\BrowserStackTest.java, Absolute Path :: C:\Users\Mylaptop\Desktop\Project2plzzzz\.., Normalized Path :: C:\Users\Mylaptop\Desktop 
02:44:50.593 [tearDown@2] DEBUG com.browserstack.testOps.Listener - [ TESTHUB ] Processing Request Kind HookRunFinished
02:44:50.593 [tearDown@2] DEBUG c.b.monitoring.PerformanceTester - Failed to append key metrics to file C:\Users\Mylaptop\Desktop\Project2plzzzz\logs\key-metrics.json
02:44:50.594 [tearDown@0] DEBUG c.b.testNgListeners.TestNGUtils - [populateTestDataForBSTestOps] The filename fetched :: C:\Users\Mylaptop\Desktop\Project2plzzzz\src\test\java\BaseTest\BrowserStackTest.java, fileSeparator :: \, AbsolutePath :: C:\Users\Mylaptop\Desktop\Project2plzzzz\., Normalized Path :: C:\Users\Mylaptop\Desktop\Project2plzzzz, File.Separator :: \
02:44:50.594 [tearDown@0] DEBUG c.b.testNgListeners.TestNGUtils - [populateTestDataForBSTestOps] Replaced File Name is :: Project2plzzzz\src\test\java\BaseTest\BrowserStackTest.java, Absolute Path :: C:\Users\Mylaptop\Desktop\Project2plzzzz\.., Normalized Path :: C:\Users\Mylaptop\Desktop 
02:44:50.594 [tearDown@0] DEBUG com.browserstack.testOps.Listener - [ TESTHUB ] Processing Request Kind HookRunStarted
02:44:50.595 [tearDown@0] DEBUG c.b.monitoring.PerformanceTester - Failed to append key metrics to file C:\Users\Mylaptop\Desktop\Project2plzzzz\logs\key-metrics.json
02:44:50.595 [tearDown@0] DEBUG c.b.testNgListeners.TestNGUtils - [populateTestDataForBSTestOps] Event Type :: HookRunFinished, Method ClassName :: BaseTest.BrowserStackTest 
02:44:50.595 [tearDown@0] DEBUG c.browserstack.utils.UtilityMethods - [findFileMatcher] Current Path is :: C:\Users\Mylaptop\Desktop\Project2plzzzz, TestClass :: BaseTest\BrowserStackTest
02:44:50.599 [setUp@2] DEBUG c.b.testNgListeners.TestNGUtils - [populateTestDataForBSTestOps] Event Type :: HookRunStarted, Method ClassName :: BaseTest.BrowserStackTest 
02:44:50.599 [setUp@2] DEBUG c.browserstack.utils.UtilityMethods - [findFileMatcher] Current Path is :: C:\Users\Mylaptop\Desktop\Project2plzzzz, TestClass :: BaseTest\BrowserStackTest
02:44:50.617 [tearDown@1] DEBUG c.b.testNgListeners.TestNGUtils - [populateTestDataForBSTestOps] The filename fetched :: C:\Users\Mylaptop\Desktop\Project2plzzzz\src\test\java\BaseTest\BrowserStackTest.java, fileSeparator :: \, AbsolutePath :: C:\Users\Mylaptop\Desktop\Project2plzzzz\., Normalized Path :: C:\Users\Mylaptop\Desktop\Project2plzzzz, File.Separator :: \
02:44:50.617 [tearDown@1] DEBUG c.b.testNgListeners.TestNGUtils - [populateTestDataForBSTestOps] Replaced File Name is :: Project2plzzzz\src\test\java\BaseTest\BrowserStackTest.java, Absolute Path :: C:\Users\Mylaptop\Desktop\Project2plzzzz\.., Normalized Path :: C:\Users\Mylaptop\Desktop 
02:44:50.618 [tearDown@1] DEBUG com.browserstack.testOps.Listener - [ TESTHUB ] Processing Request Kind HookRunFinished
02:44:50.618 [tearDown@1] DEBUG c.b.monitoring.PerformanceTester - Failed to append key metrics to file C:\Users\Mylaptop\Desktop\Project2plzzzz\logs\key-metrics.json
02:44:50.624 [setUp@1] DEBUG c.b.testNgListeners.TestNGUtils - [populateTestDataForBSTestOps] Event Type :: HookRunStarted, Method ClassName :: BaseTest.BrowserStackTest 
02:44:50.624 [setUp@1] DEBUG c.browserstack.utils.UtilityMethods - [findFileMatcher] Current Path is :: C:\Users\Mylaptop\Desktop\Project2plzzzz, TestClass :: BaseTest\BrowserStackTest
02:44:50.636 [tearDown@0] DEBUG c.b.testNgListeners.TestNGUtils - [populateTestDataForBSTestOps] The filename fetched :: C:\Users\Mylaptop\Desktop\Project2plzzzz\src\test\java\BaseTest\BrowserStackTest.java, fileSeparator :: \, AbsolutePath :: C:\Users\Mylaptop\Desktop\Project2plzzzz\., Normalized Path :: C:\Users\Mylaptop\Desktop\Project2plzzzz, File.Separator :: \
02:44:50.636 [tearDown@0] DEBUG c.b.testNgListeners.TestNGUtils - [populateTestDataForBSTestOps] Replaced File Name is :: Project2plzzzz\src\test\java\BaseTest\BrowserStackTest.java, Absolute Path :: C:\Users\Mylaptop\Desktop\Project2plzzzz\.., Normalized Path :: C:\Users\Mylaptop\Desktop 
02:44:50.637 [tearDown@0] DEBUG com.browserstack.testOps.Listener - [ TESTHUB ] Processing Request Kind HookRunFinished
02:44:50.637 [tearDown@0] DEBUG c.b.monitoring.PerformanceTester - Failed to append key metrics to file C:\Users\Mylaptop\Desktop\Project2plzzzz\logs\key-metrics.json
02:44:50.639 [setUp@2] DEBUG c.b.testNgListeners.TestNGUtils - [populateTestDataForBSTestOps] The filename fetched :: C:\Users\Mylaptop\Desktop\Project2plzzzz\src\test\java\BaseTest\BrowserStackTest.java, fileSeparator :: \, AbsolutePath :: C:\Users\Mylaptop\Desktop\Project2plzzzz\., Normalized Path :: C:\Users\Mylaptop\Desktop\Project2plzzzz, File.Separator :: \
02:44:50.639 [setUp@2] DEBUG c.b.testNgListeners.TestNGUtils - [populateTestDataForBSTestOps] Replaced File Name is :: Project2plzzzz\src\test\java\BaseTest\BrowserStackTest.java, Absolute Path :: C:\Users\Mylaptop\Desktop\Project2plzzzz\.., Normalized Path :: C:\Users\Mylaptop\Desktop 
02:44:50.639 [setUp@2] DEBUG com.browserstack.testOps.Listener - [ TESTHUB ] Processing Request Kind HookRunStarted
02:44:50.639 [setUp@2] DEBUG c.b.monitoring.PerformanceTester - Failed to append key metrics to file C:\Users\Mylaptop\Desktop\Project2plzzzz\logs\key-metrics.json
02:44:50.643 [setUp@2] DEBUG c.browserstack.utils.UtilityMethods - [Patch]: SDK enabled, patching remote server
02:44:50.643 [setUp@2] DEBUG c.b.selenium.SeleniumHandler - beforeDriverInit: SDK enabled. Thread ID: 60
02:44:50.643 [setUp@0] DEBUG c.b.testNgListeners.TestNGUtils - [populateTestDataForBSTestOps] Event Type :: HookRunStarted, Method ClassName :: BaseTest.BrowserStackTest 
02:44:50.643 [setUp@0] DEBUG c.browserstack.utils.UtilityMethods - [findFileMatcher] Current Path is :: C:\Users\Mylaptop\Desktop\Project2plzzzz, TestClass :: BaseTest\BrowserStackTest
02:44:50.644 [setUp@2] DEBUG c.b.monitoring.PerformanceTester - Failed to append key metrics to file C:\Users\Mylaptop\Desktop\Project2plzzzz\logs\key-metrics.json
02:44:50.645 [setUp@2] DEBUG c.browserstack.utils.UtilityMethods - [Patch]: SDK enabled, patching remote server
02:44:50.658 [setUp@1] DEBUG c.b.testNgListeners.TestNGUtils - [populateTestDataForBSTestOps] The filename fetched :: C:\Users\Mylaptop\Desktop\Project2plzzzz\src\test\java\BaseTest\BrowserStackTest.java, fileSeparator :: \, AbsolutePath :: C:\Users\Mylaptop\Desktop\Project2plzzzz\., Normalized Path :: C:\Users\Mylaptop\Desktop\Project2plzzzz, File.Separator :: \
02:44:50.658 [setUp@1] DEBUG c.b.testNgListeners.TestNGUtils - [populateTestDataForBSTestOps] Replaced File Name is :: Project2plzzzz\src\test\java\BaseTest\BrowserStackTest.java, Absolute Path :: C:\Users\Mylaptop\Desktop\Project2plzzzz\.., Normalized Path :: C:\Users\Mylaptop\Desktop 
02:44:50.658 [setUp@1] DEBUG com.browserstack.testOps.Listener - [ TESTHUB ] Processing Request Kind HookRunStarted
02:44:50.659 [setUp@1] DEBUG c.b.monitoring.PerformanceTester - Failed to append key metrics to file C:\Users\Mylaptop\Desktop\Project2plzzzz\logs\key-metrics.json
02:44:50.661 [setUp@1] DEBUG c.browserstack.utils.UtilityMethods - [Patch]: SDK enabled, patching remote server
02:44:50.662 [setUp@1] DEBUG c.b.selenium.SeleniumHandler - beforeDriverInit: SDK enabled. Thread ID: 59
02:44:50.662 [setUp@1] DEBUG c.b.monitoring.PerformanceTester - Failed to append key metrics to file C:\Users\Mylaptop\Desktop\Project2plzzzz\logs\key-metrics.json
02:44:50.664 [setUp@1] DEBUG c.browserstack.utils.UtilityMethods - [Patch]: SDK enabled, patching remote server
02:44:50.675 [setUp@0] DEBUG c.b.testNgListeners.TestNGUtils - [populateTestDataForBSTestOps] The filename fetched :: C:\Users\Mylaptop\Desktop\Project2plzzzz\src\test\java\BaseTest\BrowserStackTest.java, fileSeparator :: \, AbsolutePath :: C:\Users\Mylaptop\Desktop\Project2plzzzz\., Normalized Path :: C:\Users\Mylaptop\Desktop\Project2plzzzz, File.Separator :: \
02:44:50.675 [setUp@0] DEBUG c.b.testNgListeners.TestNGUtils - [populateTestDataForBSTestOps] Replaced File Name is :: Project2plzzzz\src\test\java\BaseTest\BrowserStackTest.java, Absolute Path :: C:\Users\Mylaptop\Desktop\Project2plzzzz\.., Normalized Path :: C:\Users\Mylaptop\Desktop 
02:44:50.675 [setUp@0] DEBUG com.browserstack.testOps.Listener - [ TESTHUB ] Processing Request Kind HookRunStarted
02:44:50.676 [setUp@0] DEBUG c.b.monitoring.PerformanceTester - Failed to append key metrics to file C:\Users\Mylaptop\Desktop\Project2plzzzz\logs\key-metrics.json
02:44:50.678 [setUp@0] DEBUG c.browserstack.utils.UtilityMethods - [Patch]: SDK enabled, patching remote server
02:44:50.679 [setUp@0] DEBUG c.b.selenium.SeleniumHandler - beforeDriverInit: SDK enabled. Thread ID: 58
02:44:50.679 [setUp@0] DEBUG c.b.monitoring.PerformanceTester - Failed to append key metrics to file C:\Users\Mylaptop\Desktop\Project2plzzzz\logs\key-metrics.json
02:44:50.681 [setUp@0] DEBUG c.browserstack.utils.UtilityMethods - [Patch]: SDK enabled, patching remote server
02:44:51.152 [pool-5-thread-1] DEBUG c.browserstack.utils.RequestBatcher - Time Since Last Batch Processed 4000

02:44:51.156 [pool-6-thread-1] DEBUG c.browserstack.utils.RequestBatcher - Processing Batch 36

02:44:51.190 [pool-6-thread-1] DEBUG c.browserstack.testOps.RequestUtils - [requestToTestOps] Sending Observability request: POST api/v1/batch with request size 135953
02:44:51.194 [pool-6-thread-1] DEBUG c.browserstack.testOps.RequestUtils - [makeRequest] Sending request: POST https://collector-observability.browserstack.com/api/v1/batch with request size 135953
02:44:51.719 [pool-6-thread-1] DEBUG c.browserstack.testOps.RequestUtils - [makeRequest]: Response code: 200
02:44:51.719 [pool-6-thread-1] DEBUG c.browserstack.testOps.RequestUtils - requestToTestOps: Response code: 200
02:44:51.719 [pool-6-thread-1] DEBUG c.browserstack.utils.LogReportingAPI - 
[2025-01-10T22:44:51.719122300Z][ TESTHUB ] Batch event successfull!

02:44:52.439 [setUp@2] DEBUG c.b.monitoring.PerformanceTester - Failed to append key metrics to file C:\Users\Mylaptop\Desktop\Project2plzzzz\logs\key-metrics.json
02:44:52.440 [setUp@1] DEBUG c.b.monitoring.PerformanceTester - Failed to append key metrics to file C:\Users\Mylaptop\Desktop\Project2plzzzz\logs\key-metrics.json
02:44:52.465 [Project2plzzzz-2@2] DEBUG c.b.testNgListeners.TestNGUtils - [populateTestDataForBSTestOps] Event Type :: TestRunStarted, Test ClassName :: Saucedemo.LoginTestBrowserStack 
02:44:52.465 [Project2plzzzz-2@2] DEBUG c.browserstack.utils.UtilityMethods - [findFileMatcher] Current Path is :: C:\Users\Mylaptop\Desktop\Project2plzzzz, TestClass :: Saucedemo\LoginTestBrowserStack
02:44:52.468 [setUp@0] DEBUG c.b.monitoring.PerformanceTester - Failed to append key metrics to file C:\Users\Mylaptop\Desktop\Project2plzzzz\logs\key-metrics.json
02:44:52.475 [Project2plzzzz-1@1] DEBUG c.b.testNgListeners.TestNGUtils - [populateTestDataForBSTestOps] Event Type :: TestRunStarted, Test ClassName :: Saucedemo.LoginTestBrowserStack 
02:44:52.477 [Project2plzzzz-1@1] DEBUG c.browserstack.utils.UtilityMethods - [findFileMatcher] Current Path is :: C:\Users\Mylaptop\Desktop\Project2plzzzz, TestClass :: Saucedemo\LoginTestBrowserStack
02:44:52.487 [Project2plzzzz-0@0] DEBUG c.b.testNgListeners.TestNGUtils - [populateTestDataForBSTestOps] Event Type :: TestRunStarted, Test ClassName :: Saucedemo.LoginTestBrowserStack 
02:44:52.487 [Project2plzzzz-0@0] DEBUG c.browserstack.utils.UtilityMethods - [findFileMatcher] Current Path is :: C:\Users\Mylaptop\Desktop\Project2plzzzz, TestClass :: Saucedemo\LoginTestBrowserStack
02:44:52.502 [Project2plzzzz-2@2] DEBUG c.b.testNgListeners.TestNGUtils - [populateTestDataForBSTestOps] The filename fetched :: C:\Users\Mylaptop\Desktop\Project2plzzzz\src\test\java\Saucedemo\LoginTestBrowserStack.java, fileSeparator :: \, AbsolutePath :: C:\Users\Mylaptop\Desktop\Project2plzzzz\., Normalized Path :: C:\Users\Mylaptop\Desktop\Project2plzzzz, File.Separator :: \
02:44:52.504 [Project2plzzzz-2@2] DEBUG c.b.testNgListeners.TestNGUtils - [populateTestDataForBSTestOps] Replaced File Name is :: Project2plzzzz\src\test\java\Saucedemo\LoginTestBrowserStack.java, Absolute Path :: C:\Users\Mylaptop\Desktop\Project2plzzzz\.., Normalized Path :: C:\Users\Mylaptop\Desktop 
02:44:52.507 [Project2plzzzz-2@2] DEBUG com.browserstack.testOps.Listener - [ TESTHUB ] Processing Request Kind TestRunStarted
02:44:52.507 [Project2plzzzz-2@2] DEBUG c.b.monitoring.PerformanceTester - Failed to append key metrics to file C:\Users\Mylaptop\Desktop\Project2plzzzz\logs\key-metrics.json
02:44:52.507 [logOutTest@2] DEBUG c.b.testNgListeners.TestNGUtils - [populateTestDataForBSTestOps] Event Type :: HookRunFinished, Method ClassName :: BaseTest.BrowserStackTest 
02:44:52.507 [logOutTest@2] DEBUG c.browserstack.utils.UtilityMethods - [findFileMatcher] Current Path is :: C:\Users\Mylaptop\Desktop\Project2plzzzz, TestClass :: BaseTest\BrowserStackTest
02:44:52.511 [Project2plzzzz-1@1] DEBUG c.b.testNgListeners.TestNGUtils - [populateTestDataForBSTestOps] The filename fetched :: C:\Users\Mylaptop\Desktop\Project2plzzzz\src\test\java\Saucedemo\LoginTestBrowserStack.java, fileSeparator :: \, AbsolutePath :: C:\Users\Mylaptop\Desktop\Project2plzzzz\., Normalized Path :: C:\Users\Mylaptop\Desktop\Project2plzzzz, File.Separator :: \
02:44:52.511 [Project2plzzzz-1@1] DEBUG c.b.testNgListeners.TestNGUtils - [populateTestDataForBSTestOps] Replaced File Name is :: Project2plzzzz\src\test\java\Saucedemo\LoginTestBrowserStack.java, Absolute Path :: C:\Users\Mylaptop\Desktop\Project2plzzzz\.., Normalized Path :: C:\Users\Mylaptop\Desktop 
02:44:52.514 [Project2plzzzz-1@1] DEBUG com.browserstack.testOps.Listener - [ TESTHUB ] Processing Request Kind TestRunStarted
02:44:52.514 [Project2plzzzz-1@1] DEBUG c.b.monitoring.PerformanceTester - Failed to append key metrics to file C:\Users\Mylaptop\Desktop\Project2plzzzz\logs\key-metrics.json
02:44:52.516 [logOutTest@1] DEBUG c.b.testNgListeners.TestNGUtils - [populateTestDataForBSTestOps] Event Type :: HookRunFinished, Method ClassName :: BaseTest.BrowserStackTest 
02:44:52.516 [logOutTest@1] DEBUG c.browserstack.utils.UtilityMethods - [findFileMatcher] Current Path is :: C:\Users\Mylaptop\Desktop\Project2plzzzz, TestClass :: BaseTest\BrowserStackTest
02:44:52.520 [Project2plzzzz-0@0] DEBUG c.b.testNgListeners.TestNGUtils - [populateTestDataForBSTestOps] The filename fetched :: C:\Users\Mylaptop\Desktop\Project2plzzzz\src\test\java\Saucedemo\LoginTestBrowserStack.java, fileSeparator :: \, AbsolutePath :: C:\Users\Mylaptop\Desktop\Project2plzzzz\., Normalized Path :: C:\Users\Mylaptop\Desktop\Project2plzzzz, File.Separator :: \
02:44:52.520 [Project2plzzzz-0@0] DEBUG c.b.testNgListeners.TestNGUtils - [populateTestDataForBSTestOps] Replaced File Name is :: Project2plzzzz\src\test\java\Saucedemo\LoginTestBrowserStack.java, Absolute Path :: C:\Users\Mylaptop\Desktop\Project2plzzzz\.., Normalized Path :: C:\Users\Mylaptop\Desktop 
02:44:52.522 [Project2plzzzz-0@0] DEBUG com.browserstack.testOps.Listener - [ TESTHUB ] Processing Request Kind TestRunStarted
02:44:52.522 [Project2plzzzz-0@0] DEBUG c.b.monitoring.PerformanceTester - Failed to append key metrics to file C:\Users\Mylaptop\Desktop\Project2plzzzz\logs\key-metrics.json
02:44:52.522 [logOutTest@0] DEBUG c.b.testNgListeners.TestNGUtils - [populateTestDataForBSTestOps] Event Type :: HookRunFinished, Method ClassName :: BaseTest.BrowserStackTest 
02:44:52.522 [logOutTest@0] DEBUG c.browserstack.utils.UtilityMethods - [findFileMatcher] Current Path is :: C:\Users\Mylaptop\Desktop\Project2plzzzz, TestClass :: BaseTest\BrowserStackTest
02:44:52.539 [logOutTest@2] DEBUG c.b.testNgListeners.TestNGUtils - [populateTestDataForBSTestOps] The filename fetched :: C:\Users\Mylaptop\Desktop\Project2plzzzz\src\test\java\BaseTest\BrowserStackTest.java, fileSeparator :: \, AbsolutePath :: C:\Users\Mylaptop\Desktop\Project2plzzzz\., Normalized Path :: C:\Users\Mylaptop\Desktop\Project2plzzzz, File.Separator :: \
02:44:52.539 [logOutTest@2] DEBUG c.b.testNgListeners.TestNGUtils - [populateTestDataForBSTestOps] Replaced File Name is :: Project2plzzzz\src\test\java\BaseTest\BrowserStackTest.java, Absolute Path :: C:\Users\Mylaptop\Desktop\Project2plzzzz\.., Normalized Path :: C:\Users\Mylaptop\Desktop 
02:44:52.540 [logOutTest@2] DEBUG com.browserstack.testOps.Listener - [ TESTHUB ] Processing Request Kind HookRunFinished
02:44:52.540 [logOutTest@2] DEBUG c.b.monitoring.PerformanceTester - Failed to append key metrics to file C:\Users\Mylaptop\Desktop\Project2plzzzz\logs\key-metrics.json
02:44:52.540 [logOutTest@2] DEBUG c.b.testNgListeners.TestNGUtils - [populateTestDataForBSTestOps] Event Type :: TestRunSkipped, Test ClassName :: Saucedemo.LoginTestBrowserStack 
02:44:52.540 [logOutTest@2] DEBUG c.browserstack.utils.UtilityMethods - [findFileMatcher] Current Path is :: C:\Users\Mylaptop\Desktop\Project2plzzzz, TestClass :: Saucedemo\LoginTestBrowserStack
02:44:52.543 [logOutTest@1] DEBUG c.b.testNgListeners.TestNGUtils - [populateTestDataForBSTestOps] The filename fetched :: C:\Users\Mylaptop\Desktop\Project2plzzzz\src\test\java\BaseTest\BrowserStackTest.java, fileSeparator :: \, AbsolutePath :: C:\Users\Mylaptop\Desktop\Project2plzzzz\., Normalized Path :: C:\Users\Mylaptop\Desktop\Project2plzzzz, File.Separator :: \
02:44:52.543 [logOutTest@1] DEBUG c.b.testNgListeners.TestNGUtils - [populateTestDataForBSTestOps] Replaced File Name is :: Project2plzzzz\src\test\java\BaseTest\BrowserStackTest.java, Absolute Path :: C:\Users\Mylaptop\Desktop\Project2plzzzz\.., Normalized Path :: C:\Users\Mylaptop\Desktop 
02:44:52.545 [logOutTest@1] DEBUG com.browserstack.testOps.Listener - [ TESTHUB ] Processing Request Kind HookRunFinished
02:44:52.546 [logOutTest@1] DEBUG c.b.monitoring.PerformanceTester - Failed to append key metrics to file C:\Users\Mylaptop\Desktop\Project2plzzzz\logs\key-metrics.json
02:44:52.546 [logOutTest@1] DEBUG c.b.testNgListeners.TestNGUtils - [populateTestDataForBSTestOps] Event Type :: TestRunSkipped, Test ClassName :: Saucedemo.LoginTestBrowserStack 
02:44:52.546 [logOutTest@1] DEBUG c.browserstack.utils.UtilityMethods - [findFileMatcher] Current Path is :: C:\Users\Mylaptop\Desktop\Project2plzzzz, TestClass :: Saucedemo\LoginTestBrowserStack
02:44:52.554 [logOutTest@0] DEBUG c.b.testNgListeners.TestNGUtils - [populateTestDataForBSTestOps] The filename fetched :: C:\Users\Mylaptop\Desktop\Project2plzzzz\src\test\java\BaseTest\BrowserStackTest.java, fileSeparator :: \, AbsolutePath :: C:\Users\Mylaptop\Desktop\Project2plzzzz\., Normalized Path :: C:\Users\Mylaptop\Desktop\Project2plzzzz, File.Separator :: \
02:44:52.554 [logOutTest@0] DEBUG c.b.testNgListeners.TestNGUtils - [populateTestDataForBSTestOps] Replaced File Name is :: Project2plzzzz\src\test\java\BaseTest\BrowserStackTest.java, Absolute Path :: C:\Users\Mylaptop\Desktop\Project2plzzzz\.., Normalized Path :: C:\Users\Mylaptop\Desktop 
02:44:52.555 [logOutTest@0] DEBUG com.browserstack.testOps.Listener - [ TESTHUB ] Processing Request Kind HookRunFinished
02:44:52.555 [logOutTest@0] DEBUG c.b.monitoring.PerformanceTester - Failed to append key metrics to file C:\Users\Mylaptop\Desktop\Project2plzzzz\logs\key-metrics.json
02:44:52.555 [logOutTest@0] DEBUG c.b.testNgListeners.TestNGUtils - [populateTestDataForBSTestOps] Event Type :: TestRunSkipped, Test ClassName :: Saucedemo.LoginTestBrowserStack 
02:44:52.555 [logOutTest@0] DEBUG c.browserstack.utils.UtilityMethods - [findFileMatcher] Current Path is :: C:\Users\Mylaptop\Desktop\Project2plzzzz, TestClass :: Saucedemo\LoginTestBrowserStack
02:44:52.573 [logOutTest@1] DEBUG c.b.testNgListeners.TestNGUtils - [populateTestDataForBSTestOps] The filename fetched :: C:\Users\Mylaptop\Desktop\Project2plzzzz\src\test\java\Saucedemo\LoginTestBrowserStack.java, fileSeparator :: \, AbsolutePath :: C:\Users\Mylaptop\Desktop\Project2plzzzz\., Normalized Path :: C:\Users\Mylaptop\Desktop\Project2plzzzz, File.Separator :: \
02:44:52.573 [logOutTest@1] DEBUG c.b.testNgListeners.TestNGUtils - [populateTestDataForBSTestOps] Replaced File Name is :: Project2plzzzz\src\test\java\Saucedemo\LoginTestBrowserStack.java, Absolute Path :: C:\Users\Mylaptop\Desktop\Project2plzzzz\.., Normalized Path :: C:\Users\Mylaptop\Desktop 
02:44:52.574 [logOutTest@2] DEBUG c.b.testNgListeners.TestNGUtils - [populateTestDataForBSTestOps] The filename fetched :: C:\Users\Mylaptop\Desktop\Project2plzzzz\src\test\java\Saucedemo\LoginTestBrowserStack.java, fileSeparator :: \, AbsolutePath :: C:\Users\Mylaptop\Desktop\Project2plzzzz\., Normalized Path :: C:\Users\Mylaptop\Desktop\Project2plzzzz, File.Separator :: \
02:44:52.574 [logOutTest@2] DEBUG c.b.testNgListeners.TestNGUtils - [populateTestDataForBSTestOps] Replaced File Name is :: Project2plzzzz\src\test\java\Saucedemo\LoginTestBrowserStack.java, Absolute Path :: C:\Users\Mylaptop\Desktop\Project2plzzzz\.., Normalized Path :: C:\Users\Mylaptop\Desktop 
02:44:52.576 [logOutTest@1] DEBUG com.browserstack.testOps.Listener - [ TESTHUB ] Processing Request Kind TestRunFinished
02:44:52.576 [logOutTest@1] DEBUG c.b.monitoring.PerformanceTester - Failed to append key metrics to file C:\Users\Mylaptop\Desktop\Project2plzzzz\logs\key-metrics.json
02:44:52.576 [logOutTest@1] DEBUG c.browserstack.utils.LogReportingAPI - sendSync failed - driver not found
02:44:52.577 [logOutTest@1] DEBUG c.b.monitoring.PerformanceTester - Failed to append key metrics to file C:\Users\Mylaptop\Desktop\Project2plzzzz\logs\key-metrics.json
02:44:52.577 [logOutTest@2] DEBUG com.browserstack.testOps.Listener - [ TESTHUB ] Processing Request Kind TestRunFinished
02:44:52.577 [logOutTest@2] DEBUG c.b.monitoring.PerformanceTester - Failed to append key metrics to file C:\Users\Mylaptop\Desktop\Project2plzzzz\logs\key-metrics.json
02:44:52.577 [logOutTest@2] DEBUG c.browserstack.utils.LogReportingAPI - sendSync failed - driver not found
02:44:52.578 [logOutTest@2] DEBUG c.b.monitoring.PerformanceTester - Failed to append key metrics to file C:\Users\Mylaptop\Desktop\Project2plzzzz\logs\key-metrics.json
02:44:52.578 [tearDown@1] DEBUG c.b.testNgListeners.TestNGUtils - [populateTestDataForBSTestOps] Event Type :: HookRunStarted, Method ClassName :: BaseTest.BrowserStackTest 
02:44:52.578 [tearDown@1] DEBUG c.browserstack.utils.UtilityMethods - [findFileMatcher] Current Path is :: C:\Users\Mylaptop\Desktop\Project2plzzzz, TestClass :: BaseTest\BrowserStackTest
02:44:52.582 [tearDown@2] DEBUG c.b.testNgListeners.TestNGUtils - [populateTestDataForBSTestOps] Event Type :: HookRunStarted, Method ClassName :: BaseTest.BrowserStackTest 
02:44:52.582 [tearDown@2] DEBUG c.browserstack.utils.UtilityMethods - [findFileMatcher] Current Path is :: C:\Users\Mylaptop\Desktop\Project2plzzzz, TestClass :: BaseTest\BrowserStackTest
02:44:52.594 [logOutTest@0] DEBUG c.b.testNgListeners.TestNGUtils - [populateTestDataForBSTestOps] The filename fetched :: C:\Users\Mylaptop\Desktop\Project2plzzzz\src\test\java\Saucedemo\LoginTestBrowserStack.java, fileSeparator :: \, AbsolutePath :: C:\Users\Mylaptop\Desktop\Project2plzzzz\., Normalized Path :: C:\Users\Mylaptop\Desktop\Project2plzzzz, File.Separator :: \
02:44:52.594 [logOutTest@0] DEBUG c.b.testNgListeners.TestNGUtils - [populateTestDataForBSTestOps] Replaced File Name is :: Project2plzzzz\src\test\java\Saucedemo\LoginTestBrowserStack.java, Absolute Path :: C:\Users\Mylaptop\Desktop\Project2plzzzz\.., Normalized Path :: C:\Users\Mylaptop\Desktop 
02:44:52.597 [logOutTest@0] DEBUG com.browserstack.testOps.Listener - [ TESTHUB ] Processing Request Kind TestRunFinished
02:44:52.598 [logOutTest@0] DEBUG c.b.monitoring.PerformanceTester - Failed to append key metrics to file C:\Users\Mylaptop\Desktop\Project2plzzzz\logs\key-metrics.json
02:44:52.598 [logOutTest@0] DEBUG c.browserstack.utils.LogReportingAPI - sendSync failed - driver not found
02:44:52.598 [logOutTest@0] DEBUG c.b.monitoring.PerformanceTester - Failed to append key metrics to file C:\Users\Mylaptop\Desktop\Project2plzzzz\logs\key-metrics.json
02:44:52.600 [tearDown@0] DEBUG c.b.testNgListeners.TestNGUtils - [populateTestDataForBSTestOps] Event Type :: HookRunStarted, Method ClassName :: BaseTest.BrowserStackTest 
02:44:52.600 [tearDown@0] DEBUG c.browserstack.utils.UtilityMethods - [findFileMatcher] Current Path is :: C:\Users\Mylaptop\Desktop\Project2plzzzz, TestClass :: BaseTest\BrowserStackTest
02:44:52.612 [tearDown@1] DEBUG c.b.testNgListeners.TestNGUtils - [populateTestDataForBSTestOps] The filename fetched :: C:\Users\Mylaptop\Desktop\Project2plzzzz\src\test\java\BaseTest\BrowserStackTest.java, fileSeparator :: \, AbsolutePath :: C:\Users\Mylaptop\Desktop\Project2plzzzz\., Normalized Path :: C:\Users\Mylaptop\Desktop\Project2plzzzz, File.Separator :: \
02:44:52.612 [tearDown@1] DEBUG c.b.testNgListeners.TestNGUtils - [populateTestDataForBSTestOps] Replaced File Name is :: Project2plzzzz\src\test\java\BaseTest\BrowserStackTest.java, Absolute Path :: C:\Users\Mylaptop\Desktop\Project2plzzzz\.., Normalized Path :: C:\Users\Mylaptop\Desktop 
02:44:52.612 [tearDown@1] DEBUG com.browserstack.testOps.Listener - [ TESTHUB ] Processing Request Kind HookRunStarted
02:44:52.612 [tearDown@1] DEBUG c.b.monitoring.PerformanceTester - Failed to append key metrics to file C:\Users\Mylaptop\Desktop\Project2plzzzz\logs\key-metrics.json
02:44:52.613 [tearDown@1] DEBUG c.b.testNgListeners.TestNGUtils - [populateTestDataForBSTestOps] Event Type :: HookRunFinished, Method ClassName :: BaseTest.BrowserStackTest 
02:44:52.613 [tearDown@1] DEBUG c.browserstack.utils.UtilityMethods - [findFileMatcher] Current Path is :: C:\Users\Mylaptop\Desktop\Project2plzzzz, TestClass :: BaseTest\BrowserStackTest
02:44:52.619 [tearDown@2] DEBUG c.b.testNgListeners.TestNGUtils - [populateTestDataForBSTestOps] The filename fetched :: C:\Users\Mylaptop\Desktop\Project2plzzzz\src\test\java\BaseTest\BrowserStackTest.java, fileSeparator :: \, AbsolutePath :: C:\Users\Mylaptop\Desktop\Project2plzzzz\., Normalized Path :: C:\Users\Mylaptop\Desktop\Project2plzzzz, File.Separator :: \
02:44:52.619 [tearDown@2] DEBUG c.b.testNgListeners.TestNGUtils - [populateTestDataForBSTestOps] Replaced File Name is :: Project2plzzzz\src\test\java\BaseTest\BrowserStackTest.java, Absolute Path :: C:\Users\Mylaptop\Desktop\Project2plzzzz\.., Normalized Path :: C:\Users\Mylaptop\Desktop 
02:44:52.619 [tearDown@2] DEBUG com.browserstack.testOps.Listener - [ TESTHUB ] Processing Request Kind HookRunStarted
02:44:52.620 [tearDown@2] DEBUG c.b.monitoring.PerformanceTester - Failed to append key metrics to file C:\Users\Mylaptop\Desktop\Project2plzzzz\logs\key-metrics.json
02:44:52.620 [tearDown@2] DEBUG c.b.testNgListeners.TestNGUtils - [populateTestDataForBSTestOps] Event Type :: HookRunFinished, Method ClassName :: BaseTest.BrowserStackTest 
02:44:52.620 [tearDown@2] DEBUG c.browserstack.utils.UtilityMethods - [findFileMatcher] Current Path is :: C:\Users\Mylaptop\Desktop\Project2plzzzz, TestClass :: BaseTest\BrowserStackTest
02:44:52.627 [tearDown@0] DEBUG c.b.testNgListeners.TestNGUtils - [populateTestDataForBSTestOps] The filename fetched :: C:\Users\Mylaptop\Desktop\Project2plzzzz\src\test\java\BaseTest\BrowserStackTest.java, fileSeparator :: \, AbsolutePath :: C:\Users\Mylaptop\Desktop\Project2plzzzz\., Normalized Path :: C:\Users\Mylaptop\Desktop\Project2plzzzz, File.Separator :: \
02:44:52.628 [tearDown@0] DEBUG c.b.testNgListeners.TestNGUtils - [populateTestDataForBSTestOps] Replaced File Name is :: Project2plzzzz\src\test\java\BaseTest\BrowserStackTest.java, Absolute Path :: C:\Users\Mylaptop\Desktop\Project2plzzzz\.., Normalized Path :: C:\Users\Mylaptop\Desktop 
02:44:52.628 [tearDown@0] DEBUG com.browserstack.testOps.Listener - [ TESTHUB ] Processing Request Kind HookRunStarted
02:44:52.628 [tearDown@0] DEBUG c.b.monitoring.PerformanceTester - Failed to append key metrics to file C:\Users\Mylaptop\Desktop\Project2plzzzz\logs\key-metrics.json
02:44:52.628 [tearDown@0] DEBUG c.b.testNgListeners.TestNGUtils - [populateTestDataForBSTestOps] Event Type :: HookRunFinished, Method ClassName :: BaseTest.BrowserStackTest 
02:44:52.628 [tearDown@0] DEBUG c.browserstack.utils.UtilityMethods - [findFileMatcher] Current Path is :: C:\Users\Mylaptop\Desktop\Project2plzzzz, TestClass :: BaseTest\BrowserStackTest
02:44:52.641 [tearDown@1] DEBUG c.b.testNgListeners.TestNGUtils - [populateTestDataForBSTestOps] The filename fetched :: C:\Users\Mylaptop\Desktop\Project2plzzzz\src\test\java\BaseTest\BrowserStackTest.java, fileSeparator :: \, AbsolutePath :: C:\Users\Mylaptop\Desktop\Project2plzzzz\., Normalized Path :: C:\Users\Mylaptop\Desktop\Project2plzzzz, File.Separator :: \
02:44:52.641 [tearDown@1] DEBUG c.b.testNgListeners.TestNGUtils - [populateTestDataForBSTestOps] Replaced File Name is :: Project2plzzzz\src\test\java\BaseTest\BrowserStackTest.java, Absolute Path :: C:\Users\Mylaptop\Desktop\Project2plzzzz\.., Normalized Path :: C:\Users\Mylaptop\Desktop 
02:44:52.642 [tearDown@1] DEBUG com.browserstack.testOps.Listener - [ TESTHUB ] Processing Request Kind HookRunFinished
02:44:52.642 [tearDown@1] DEBUG c.b.monitoring.PerformanceTester - Failed to append key metrics to file C:\Users\Mylaptop\Desktop\Project2plzzzz\logs\key-metrics.json
02:44:52.648 [tearDown@1] DEBUG c.b.utils.FrameworkDetectionUtils - Couldn't find dependency class: appium
02:44:52.648 [tearDown@1] DEBUG com.browserstack.testOps.UsageStats - getFormattedData: Collecting data for TestObservability
02:44:52.648 [tearDown@1] DEBUG com.browserstack.testOps.UsageStats - getEventStats: Getting event data for TestObservability
02:44:52.652 [tearDown@1] DEBUG com.browserstack.testOps.UsageStats - [OBSERVABILITY] Failed to parse data from workers
02:44:52.654 [tearDown@2] DEBUG c.b.testNgListeners.TestNGUtils - [populateTestDataForBSTestOps] The filename fetched :: C:\Users\Mylaptop\Desktop\Project2plzzzz\src\test\java\BaseTest\BrowserStackTest.java, fileSeparator :: \, AbsolutePath :: C:\Users\Mylaptop\Desktop\Project2plzzzz\., Normalized Path :: C:\Users\Mylaptop\Desktop\Project2plzzzz, File.Separator :: \
02:44:52.655 [tearDown@2] DEBUG c.b.testNgListeners.TestNGUtils - [populateTestDataForBSTestOps] Replaced File Name is :: Project2plzzzz\src\test\java\BaseTest\BrowserStackTest.java, Absolute Path :: C:\Users\Mylaptop\Desktop\Project2plzzzz\.., Normalized Path :: C:\Users\Mylaptop\Desktop 
02:44:52.655 [tearDown@2] DEBUG com.browserstack.testOps.Listener - [ TESTHUB ] Processing Request Kind HookRunFinished
02:44:52.656 [tearDown@2] DEBUG c.b.monitoring.PerformanceTester - Failed to append key metrics to file C:\Users\Mylaptop\Desktop\Project2plzzzz\logs\key-metrics.json
02:44:52.661 [tearDown@2] DEBUG c.b.utils.FrameworkDetectionUtils - Couldn't find dependency class: appium
02:44:52.662 [tearDown@2] DEBUG com.browserstack.testOps.UsageStats - getFormattedData: Collecting data for TestObservability
02:44:52.662 [tearDown@2] DEBUG com.browserstack.testOps.UsageStats - getEventStats: Getting event data for TestObservability
02:44:52.662 [tearDown@2] DEBUG com.browserstack.testOps.UsageStats - [OBSERVABILITY] Failed to parse data from workers
02:44:52.664 [tearDown@0] DEBUG c.b.testNgListeners.TestNGUtils - [populateTestDataForBSTestOps] The filename fetched :: C:\Users\Mylaptop\Desktop\Project2plzzzz\src\test\java\BaseTest\BrowserStackTest.java, fileSeparator :: \, AbsolutePath :: C:\Users\Mylaptop\Desktop\Project2plzzzz\., Normalized Path :: C:\Users\Mylaptop\Desktop\Project2plzzzz, File.Separator :: \
02:44:52.664 [tearDown@0] DEBUG c.b.testNgListeners.TestNGUtils - [populateTestDataForBSTestOps] Replaced File Name is :: Project2plzzzz\src\test\java\BaseTest\BrowserStackTest.java, Absolute Path :: C:\Users\Mylaptop\Desktop\Project2plzzzz\.., Normalized Path :: C:\Users\Mylaptop\Desktop 
02:44:52.664 [tearDown@0] DEBUG com.browserstack.testOps.Listener - [ TESTHUB ] Processing Request Kind HookRunFinished
02:44:52.666 [tearDown@0] DEBUG c.b.monitoring.PerformanceTester - Failed to append key metrics to file C:\Users\Mylaptop\Desktop\Project2plzzzz\logs\key-metrics.json
02:44:52.671 [tearDown@0] DEBUG c.b.utils.FrameworkDetectionUtils - Couldn't find dependency class: appium
02:44:52.671 [tearDown@0] DEBUG com.browserstack.testOps.UsageStats - getFormattedData: Collecting data for TestObservability
02:44:52.671 [tearDown@0] DEBUG com.browserstack.testOps.UsageStats - getEventStats: Getting event data for TestObservability
02:44:52.671 [tearDown@0] DEBUG com.browserstack.testOps.UsageStats - [OBSERVABILITY] Failed to parse data from workers
02:44:52.709 [tearDown@0] DEBUG c.b.utils.FunnelInstrumentation - Sending funnel data for SDKTestSuccessful with data: {"event_type":"SDKTestSuccessful","accessKey":"PQ6wNsygb77eCxSVxbcZ","userName":"floraayvazyan_72kWsC","event_properties":{"isPercyAutoEnabled":false,"language":"java","sdkRunId":"9ad83bba-ce3c-41e4-bd80-2d1fbb9d8ffe","buildIdentifier":"#17","testhub_uuid":"dl6h97cklgzvbijdltkir0wizvbdu2fnifedl4cu","detectedAppiumVersion":"null","productMap":{"app_automate":false,"accessibility":false,"automate":true,"percy":false,"observability":true,"turboscale":false},"hostname":"DESKTOP-7TGF0Q2","measures":{"sdk:driver:quit":0.23,"sdk:testhub":525.5207000002265,"sdk:automate:hub-management":4071.0082000009716,"sdk:driver:pre-initialization":0.95,"sdk:setup":13723.526099998504,"sdk:pre-test":0.30330000072717667,"sdk:o11y:sync":0.01,"sdk:hook":0.02},"productUsage":{"testObservability":{"buildHashedId":"dl6h97cklgzvbijdltkir0wizvbdu2fnifedl4cu","manuallySet":false,"enabled":true,"events":{"hookEvents":{"started":{"errors":[],"triggeredCount":18,"sentCount":15,"failedCount":0},"finished":{"triggeredCount":18,"failedCount":0,"errors":[],"sentCount":12},"failed":{"errors":[],"triggeredCount":18,"sentCount":12,"failedCount":0}},"logEvents":{"errors":[],"triggeredCount":52,"sentCount":52,"failedCount":0,"log":{"errors":[],"triggeredCount":52,"sentCount":52,"failedCount":0}},"testEvents":{"started":{"errors":[],"triggeredCount":9,"sentCount":6,"failedCount":0},"finished":{"triggeredCount":9,"failedCount":0,"errors":[],"sentCount":6},"skipped":{"errors":[],"triggeredCount":9,"sentCount":6,"failedCount":0}},"batchEvents":{"triggeredCount":2,"failedCount":0,"errors":[],"sentCount":2},"cbtSessionEvents":{"errors":[],"triggeredCount":0,"sentCount":0,"failedCount":0},"buildEvents":{"started":{"error":null,"status":"success","triggered":true},"finished":{"error":null,"status":null,"triggered":null}}}}},"browserStackConfig":{"browserstackLocal":true,"percy":false,"logLevel":"info","staticWebDriver":true,"autoDetectFramework":true,"percyCaptureMode":"MANUAL","browserStackLocalOptions":{"localIdentifier":"11_Jan_244_DESKTOP_7TGF0Q2_FPQr","key":"****"},"percyOptions":null,"testContextOptions":{"skipSessionName":false,"skipSessionStatus":false,"serenityOverridePlugin":false},"platforms":[{"capabilities":{},"browserVersion":"latest","osVersion":"11","platformCaps":{"os":"Windows","osVersion":11,"browserVersion":"latest","browserName":"Chrome"},"browser":"Chrome","device":null,"os":"Windows","platformString":"Windows, 11, Chrome, latest","customVariables":"****"},{"capabilities":{},"browserVersion":"latest","osVersion":"11","platformCaps":{"os":"Windows","osVersion":11,"browserVersion":"latest","browserName":"Edge"},"browser":"Edge","device":null,"os":"Windows","platformString":"Windows, 11, Edge, latest","customVariables":"****"},{"capabilities":{},"browserVersion":"131.0","osVersion":"11","platformCaps":{"os":"Windows","osVersion":11,"browserVersion":131.0,"browserName":"Firefox"},"browser":"Firefox","device":null,"os":"Windows","platformString":"Windows, 11, Firefox, 131.0","customVariables":"****"}],"parallelsPerPlatform":null,"framework":"testng","accessibility":false,"accessibilityOptions":{},"turboScaleOptions":{},"disableAutoCaptureLogs":true,"testObservability":true,"browserstackAutomation":true,"turboScale":false,"testObservabilityOptions":{},"gradleMConfig":null,"proxySettings":null},"percyBuildId":null,"product":"[automate, observability]","buildName":"browserstack-build-1","os":"Windows 11","languageVersion":"23.0.1","appiumVersion":"","frameworkDetectionInstrumentation":{"parseLoadClass":5,"ret-org.openqa.selenium.remote.RemoteWebDriver":342,"retransformClasses":342,"parseDependencies":36},"userFramework":"testng","detectedDependencies":"selenide, testng","referrer":"testng-javaagent\/1.29.3","locationTrigger":"onFinish","accessibilityConfiguration":{"pollingTimeout":30},"language_framework":"java_testng","detectedFramework":"selenide-testng","testOrchestration":{"abortBuildOnFailure":{"enabled":false},"retryTestsOnFailure":{"enabled":false},"userConfig":{}},"detectedSeleniumVersion":"4.18.1","seleniumVersion":"4.18.1"}}
02:44:52.709 [tearDown@1] DEBUG c.b.utils.FunnelInstrumentation - Sending funnel data for SDKTestSuccessful with data: {"event_type":"SDKTestSuccessful","accessKey":"PQ6wNsygb77eCxSVxbcZ","userName":"floraayvazyan_72kWsC","event_properties":{"isPercyAutoEnabled":false,"language":"java","sdkRunId":"9ad83bba-ce3c-41e4-bd80-2d1fbb9d8ffe","buildIdentifier":"#17","testhub_uuid":"dl6h97cklgzvbijdltkir0wizvbdu2fnifedl4cu","detectedAppiumVersion":"null","productMap":{"app_automate":false,"accessibility":false,"automate":true,"percy":false,"observability":true,"turboscale":false},"hostname":"DESKTOP-7TGF0Q2","measures":{"sdk:driver:quit":0.23,"sdk:testhub":525.5207000002265,"sdk:automate:hub-management":4071.0082000009716,"sdk:driver:pre-initialization":0.95,"sdk:setup":13723.526099998504,"sdk:pre-test":0.30330000072717667,"sdk:o11y:sync":0.01,"sdk:hook":0.02},"productUsage":{"testObservability":{"buildHashedId":"dl6h97cklgzvbijdltkir0wizvbdu2fnifedl4cu","manuallySet":false,"enabled":true,"events":{"hookEvents":{"started":{"errors":[],"triggeredCount":18,"sentCount":15,"failedCount":0},"finished":{"triggeredCount":18,"failedCount":0,"errors":[],"sentCount":12},"failed":{"errors":[],"triggeredCount":18,"sentCount":12,"failedCount":0}},"logEvents":{"errors":[],"triggeredCount":52,"sentCount":52,"failedCount":0,"log":{"errors":[],"triggeredCount":52,"sentCount":52,"failedCount":0}},"testEvents":{"started":{"errors":[],"triggeredCount":9,"sentCount":6,"failedCount":0},"finished":{"triggeredCount":9,"failedCount":0,"errors":[],"sentCount":6},"skipped":{"errors":[],"triggeredCount":9,"sentCount":6,"failedCount":0}},"batchEvents":{"triggeredCount":2,"failedCount":0,"errors":[],"sentCount":2},"cbtSessionEvents":{"errors":[],"triggeredCount":0,"sentCount":0,"failedCount":0},"buildEvents":{"started":{"error":null,"status":"success","triggered":true},"finished":{"error":null,"status":null,"triggered":null}}}}},"browserStackConfig":{"browserstackLocal":true,"percy":false,"logLevel":"info","staticWebDriver":true,"autoDetectFramework":true,"percyCaptureMode":"MANUAL","browserStackLocalOptions":{"localIdentifier":"11_Jan_244_DESKTOP_7TGF0Q2_FPQr","key":"****"},"percyOptions":null,"testContextOptions":{"skipSessionName":false,"skipSessionStatus":false,"serenityOverridePlugin":false},"platforms":[{"capabilities":{},"browserVersion":"latest","osVersion":"11","platformCaps":{"os":"Windows","osVersion":11,"browserVersion":"latest","browserName":"Chrome"},"browser":"Chrome","device":null,"os":"Windows","platformString":"Windows, 11, Chrome, latest","customVariables":"****"},{"capabilities":{},"browserVersion":"latest","osVersion":"11","platformCaps":{"os":"Windows","osVersion":11,"browserVersion":"latest","browserName":"Edge"},"browser":"Edge","device":null,"os":"Windows","platformString":"Windows, 11, Edge, latest","customVariables":"****"},{"capabilities":{},"browserVersion":"131.0","osVersion":"11","platformCaps":{"os":"Windows","osVersion":11,"browserVersion":131.0,"browserName":"Firefox"},"browser":"Firefox","device":null,"os":"Windows","platformString":"Windows, 11, Firefox, 131.0","customVariables":"****"}],"parallelsPerPlatform":null,"framework":"testng","accessibility":false,"accessibilityOptions":{},"turboScaleOptions":{},"disableAutoCaptureLogs":true,"testObservability":true,"browserstackAutomation":true,"turboScale":false,"testObservabilityOptions":{},"gradleMConfig":null,"proxySettings":null},"percyBuildId":null,"product":"[automate, observability]","buildName":"browserstack-build-1","os":"Windows 11","languageVersion":"23.0.1","appiumVersion":"","frameworkDetectionInstrumentation":{"parseLoadClass":5,"ret-org.openqa.selenium.remote.RemoteWebDriver":342,"retransformClasses":342,"parseDependencies":36},"userFramework":"testng","detectedDependencies":"selenide, testng","referrer":"testng-javaagent\/1.29.3","locationTrigger":"onFinish","accessibilityConfiguration":{"pollingTimeout":30},"language_framework":"java_testng","detectedFramework":"selenide-testng","testOrchestration":{"abortBuildOnFailure":{"enabled":false},"retryTestsOnFailure":{"enabled":false},"userConfig":{}},"detectedSeleniumVersion":"4.18.1","seleniumVersion":"4.18.1"}}
02:44:52.709 [tearDown@2] DEBUG c.b.utils.FunnelInstrumentation - Sending funnel data for SDKTestSuccessful with data: {"event_type":"SDKTestSuccessful","accessKey":"PQ6wNsygb77eCxSVxbcZ","userName":"floraayvazyan_72kWsC","event_properties":{"isPercyAutoEnabled":false,"language":"java","sdkRunId":"9ad83bba-ce3c-41e4-bd80-2d1fbb9d8ffe","buildIdentifier":"#17","testhub_uuid":"dl6h97cklgzvbijdltkir0wizvbdu2fnifedl4cu","detectedAppiumVersion":"null","productMap":{"app_automate":false,"accessibility":false,"automate":true,"percy":false,"observability":true,"turboscale":false},"hostname":"DESKTOP-7TGF0Q2","measures":{"sdk:driver:quit":0.23,"sdk:testhub":525.5207000002265,"sdk:automate:hub-management":4071.0082000009716,"sdk:driver:pre-initialization":0.95,"sdk:setup":13723.526099998504,"sdk:pre-test":0.30330000072717667,"sdk:o11y:sync":0.01,"sdk:hook":0.02},"productUsage":{"testObservability":{"buildHashedId":"dl6h97cklgzvbijdltkir0wizvbdu2fnifedl4cu","manuallySet":false,"enabled":true,"events":{"hookEvents":{"started":{"errors":[],"triggeredCount":18,"sentCount":15,"failedCount":0},"finished":{"triggeredCount":18,"failedCount":0,"errors":[],"sentCount":12},"failed":{"errors":[],"triggeredCount":18,"sentCount":12,"failedCount":0}},"logEvents":{"errors":[],"triggeredCount":52,"sentCount":52,"failedCount":0,"log":{"errors":[],"triggeredCount":52,"sentCount":52,"failedCount":0}},"testEvents":{"started":{"errors":[],"triggeredCount":9,"sentCount":6,"failedCount":0},"finished":{"triggeredCount":9,"failedCount":0,"errors":[],"sentCount":6},"skipped":{"errors":[],"triggeredCount":9,"sentCount":6,"failedCount":0}},"batchEvents":{"triggeredCount":2,"failedCount":0,"errors":[],"sentCount":2},"cbtSessionEvents":{"errors":[],"triggeredCount":0,"sentCount":0,"failedCount":0},"buildEvents":{"started":{"error":null,"status":"success","triggered":true},"finished":{"error":null,"status":null,"triggered":null}}}}},"browserStackConfig":{"browserstackLocal":true,"percy":false,"logLevel":"info","staticWebDriver":true,"autoDetectFramework":true,"percyCaptureMode":"MANUAL","browserStackLocalOptions":{"localIdentifier":"11_Jan_244_DESKTOP_7TGF0Q2_FPQr","key":"****"},"percyOptions":null,"testContextOptions":{"skipSessionName":false,"skipSessionStatus":false,"serenityOverridePlugin":false},"platforms":[{"capabilities":{},"browserVersion":"latest","osVersion":"11","platformCaps":{"os":"Windows","osVersion":11,"browserVersion":"latest","browserName":"Chrome"},"browser":"Chrome","device":null,"os":"Windows","platformString":"Windows, 11, Chrome, latest","customVariables":"****"},{"capabilities":{},"browserVersion":"latest","osVersion":"11","platformCaps":{"os":"Windows","osVersion":11,"browserVersion":"latest","browserName":"Edge"},"browser":"Edge","device":null,"os":"Windows","platformString":"Windows, 11, Edge, latest","customVariables":"****"},{"capabilities":{},"browserVersion":"131.0","osVersion":"11","platformCaps":{"os":"Windows","osVersion":11,"browserVersion":131.0,"browserName":"Firefox"},"browser":"Firefox","device":null,"os":"Windows","platformString":"Windows, 11, Firefox, 131.0","customVariables":"****"}],"parallelsPerPlatform":null,"framework":"testng","accessibility":false,"accessibilityOptions":{},"turboScaleOptions":{},"disableAutoCaptureLogs":true,"testObservability":true,"browserstackAutomation":true,"turboScale":false,"testObservabilityOptions":{},"gradleMConfig":null,"proxySettings":null},"percyBuildId":null,"product":"[automate, observability]","buildName":"browserstack-build-1","os":"Windows 11","languageVersion":"23.0.1","appiumVersion":"","frameworkDetectionInstrumentation":{"parseLoadClass":5,"ret-org.openqa.selenium.remote.RemoteWebDriver":342,"retransformClasses":342,"parseDependencies":36},"userFramework":"testng","detectedDependencies":"selenide, testng","referrer":"testng-javaagent\/1.29.3","locationTrigger":"onFinish","accessibilityConfiguration":{"pollingTimeout":30},"language_framework":"java_testng","detectedFramework":"selenide-testng","testOrchestration":{"abortBuildOnFailure":{"enabled":false},"retryTestsOnFailure":{"enabled":false},"userConfig":{}},"detectedSeleniumVersion":"4.18.1","seleniumVersion":"4.18.1"}}
02:44:52.935 [tearDown@2] DEBUG c.b.utils.FunnelInstrumentation - API Event SDKTestSuccessful, response: {"message":"SDK Event recorded successfully"}
02:44:53.002 [tearDown@0] DEBUG c.b.utils.FunnelInstrumentation - API Event SDKTestSuccessful, response: {"message":"SDK Event recorded successfully"}
02:44:53.380 [tearDown@1] DEBUG c.b.utils.FunnelInstrumentation - API Event SDKTestSuccessful, response: {"message":"SDK Event recorded successfully"}
02:44:53.406 [main] DEBUG c.b.monitoring.PerformanceTester - Failed to append key metrics to file C:\Users\Mylaptop\Desktop\Project2plzzzz\logs\key-metrics.json
02:44:53.409 [main] DEBUG com.browserstack.testOps.Listener - [ TESTHUB ] Processing Request Kind LogCreated
02:44:53.411 [Thread-0] DEBUG c.browserstack.BrowserStackJavaAgent - Starting final execution
02:44:53.412 [Thread-0] DEBUG c.b.u.ObservabilityUtilityMethods - Processing batch requests with type: Global
02:44:53.412 [Thread-0] DEBUG c.browserstack.utils.LogReportingAPI - [2025-01-10T22:44:53.412890400Z][ OBSERVABILITY ] Processing stop observability
02:44:53.413 [pool-6-thread-1] DEBUG c.browserstack.utils.RequestBatcher - Processing Batch 16

02:44:53.414 [pool-6-thread-1] DEBUG c.browserstack.testOps.RequestUtils - [requestToTestOps] Sending Observability request: POST api/v1/batch with request size 61559
02:44:53.417 [pool-6-thread-1] DEBUG c.browserstack.testOps.RequestUtils - [makeRequest] Sending request: POST https://collector-observability.browserstack.com/api/v1/batch with request size 61559
02:44:53.588 [pool-6-thread-1] DEBUG c.browserstack.testOps.RequestUtils - [makeRequest]: Response code: 200
02:44:53.588 [pool-6-thread-1] DEBUG c.browserstack.testOps.RequestUtils - requestToTestOps: Response code: 200
02:44:53.588 [pool-6-thread-1] DEBUG c.browserstack.utils.LogReportingAPI - 
[2025-01-10T22:44:53.588218200Z][ TESTHUB ] Batch event successfull!

02:44:53.589 [Thread-0] DEBUG c.browserstack.testOps.RequestUtils - [ TESTHUB ] Processing Request Kind stopBuildUpstream
02:44:53.589 [Thread-0] DEBUG c.browserstack.testOps.RequestUtils - [requestToTestOps] Sending Observability request: PUT api/v1/builds/dl6h97cklgzvbijdltkir0wizvbdu2fnifedl4cu/stop with request size 65
02:44:53.589 [Thread-0] DEBUG c.browserstack.testOps.RequestUtils - [makeRequest] Sending request: PUT https://collector-observability.browserstack.com/api/v1/builds/dl6h97cklgzvbijdltkir0wizvbdu2fnifedl4cu/stop with request size 65
02:44:53.793 [Thread-0] DEBUG c.browserstack.testOps.RequestUtils - [makeRequest]: Response code: 200
02:44:53.794 [Thread-0] DEBUG c.browserstack.testOps.RequestUtils - requestToTestOps: Response code: 200
02:44:53.794 [Thread-0] DEBUG com.browserstack.testOps.Listener - Testhub stop response: 
02:44:53.795 [Thread-0] DEBUG c.b.monitoring.PerformanceTester - Failed to append key metrics to file C:\Users\Mylaptop\Desktop\Project2plzzzz\logs\key-metrics.json
02:44:55.913 [Thread-0] DEBUG c.b.monitoring.PerformanceTester - Failed to append key metrics to file C:\Users\Mylaptop\Desktop\Project2plzzzz\logs\key-metrics.json
02:44:55.913 [Thread-0] DEBUG c.b.utils.FrameworkDetectionUtils - Couldn't find dependency class: appium
02:44:55.914 [Thread-0] DEBUG com.browserstack.testOps.UsageStats - getFormattedData: Collecting data for TestObservability
02:44:55.914 [Thread-0] DEBUG com.browserstack.testOps.UsageStats - getEventStats: Getting event data for TestObservability
02:44:55.914 [Thread-0] DEBUG com.browserstack.testOps.UsageStats - [OBSERVABILITY] Failed to parse data from workers
02:44:55.926 [Thread-0] DEBUG c.b.utils.FunnelInstrumentation - Sending funnel data for SDKTestSuccessful with data: {"event_type":"SDKTestSuccessful","accessKey":"PQ6wNsygb77eCxSVxbcZ","userName":"floraayvazyan_72kWsC","event_properties":{"isPercyAutoEnabled":false,"language":"java","sdkRunId":"9ad83bba-ce3c-41e4-bd80-2d1fbb9d8ffe","buildIdentifier":"#17","testhub_uuid":"dl6h97cklgzvbijdltkir0wizvbdu2fnifedl4cu","detectedAppiumVersion":"null","productMap":{"app_automate":false,"accessibility":false,"automate":true,"percy":false,"observability":true,"turboscale":false},"hostname":"DESKTOP-7TGF0Q2","measures":{"sdk:driver:quit":0.23,"sdk:testhub":525.5207000002265,"sdk:automate:local":18243.528799999505,"sdk:post-test":0.05560000240802765,"sdk:automate:hub-management":4071.0082000009716,"sdk:driver:pre-initialization":0.95,"sdk:setup":13723.526099998504,"sdk:pre-test":0.30330000072717667,"sdk:o11y:sync":0.01,"sdk:o11y:print-buildlink":381.4945000000298,"sdk:hook":0.02},"productUsage":{"testObservability":{"buildHashedId":"dl6h97cklgzvbijdltkir0wizvbdu2fnifedl4cu","manuallySet":false,"enabled":true,"events":{"hookEvents":{"started":{"errors":[],"triggeredCount":18,"sentCount":18,"failedCount":0},"finished":{"triggeredCount":18,"failedCount":0,"errors":[],"sentCount":18},"failed":{"errors":[],"triggeredCount":18,"sentCount":18,"failedCount":0}},"logEvents":{"errors":[],"triggeredCount":53,"sentCount":53,"failedCount":0,"log":{"errors":[],"triggeredCount":53,"sentCount":53,"failedCount":0}},"testEvents":{"started":{"errors":[],"triggeredCount":9,"sentCount":9,"failedCount":0},"finished":{"triggeredCount":9,"failedCount":0,"errors":[],"sentCount":9},"skipped":{"errors":[],"triggeredCount":9,"sentCount":9,"failedCount":0}},"batchEvents":{"triggeredCount":3,"failedCount":0,"errors":[],"sentCount":3},"cbtSessionEvents":{"errors":[],"triggeredCount":0,"sentCount":0,"failedCount":0},"buildEvents":{"started":{"error":null,"status":"success","triggered":true},"finished":{"error":null,"status":"success","triggered":true}}}}},"browserStackConfig":{"browserstackLocal":true,"percy":false,"logLevel":"info","staticWebDriver":true,"autoDetectFramework":true,"percyCaptureMode":"MANUAL","browserStackLocalOptions":{"localIdentifier":"11_Jan_244_DESKTOP_7TGF0Q2_FPQr","key":"****"},"percyOptions":null,"testContextOptions":{"skipSessionName":false,"skipSessionStatus":false,"serenityOverridePlugin":false},"platforms":[{"capabilities":{},"browserVersion":"latest","osVersion":"11","platformCaps":{"os":"Windows","osVersion":11,"browserVersion":"latest","browserName":"Chrome"},"browser":"Chrome","device":null,"os":"Windows","platformString":"Windows, 11, Chrome, latest","customVariables":"****"},{"capabilities":{},"browserVersion":"latest","osVersion":"11","platformCaps":{"os":"Windows","osVersion":11,"browserVersion":"latest","browserName":"Edge"},"browser":"Edge","device":null,"os":"Windows","platformString":"Windows, 11, Edge, latest","customVariables":"****"},{"capabilities":{},"browserVersion":"131.0","osVersion":"11","platformCaps":{"os":"Windows","osVersion":11,"browserVersion":131.0,"browserName":"Firefox"},"browser":"Firefox","device":null,"os":"Windows","platformString":"Windows, 11, Firefox, 131.0","customVariables":"****"}],"parallelsPerPlatform":null,"framework":"testng","accessibility":false,"accessibilityOptions":{},"turboScaleOptions":{},"disableAutoCaptureLogs":true,"testObservability":true,"browserstackAutomation":true,"turboScale":false,"testObservabilityOptions":{},"gradleMConfig":null,"proxySettings":null},"percyBuildId":null,"product":"[automate, observability]","buildName":"browserstack-build-1","os":"Windows 11","languageVersion":"23.0.1","appiumVersion":"","frameworkDetectionInstrumentation":{"parseLoadClass":5,"ret-org.openqa.selenium.remote.RemoteWebDriver":342,"retransformClasses":342,"parseDependencies":36},"userFramework":"testng","detectedDependencies":"selenide, testng","referrer":"testng-javaagent\/1.29.3","locationTrigger":"BSTACK_BUILD_END","accessibilityConfiguration":{"pollingTimeout":30},"language_framework":"java_testng","detectedFramework":"selenide-testng","testOrchestration":{"abortBuildOnFailure":{"enabled":false},"retryTestsOnFailure":{"enabled":false},"userConfig":{}},"detectedSeleniumVersion":"4.18.1","seleniumVersion":"4.18.1"}}
02:44:56.241 [Thread-0] DEBUG c.b.utils.FunnelInstrumentation - API Event SDKTestSuccessful, response: {"message":"SDK Event recorded successfully"}
02:44:57.586 [Thread-0] DEBUG c.b.monitoring.PerformanceTester - Failed to append key metrics to file C:\Users\Mylaptop\Desktop\Project2plzzzz\logs\key-metrics.json
02:44:57.587 [Thread-0] DEBUG c.browserstack.utils.UtilityMethods - Browserstack Gradle Config File does not exist.
02:44:58.322 [Thread-0] DEBUG c.b.monitoring.PerformanceTester - Failed to append key metrics to file C:\Users\Mylaptop\Desktop\Project2plzzzz\logs\key-metrics.json
02:44:58.322 [Thread-0] DEBUG c.b.monitoring.PerformanceTester - Failed to append key metrics to file C:\Users\Mylaptop\Desktop\Project2plzzzz\logs\key-metrics.json
02:44:58.330 [Thread-0] DEBUG c.browserstack.testOps.RequestUtils - [makeRequest] Sending request: POST https://eds.browserstack.com/send_sdk_events with request size 642
02:44:59.645 [Thread-0] DEBUG c.browserstack.testOps.RequestUtils - [makeRequest]: Response code: 200
02:44:59.646 [Thread-0] DEBUG c.b.monitoring.PerformanceTester - Data sent successfully to https://eds.browserstack.com with status 200 {"event_type":"sdk_events","data":{"created_day":"2025-01-10T22:44:58.000328 +0000","event_name":"SDKFeaturePerformance","event_json":"{measures=[{\"duration\":4071.0082000009716,\"eventName\":\"sdk:automate:hub-management\",\"startTime\":2.51796892014E7,\"success\":true,\"worker\":1,\"failure\":null,\"details\":null,\"entryType\":\"measure\",\"platform\":0,\"command\":null,\"testName\":null,\"hookType\":\"\"}]}","user_data":"floraayvazyan_72kWsC","testhub_uuid":"dl6h97cklgzvbijdltkir0wizvbdu2fnifedl4cu","host_info":"{\"hostname\":\"DESKTOP-7TGF0Q2\",\"arch\":\"amd64\",\"type\":null,\"version\":\"10.0\",\"platform\":\"Windows 11\"}"}} {Content-Type=application/json}
02:45:13.329 [main] DEBUG c.b.config.BrowserStackConfig - Cli Config passed - {}
02:45:13.860 [main] DEBUG c.b.logger.BrowserstackLoggerFactory - Log Level set to TRACE for logger com.browserstack
02:45:13.860 [main] DEBUG c.b.logger.BrowserstackLoggerFactory - Log Level set to INFO for logger stdoutPrinter
02:45:14.380 [main] DEBUG c.b.utils.FrameworkDetectionUtils - Java command - com.intellij.rt.testng.RemoteTestNGStarter -usedefaultlisteners false -socket60672 @w@C:\Users\Mylaptop\AppData\Local\Temp\idea_working_dirs_testng.tmp -temp C:\Users\Mylaptop\AppData\Local\Temp\idea_testng.tmp
02:45:14.380 [main] DEBUG c.b.utils.FrameworkDetectionUtils - Test classes detected: 
02:45:14.392 [main] DEBUG c.b.utils.FrameworkDetectionUtils - Runner: testng, Engine: none
02:45:14.431 [main] DEBUG c.b.utils.FrameworkDetectionUtils - Runner: testng, Engine: selenide from dependencies
02:45:14.431 [main] DEBUG c.b.utils.FrameworkDetectionUtils - Detected final framework as: selenide-testng
02:45:14.431 [main] DEBUG c.browserstack.BrowserStackJavaAgent - JavaAgent Version 1.29.3
02:45:14.440 [main] DEBUG c.b.utils.ExitSignalHandler - Registered handler for INT
02:45:14.440 [main] DEBUG c.b.utils.ExitSignalHandler - Registered handler for TERM
02:45:14.440 [main] DEBUG c.b.utils.ExitSignalHandler - Unable to attach signal handler for HUP Unknown signal: HUP
02:45:14.440 [main] DEBUG c.b.utils.ExitSignalHandler - Registered handler for ABRT
02:45:15.390 [Thread-1] DEBUG c.browserstack.utils.UtilityMethods - NEXT HUBS ARE: ["hub-euw.browserstack.com","hub-use.browserstack.com","hub-aps.browserstack.com"]
02:45:15.936 [main] DEBUG c.browserstack.utils.UtilityMethods - EXECUTION TIME OF hub-euw.browserstack.com HUB IS: 543ms
02:45:17.015 [main] DEBUG c.browserstack.utils.UtilityMethods - EXECUTION TIME OF hub-use.browserstack.com HUB IS: 1072ms
02:45:18.149 [main] DEBUG c.browserstack.utils.UtilityMethods - EXECUTION TIME OF hub-aps.browserstack.com HUB IS: 1130ms
02:45:18.151 [main] DEBUG c.browserstack.utils.UtilityMethods - NEAREST HUB ALLOCATED IS - hub-euw.browserstack.com
02:45:18.330 [main] DEBUG c.b.utils.FrameworkDetectionUtils - Couldn't find dependency class: appium
02:45:18.331 [main] DEBUG c.b.utils.FunnelInstrumentation - Sending funnel data for SDKTestAttempted with data: {"event_type":"SDKTestAttempted","accessKey":"PQ6wNsygb77eCxSVxbcZ","userName":"floraayvazyan_72kWsC","event_properties":{"product":"[automate]","buildName":"browserstack-build-1","os":"Windows 11","languageVersion":"23.0.1","appiumVersion":"","frameworkDetectionInstrumentation":{"parseLoadClass":7,"parseDependencies":39},"language":"java","sdkRunId":"5107bd85-c105-4101-bf5b-a40b09897ea0","buildIdentifier":"#18","userFramework":"selenide-testng","testhub_uuid":"","detectedAppiumVersion":"null","detectedDependencies":"selenide, testng","productMap":{"app_automate":false,"accessibility":false,"automate":true,"percy":false,"observability":false,"turboscale":false},"referrer":"selenide-testng-javaagent\/1.29.3","hostname":"DESKTOP-7TGF0Q2","language_framework":"java_selenide-testng","detectedFramework":"selenide-testng","detectedSeleniumVersion":"4.18.1","seleniumVersion":"4.18.1"}}
02:45:18.773 [main] DEBUG c.b.utils.FunnelInstrumentation - API Event SDKTestAttempted, response: {"message":"SDK Event recorded successfully"}
02:45:19.296 [main] DEBUG c.b.monitoring.PerformanceTester - Failed to append key metrics to file C:\Users\Mylaptop\Desktop\Project2plzzzz\logs\key-metrics.json
02:45:19.296 [main] DEBUG c.browserstack.testOps.RequestUtils - [ TESTHUB ] Processing Request Kind launchTestSession
02:45:19.297 [main] DEBUG c.browserstack.testOps.RequestUtils - [requestToTestOps] Sending Observability request: POST api/v2/builds with request size 1246
02:45:19.297 [main] DEBUG c.browserstack.testOps.RequestUtils - [makeRequest] Sending request: POST https://collector-observability.browserstack.com/api/v2/builds with request size 1246
02:45:20.177 [main] DEBUG c.browserstack.testOps.RequestUtils - [makeRequest]: Response code: 200
02:45:20.177 [main] DEBUG c.browserstack.testOps.RequestUtils - requestToTestOps: Response code: 200
02:45:20.179 [main] DEBUG com.browserstack.testOps.Listener - BROWSERSTACK_TESTHUB_UUID : bj6z34yizzdyvvyecs4iuocmvklounaupttiyjek
02:45:20.185 [main] DEBUG com.browserstack.testOps.Listener - [ TESTHUB ] Build creation successfull
02:45:20.191 [main] DEBUG com.browserstack.LocalFactory - Starting BrowserStack Local with identifier 11_Jan_245_DESKTOP_7TGF0Q2_9AxO
02:45:26.312 [main] DEBUG c.b.monitoring.PerformanceTester - Failed to append key metrics to file C:\Users\Mylaptop\Desktop\Project2plzzzz\logs\key-metrics.json
02:45:28.786 [main] DEBUG c.b.t.XMLSuiteClassListener - Number of parallels - 2 and number of platforms - 2
02:45:29.859 [main] DEBUG c.browserstack.utils.LogReportingAPI - [2025-01-10T22:45:29.858218200Z][ OBSERVABILITY ] Processing Logs patching stream
02:45:29.862 [main] DEBUG c.b.monitoring.PerformanceTester - Failed to append key metrics to file C:\Users\Mylaptop\Desktop\Project2plzzzz\logs\key-metrics.json
02:45:30.313 [setUp@1] DEBUG c.browserstack.utils.UtilityMethods - [Patch]: SDK enabled, patching remote server
02:45:30.313 [setUp@0] DEBUG c.browserstack.utils.UtilityMethods - [Patch]: SDK enabled, patching remote server
02:45:30.315 [setUp@1] DEBUG c.b.selenium.SeleniumHandler - beforeDriverInit: SDK enabled. Thread ID: 57
02:45:30.316 [setUp@0] DEBUG c.b.selenium.SeleniumHandler - beforeDriverInit: SDK enabled. Thread ID: 56
02:45:30.316 [setUp@1] DEBUG c.b.monitoring.PerformanceTester - Failed to append key metrics to file C:\Users\Mylaptop\Desktop\Project2plzzzz\logs\key-metrics.json
02:45:30.317 [setUp@0] DEBUG c.b.monitoring.PerformanceTester - Failed to append key metrics to file C:\Users\Mylaptop\Desktop\Project2plzzzz\logs\key-metrics.json
02:45:30.320 [setUp@1] DEBUG c.browserstack.utils.UtilityMethods - [Patch]: SDK enabled, patching remote server
02:45:30.320 [setUp@0] DEBUG c.browserstack.utils.UtilityMethods - [Patch]: SDK enabled, patching remote server
02:45:38.055 [setUp@0] DEBUG c.b.utils.SeleniumMethodUtils - OPTIMAL HUB IS: hub-euw.browserstack.com
02:45:38.055 [setUp@0] DEBUG c.b.selenium.SeleniumHandler - afterDriverInit: requested
02:45:38.072 [setUp@0] DEBUG c.b.utils.SeleniumMethodUtils - getURLFromCommandExecutor: Getting Hub url from HttpCommandExecutor
02:45:38.073 [setUp@0] DEBUG c.b.utils.SeleniumMethodUtils - getURLFromCommandExecutor: Found url: https://hub-euw.browserstack.com/wd/hub
02:45:38.073 [setUp@0] DEBUG c.b.utils.SeleniumMethodUtils - getURLFromCommandExecutor: Getting Hub url from HttpCommandExecutor
02:45:38.073 [setUp@0] DEBUG c.b.utils.SeleniumMethodUtils - getURLFromCommandExecutor: Found url: https://hub-euw.browserstack.com/wd/hub
02:45:38.073 [setUp@0] DEBUG c.b.monitoring.PerformanceTester - Failed to append key metrics to file C:\Users\Mylaptop\Desktop\Project2plzzzz\logs\key-metrics.json
02:45:38.084 [Forwarding setTimeout on session 5e6a54910503a9347a8836a7b77cac93bbe9a46f to remote] DEBUG c.browserstack.utils.UtilityMethods - [Error]java.lang.IllegalAccessError: Update to non-static final field org.openqa.selenium.remote.HttpCommandExecutor.client attempted from a different method (execute) than the initializer method <init> 
	at org.openqa.selenium.remote.HttpCommandExecutor.execute(HttpCommandExecutor.java)
	at org.openqa.selenium.remote.RemoteWebDriver.execute(RemoteWebDriver.java:519)
	at org.openqa.selenium.remote.RemoteWebDriver$RemoteWebDriverOptions$RemoteTimeouts.implicitlyWait(RemoteWebDriver.java:934)
	at BaseTest.BrowserStackTest.setUp(BrowserStackTest.java:62)
	at java.base/jdk.internal.reflect.DirectMethodHandleAccessor.invoke(DirectMethodHandleAccessor.java:103)
	at java.base/java.lang.reflect.Method.invoke(Method.java:580)
	at org.testng.internal.invokers.MethodInvocationHelper.invokeMethod(MethodInvocationHelper.java:135)
	at org.testng.internal.invokers.MethodInvocationHelper.invokeMethodConsideringTimeout(MethodInvocationHelper.java:65)
	at org.testng.internal.invokers.ConfigInvoker.invokeConfigurationMethod(ConfigInvoker.java:381)
	at org.testng.internal.invokers.ConfigInvoker.invokeConfigurations(ConfigInvoker.java:319)
	at org.testng.internal.invokers.TestInvoker.runConfigMethods(TestInvoker.java:803)
	at org.testng.internal.invokers.TestInvoker.invokeMethod(TestInvoker.java:589)
	at org.testng.internal.invokers.TestInvoker.invokeTestMethod(TestInvoker.java:220)
	at org.testng.internal.invokers.MethodRunner.runInSequence(MethodRunner.java:50)
	at org.testng.internal.invokers.TestInvoker$MethodInvocationAgent.invoke(TestInvoker.java:945)
	at org.testng.internal.invokers.TestInvoker.invokeTestMethods(TestInvoker.java:193)
	at org.testng.internal.invokers.TestMethodWorker.invokeTestMethods(TestMethodWorker.java:146)
	at org.testng.internal.invokers.TestMethodWorker.run(TestMethodWorker.java:128)
	at java.base/java.util.ArrayList.forEach(ArrayList.java:1597)
	at org.testng.TestRunner.privateRun(TestRunner.java:808)
	at org.testng.TestRunner.run(TestRunner.java:603)
	at org.testng.SuiteRunner.runTest(SuiteRunner.java:429)
	at org.testng.SuiteRunner.access$000(SuiteRunner.java:32)
	at org.testng.SuiteRunner$SuiteWorker.run(SuiteRunner.java:467)
	at org.testng.internal.thread.ThreadUtil.lambda$execute$0(ThreadUtil.java:58)
	at java.base/java.util.concurrent.FutureTask.run(FutureTask.java:317)
	at java.base/java.util.concurrent.ThreadPoolExecutor.runWorker(ThreadPoolExecutor.java:1144)
	at java.base/java.util.concurrent.ThreadPoolExecutor$Worker.run(ThreadPoolExecutor.java:642)
	at java.base/java.lang.Thread.run(Thread.java:1575)

02:45:46.375 [setUp@1] DEBUG c.b.utils.SeleniumMethodUtils - OPTIMAL HUB IS: hub-euw.browserstack.com
02:45:46.375 [setUp@1] DEBUG c.b.selenium.SeleniumHandler - afterDriverInit: requested
02:45:46.380 [setUp@1] DEBUG c.b.utils.SeleniumMethodUtils - getURLFromCommandExecutor: Getting Hub url from HttpCommandExecutor
02:45:46.380 [setUp@1] DEBUG c.b.utils.SeleniumMethodUtils - getURLFromCommandExecutor: Found url: https://hub-euw.browserstack.com/wd/hub
02:45:46.380 [setUp@1] DEBUG c.b.utils.SeleniumMethodUtils - getURLFromCommandExecutor: Getting Hub url from HttpCommandExecutor
02:45:46.380 [setUp@1] DEBUG c.b.utils.SeleniumMethodUtils - getURLFromCommandExecutor: Found url: https://hub-euw.browserstack.com/wd/hub
02:45:46.381 [setUp@1] DEBUG c.b.monitoring.PerformanceTester - Failed to append key metrics to file C:\Users\Mylaptop\Desktop\Project2plzzzz\logs\key-metrics.json
02:45:46.385 [Forwarding setTimeout on session c45fe9beb3471f956050f426d6d6e40abf192816 to remote] DEBUG c.browserstack.utils.UtilityMethods - [Error]java.lang.IllegalAccessError: Update to non-static final field org.openqa.selenium.remote.HttpCommandExecutor.client attempted from a different method (execute) than the initializer method <init> 
	at org.openqa.selenium.remote.HttpCommandExecutor.execute(HttpCommandExecutor.java)
	at org.openqa.selenium.remote.RemoteWebDriver.execute(RemoteWebDriver.java:519)
	at org.openqa.selenium.remote.RemoteWebDriver$RemoteWebDriverOptions$RemoteTimeouts.implicitlyWait(RemoteWebDriver.java:934)
	at BaseTest.BrowserStackTest.setUp(BrowserStackTest.java:62)
	at java.base/jdk.internal.reflect.DirectMethodHandleAccessor.invoke(DirectMethodHandleAccessor.java:103)
	at java.base/java.lang.reflect.Method.invoke(Method.java:580)
	at org.testng.internal.invokers.MethodInvocationHelper.invokeMethod(MethodInvocationHelper.java:135)
	at org.testng.internal.invokers.MethodInvocationHelper.invokeMethodConsideringTimeout(MethodInvocationHelper.java:65)
	at org.testng.internal.invokers.ConfigInvoker.invokeConfigurationMethod(ConfigInvoker.java:381)
	at org.testng.internal.invokers.ConfigInvoker.invokeConfigurations(ConfigInvoker.java:319)
	at org.testng.internal.invokers.TestInvoker.runConfigMethods(TestInvoker.java:803)
	at org.testng.internal.invokers.TestInvoker.invokeMethod(TestInvoker.java:589)
	at org.testng.internal.invokers.TestInvoker.invokeTestMethod(TestInvoker.java:220)
	at org.testng.internal.invokers.MethodRunner.runInSequence(MethodRunner.java:50)
	at org.testng.internal.invokers.TestInvoker$MethodInvocationAgent.invoke(TestInvoker.java:945)
	at org.testng.internal.invokers.TestInvoker.invokeTestMethods(TestInvoker.java:193)
	at org.testng.internal.invokers.TestMethodWorker.invokeTestMethods(TestMethodWorker.java:146)
	at org.testng.internal.invokers.TestMethodWorker.run(TestMethodWorker.java:128)
	at java.base/java.util.ArrayList.forEach(ArrayList.java:1597)
	at org.testng.TestRunner.privateRun(TestRunner.java:808)
	at org.testng.TestRunner.run(TestRunner.java:603)
	at org.testng.SuiteRunner.runTest(SuiteRunner.java:429)
	at org.testng.SuiteRunner.access$000(SuiteRunner.java:32)
	at org.testng.SuiteRunner$SuiteWorker.run(SuiteRunner.java:467)
	at org.testng.internal.thread.ThreadUtil.lambda$execute$0(ThreadUtil.java:58)
	at java.base/java.util.concurrent.FutureTask.run(FutureTask.java:317)
	at java.base/java.util.concurrent.ThreadPoolExecutor.runWorker(ThreadPoolExecutor.java:1144)
	at java.base/java.util.concurrent.ThreadPoolExecutor$Worker.run(ThreadPoolExecutor.java:642)
	at java.base/java.lang.Thread.run(Thread.java:1575)

02:45:53.459 [successfulLoginTest@0] DEBUG c.b.monitoring.PerformanceTester - Failed to append key metrics to file C:\Users\Mylaptop\Desktop\Project2plzzzz\logs\key-metrics.json
02:45:53.466 [successfulLoginTest@0] DEBUG c.b.testNgListeners.TestNGUtils - [populateTestDataForBSTestOps] Event Type :: TestRunFinished, Test ClassName :: Saucedemo.LoginTestBrowserStack 
02:45:53.467 [successfulLoginTest@0] DEBUG c.browserstack.utils.UtilityMethods - [findFileMatcher] Current Path is :: C:\Users\Mylaptop\Desktop\Project2plzzzz, TestClass :: Saucedemo\LoginTestBrowserStack
02:45:53.605 [successfulLoginTest@0] DEBUG c.b.testNgListeners.TestNGUtils - [populateTestDataForBSTestOps] The filename fetched :: C:\Users\Mylaptop\Desktop\Project2plzzzz\src\test\java\Saucedemo\LoginTestBrowserStack.java, fileSeparator :: \, AbsolutePath :: C:\Users\Mylaptop\Desktop\Project2plzzzz\., Normalized Path :: C:\Users\Mylaptop\Desktop\Project2plzzzz, File.Separator :: \
02:45:53.606 [successfulLoginTest@0] DEBUG c.b.testNgListeners.TestNGUtils - [populateTestDataForBSTestOps] Replaced File Name is :: Project2plzzzz\src\test\java\Saucedemo\LoginTestBrowserStack.java, Absolute Path :: C:\Users\Mylaptop\Desktop\Project2plzzzz\.., Normalized Path :: C:\Users\Mylaptop\Desktop 
02:45:53.614 [successfulLoginTest@0] DEBUG c.b.utils.SeleniumMethodUtils - getURLFromCommandExecutor: Getting Hub url from HttpCommandExecutor
02:45:53.614 [successfulLoginTest@0] DEBUG c.b.utils.SeleniumMethodUtils - getURLFromCommandExecutor: Found url: https://hub-euw.browserstack.com/wd/hub
02:45:53.615 [successfulLoginTest@0] DEBUG c.b.utils.SeleniumMethodUtils - getURLFromCommandExecutor: Getting Hub url from HttpCommandExecutor
02:45:53.615 [successfulLoginTest@0] DEBUG c.b.utils.SeleniumMethodUtils - getURLFromCommandExecutor: Found url: https://hub-euw.browserstack.com/wd/hub
02:45:53.642 [successfulLoginTest@0] DEBUG c.b.monitoring.PerformanceTester - Failed to append key metrics to file C:\Users\Mylaptop\Desktop\Project2plzzzz\logs\key-metrics.json
02:45:53.734 [successfulLoginTest@0] DEBUG c.b.monitoring.PerformanceTester - Failed to append key metrics to file C:\Users\Mylaptop\Desktop\Project2plzzzz\logs\key-metrics.json
02:45:53.736 [successfulLoginTest@0] DEBUG c.b.monitoring.PerformanceTester - Failed to append key metrics to file C:\Users\Mylaptop\Desktop\Project2plzzzz\logs\key-metrics.json
02:45:54.082 [tearDown@0] DEBUG c.b.monitoring.PerformanceTester - Failed to append key metrics to file C:\Users\Mylaptop\Desktop\Project2plzzzz\logs\key-metrics.json
02:45:54.419 [tearDown@0] DEBUG c.b.monitoring.PerformanceTester - Failed to append key metrics to file C:\Users\Mylaptop\Desktop\Project2plzzzz\logs\key-metrics.json
02:45:54.509 [tearDown@0] DEBUG c.b.monitoring.PerformanceTester - Failed to append key metrics to file C:\Users\Mylaptop\Desktop\Project2plzzzz\logs\key-metrics.json
02:45:54.511 [tearDown@0] DEBUG c.b.monitoring.PerformanceTester - Failed to append key metrics to file C:\Users\Mylaptop\Desktop\Project2plzzzz\logs\key-metrics.json
02:45:54.512 [tearDown@0] DEBUG c.b.monitoring.PerformanceTester - Failed to append key metrics to file C:\Users\Mylaptop\Desktop\Project2plzzzz\logs\key-metrics.json
02:45:55.488 [setUp@0] DEBUG c.browserstack.utils.UtilityMethods - [Patch]: SDK enabled, patching remote server
02:45:55.489 [setUp@0] DEBUG c.b.selenium.SeleniumHandler - beforeDriverInit: SDK enabled. Thread ID: 56
02:45:55.489 [setUp@0] DEBUG c.b.selenium.SeleniumHandler - Quitting webdriver: com.browserstack.config.TestNgCurrentRemoteWebdriver@18ebd74d
02:45:55.493 [setUp@0] DEBUG c.b.monitoring.PerformanceTester - Failed to append key metrics to file C:\Users\Mylaptop\Desktop\Project2plzzzz\logs\key-metrics.json
02:45:55.496 [setUp@0] DEBUG c.browserstack.utils.LogReportingAPI - sendSync failed - driver not alive
02:45:55.498 [setUp@0] DEBUG c.b.monitoring.PerformanceTester - Failed to append key metrics to file C:\Users\Mylaptop\Desktop\Project2plzzzz\logs\key-metrics.json
02:45:55.499 [setUp@0] DEBUG c.b.monitoring.PerformanceTester - Failed to append key metrics to file C:\Users\Mylaptop\Desktop\Project2plzzzz\logs\key-metrics.json
02:45:55.501 [setUp@0] DEBUG c.b.monitoring.PerformanceTester - Failed to append key metrics to file C:\Users\Mylaptop\Desktop\Project2plzzzz\logs\key-metrics.json
02:45:55.502 [setUp@0] DEBUG c.b.monitoring.PerformanceTester - Failed to append key metrics to file C:\Users\Mylaptop\Desktop\Project2plzzzz\logs\key-metrics.json
02:45:55.510 [setUp@0] DEBUG c.browserstack.utils.UtilityMethods - [Patch]: SDK enabled, patching remote server
02:46:04.458 [setUp@0] DEBUG c.b.utils.SeleniumMethodUtils - OPTIMAL HUB IS: hub-euw.browserstack.com
02:46:04.458 [setUp@0] DEBUG c.b.selenium.SeleniumHandler - afterDriverInit: requested
02:46:04.468 [setUp@0] DEBUG c.b.utils.SeleniumMethodUtils - getURLFromCommandExecutor: Getting Hub url from HttpCommandExecutor
02:46:04.468 [setUp@0] DEBUG c.b.utils.SeleniumMethodUtils - getURLFromCommandExecutor: Found url: https://hub-euw.browserstack.com/wd/hub
02:46:04.468 [setUp@0] DEBUG c.b.utils.SeleniumMethodUtils - getURLFromCommandExecutor: Getting Hub url from HttpCommandExecutor
02:46:04.468 [setUp@0] DEBUG c.b.utils.SeleniumMethodUtils - getURLFromCommandExecutor: Found url: https://hub-euw.browserstack.com/wd/hub
02:46:04.471 [setUp@0] DEBUG c.b.monitoring.PerformanceTester - Failed to append key metrics to file C:\Users\Mylaptop\Desktop\Project2plzzzz\logs\key-metrics.json
02:46:04.477 [Forwarding setTimeout on session e67aa020861dc1b615d2498b5d51bf5a706e2654 to remote] DEBUG c.browserstack.utils.UtilityMethods - [Error]java.lang.IllegalAccessError: Update to non-static final field org.openqa.selenium.remote.HttpCommandExecutor.client attempted from a different method (execute) than the initializer method <init> 
	at org.openqa.selenium.remote.HttpCommandExecutor.execute(HttpCommandExecutor.java)
	at org.openqa.selenium.remote.RemoteWebDriver.execute(RemoteWebDriver.java:519)
	at org.openqa.selenium.remote.RemoteWebDriver$RemoteWebDriverOptions$RemoteTimeouts.implicitlyWait(RemoteWebDriver.java:934)
	at BaseTest.BrowserStackTest.setUp(BrowserStackTest.java:62)
	at java.base/jdk.internal.reflect.DirectMethodHandleAccessor.invoke(DirectMethodHandleAccessor.java:103)
	at java.base/java.lang.reflect.Method.invoke(Method.java:580)
	at org.testng.internal.invokers.MethodInvocationHelper.invokeMethod(MethodInvocationHelper.java:135)
	at org.testng.internal.invokers.MethodInvocationHelper.invokeMethodConsideringTimeout(MethodInvocationHelper.java:65)
	at org.testng.internal.invokers.ConfigInvoker.invokeConfigurationMethod(ConfigInvoker.java:381)
	at org.testng.internal.invokers.ConfigInvoker.invokeConfigurations(ConfigInvoker.java:319)
	at org.testng.internal.invokers.TestInvoker.runConfigMethods(TestInvoker.java:803)
	at org.testng.internal.invokers.TestInvoker.invokeMethod(TestInvoker.java:589)
	at org.testng.internal.invokers.TestInvoker.invokeTestMethod(TestInvoker.java:220)
	at org.testng.internal.invokers.MethodRunner.runInSequence(MethodRunner.java:50)
	at org.testng.internal.invokers.TestInvoker$MethodInvocationAgent.invoke(TestInvoker.java:945)
	at org.testng.internal.invokers.TestInvoker.invokeTestMethods(TestInvoker.java:193)
	at org.testng.internal.invokers.TestMethodWorker.invokeTestMethods(TestMethodWorker.java:146)
	at org.testng.internal.invokers.TestMethodWorker.run(TestMethodWorker.java:128)
	at java.base/java.util.ArrayList.forEach(ArrayList.java:1597)
	at org.testng.TestRunner.privateRun(TestRunner.java:808)
	at org.testng.TestRunner.run(TestRunner.java:603)
	at org.testng.SuiteRunner.runTest(SuiteRunner.java:429)
	at org.testng.SuiteRunner.access$000(SuiteRunner.java:32)
	at org.testng.SuiteRunner$SuiteWorker.run(SuiteRunner.java:467)
	at org.testng.internal.thread.ThreadUtil.lambda$execute$0(ThreadUtil.java:58)
	at java.base/java.util.concurrent.FutureTask.run(FutureTask.java:317)
	at java.base/java.util.concurrent.ThreadPoolExecutor.runWorker(ThreadPoolExecutor.java:1144)
	at java.base/java.util.concurrent.ThreadPoolExecutor$Worker.run(ThreadPoolExecutor.java:642)
	at java.base/java.lang.Thread.run(Thread.java:1575)

02:46:08.532 [successfulLoginTest@1] DEBUG c.b.monitoring.PerformanceTester - Failed to append key metrics to file C:\Users\Mylaptop\Desktop\Project2plzzzz\logs\key-metrics.json
02:46:08.533 [successfulLoginTest@1] DEBUG c.b.testNgListeners.TestNGUtils - [populateTestDataForBSTestOps] Event Type :: TestRunFinished, Test ClassName :: Saucedemo.LoginTestBrowserStack 
02:46:08.533 [successfulLoginTest@1] DEBUG c.browserstack.utils.UtilityMethods - [findFileMatcher] Current Path is :: C:\Users\Mylaptop\Desktop\Project2plzzzz, TestClass :: Saucedemo\LoginTestBrowserStack
02:46:08.621 [successfulLoginTest@1] DEBUG c.b.testNgListeners.TestNGUtils - [populateTestDataForBSTestOps] The filename fetched :: C:\Users\Mylaptop\Desktop\Project2plzzzz\src\test\java\Saucedemo\LoginTestBrowserStack.java, fileSeparator :: \, AbsolutePath :: C:\Users\Mylaptop\Desktop\Project2plzzzz\., Normalized Path :: C:\Users\Mylaptop\Desktop\Project2plzzzz, File.Separator :: \
02:46:08.621 [successfulLoginTest@1] DEBUG c.b.testNgListeners.TestNGUtils - [populateTestDataForBSTestOps] Replaced File Name is :: Project2plzzzz\src\test\java\Saucedemo\LoginTestBrowserStack.java, Absolute Path :: C:\Users\Mylaptop\Desktop\Project2plzzzz\.., Normalized Path :: C:\Users\Mylaptop\Desktop 
02:46:08.641 [successfulLoginTest@1] DEBUG c.b.utils.SeleniumMethodUtils - getURLFromCommandExecutor: Getting Hub url from HttpCommandExecutor
02:46:08.641 [successfulLoginTest@1] DEBUG c.b.utils.SeleniumMethodUtils - getURLFromCommandExecutor: Found url: https://hub-euw.browserstack.com/wd/hub
02:46:08.641 [successfulLoginTest@1] DEBUG c.b.utils.SeleniumMethodUtils - getURLFromCommandExecutor: Getting Hub url from HttpCommandExecutor
02:46:08.641 [successfulLoginTest@1] DEBUG c.b.utils.SeleniumMethodUtils - getURLFromCommandExecutor: Found url: https://hub-euw.browserstack.com/wd/hub
02:46:08.662 [successfulLoginTest@1] DEBUG c.b.monitoring.PerformanceTester - Failed to append key metrics to file C:\Users\Mylaptop\Desktop\Project2plzzzz\logs\key-metrics.json
02:46:08.755 [successfulLoginTest@1] DEBUG c.b.monitoring.PerformanceTester - Failed to append key metrics to file C:\Users\Mylaptop\Desktop\Project2plzzzz\logs\key-metrics.json
02:46:08.756 [successfulLoginTest@1] DEBUG c.b.monitoring.PerformanceTester - Failed to append key metrics to file C:\Users\Mylaptop\Desktop\Project2plzzzz\logs\key-metrics.json
02:46:09.074 [tearDown@1] DEBUG c.b.monitoring.PerformanceTester - Failed to append key metrics to file C:\Users\Mylaptop\Desktop\Project2plzzzz\logs\key-metrics.json
02:46:09.430 [tearDown@1] DEBUG c.b.monitoring.PerformanceTester - Failed to append key metrics to file C:\Users\Mylaptop\Desktop\Project2plzzzz\logs\key-metrics.json
02:46:09.516 [tearDown@1] DEBUG c.b.monitoring.PerformanceTester - Failed to append key metrics to file C:\Users\Mylaptop\Desktop\Project2plzzzz\logs\key-metrics.json
02:46:09.518 [tearDown@1] DEBUG c.b.monitoring.PerformanceTester - Failed to append key metrics to file C:\Users\Mylaptop\Desktop\Project2plzzzz\logs\key-metrics.json
02:46:09.519 [tearDown@1] DEBUG c.b.monitoring.PerformanceTester - Failed to append key metrics to file C:\Users\Mylaptop\Desktop\Project2plzzzz\logs\key-metrics.json
02:46:10.490 [setUp@1] DEBUG c.browserstack.utils.UtilityMethods - [Patch]: SDK enabled, patching remote server
02:46:10.491 [setUp@1] DEBUG c.b.selenium.SeleniumHandler - beforeDriverInit: SDK enabled. Thread ID: 57
02:46:10.491 [setUp@1] DEBUG c.b.selenium.SeleniumHandler - Quitting webdriver: com.browserstack.config.TestNgCurrentRemoteWebdriver@26a30eba
02:46:10.492 [setUp@1] DEBUG c.b.monitoring.PerformanceTester - Failed to append key metrics to file C:\Users\Mylaptop\Desktop\Project2plzzzz\logs\key-metrics.json
02:46:10.492 [setUp@1] DEBUG c.browserstack.utils.LogReportingAPI - sendSync failed - driver not alive
02:46:10.493 [setUp@1] DEBUG c.b.monitoring.PerformanceTester - Failed to append key metrics to file C:\Users\Mylaptop\Desktop\Project2plzzzz\logs\key-metrics.json
02:46:10.494 [setUp@1] DEBUG c.b.monitoring.PerformanceTester - Failed to append key metrics to file C:\Users\Mylaptop\Desktop\Project2plzzzz\logs\key-metrics.json
02:46:10.495 [setUp@1] DEBUG c.b.monitoring.PerformanceTester - Failed to append key metrics to file C:\Users\Mylaptop\Desktop\Project2plzzzz\logs\key-metrics.json
02:46:10.496 [setUp@1] DEBUG c.b.monitoring.PerformanceTester - Failed to append key metrics to file C:\Users\Mylaptop\Desktop\Project2plzzzz\logs\key-metrics.json
02:46:10.499 [setUp@1] DEBUG c.browserstack.utils.UtilityMethods - [Patch]: SDK enabled, patching remote server
02:46:10.500 [bannedUserLoginTest@0] DEBUG c.b.monitoring.PerformanceTester - Failed to append key metrics to file C:\Users\Mylaptop\Desktop\Project2plzzzz\logs\key-metrics.json
02:46:10.501 [bannedUserLoginTest@0] DEBUG c.b.testNgListeners.TestNGUtils - [populateTestDataForBSTestOps] Event Type :: TestRunFinished, Test ClassName :: Saucedemo.LoginTestBrowserStack 
02:46:10.501 [bannedUserLoginTest@0] DEBUG c.browserstack.utils.UtilityMethods - [findFileMatcher] Current Path is :: C:\Users\Mylaptop\Desktop\Project2plzzzz, TestClass :: Saucedemo\LoginTestBrowserStack
02:46:10.575 [bannedUserLoginTest@0] DEBUG c.b.testNgListeners.TestNGUtils - [populateTestDataForBSTestOps] The filename fetched :: C:\Users\Mylaptop\Desktop\Project2plzzzz\src\test\java\Saucedemo\LoginTestBrowserStack.java, fileSeparator :: \, AbsolutePath :: C:\Users\Mylaptop\Desktop\Project2plzzzz\., Normalized Path :: C:\Users\Mylaptop\Desktop\Project2plzzzz, File.Separator :: \
02:46:10.576 [bannedUserLoginTest@0] DEBUG c.b.testNgListeners.TestNGUtils - [populateTestDataForBSTestOps] Replaced File Name is :: Project2plzzzz\src\test\java\Saucedemo\LoginTestBrowserStack.java, Absolute Path :: C:\Users\Mylaptop\Desktop\Project2plzzzz\.., Normalized Path :: C:\Users\Mylaptop\Desktop 
02:46:10.583 [bannedUserLoginTest@0] DEBUG c.b.utils.SeleniumMethodUtils - getURLFromCommandExecutor: Getting Hub url from HttpCommandExecutor
02:46:10.584 [bannedUserLoginTest@0] DEBUG c.b.utils.SeleniumMethodUtils - getURLFromCommandExecutor: Found url: https://hub-euw.browserstack.com/wd/hub
02:46:10.584 [bannedUserLoginTest@0] DEBUG c.b.utils.SeleniumMethodUtils - getURLFromCommandExecutor: Getting Hub url from HttpCommandExecutor
02:46:10.584 [bannedUserLoginTest@0] DEBUG c.b.utils.SeleniumMethodUtils - getURLFromCommandExecutor: Found url: https://hub-euw.browserstack.com/wd/hub
02:46:10.597 [bannedUserLoginTest@0] DEBUG c.b.monitoring.PerformanceTester - Failed to append key metrics to file C:\Users\Mylaptop\Desktop\Project2plzzzz\logs\key-metrics.json
02:46:10.685 [bannedUserLoginTest@0] DEBUG c.b.monitoring.PerformanceTester - Failed to append key metrics to file C:\Users\Mylaptop\Desktop\Project2plzzzz\logs\key-metrics.json
02:46:10.687 [bannedUserLoginTest@0] DEBUG c.b.monitoring.PerformanceTester - Failed to append key metrics to file C:\Users\Mylaptop\Desktop\Project2plzzzz\logs\key-metrics.json
02:46:11.099 [tearDown@0] DEBUG c.b.monitoring.PerformanceTester - Failed to append key metrics to file C:\Users\Mylaptop\Desktop\Project2plzzzz\logs\key-metrics.json
02:46:11.775 [tearDown@0] DEBUG c.b.monitoring.PerformanceTester - Failed to append key metrics to file C:\Users\Mylaptop\Desktop\Project2plzzzz\logs\key-metrics.json
02:46:11.872 [tearDown@0] DEBUG c.b.monitoring.PerformanceTester - Failed to append key metrics to file C:\Users\Mylaptop\Desktop\Project2plzzzz\logs\key-metrics.json
02:46:11.874 [tearDown@0] DEBUG c.b.monitoring.PerformanceTester - Failed to append key metrics to file C:\Users\Mylaptop\Desktop\Project2plzzzz\logs\key-metrics.json
02:46:11.875 [tearDown@0] DEBUG c.b.monitoring.PerformanceTester - Failed to append key metrics to file C:\Users\Mylaptop\Desktop\Project2plzzzz\logs\key-metrics.json
02:46:13.102 [setUp@0] DEBUG c.browserstack.utils.UtilityMethods - [Patch]: SDK enabled, patching remote server
02:46:13.103 [setUp@0] DEBUG c.b.selenium.SeleniumHandler - beforeDriverInit: SDK enabled. Thread ID: 56
02:46:13.103 [setUp@0] DEBUG c.b.selenium.SeleniumHandler - Quitting webdriver: com.browserstack.config.TestNgCurrentRemoteWebdriver@a07b6eb
02:46:13.105 [setUp@0] DEBUG c.b.monitoring.PerformanceTester - Failed to append key metrics to file C:\Users\Mylaptop\Desktop\Project2plzzzz\logs\key-metrics.json
02:46:13.105 [setUp@0] DEBUG c.browserstack.utils.LogReportingAPI - sendSync failed - driver not alive
02:46:13.106 [setUp@0] DEBUG c.b.monitoring.PerformanceTester - Failed to append key metrics to file C:\Users\Mylaptop\Desktop\Project2plzzzz\logs\key-metrics.json
02:46:13.107 [setUp@0] DEBUG c.b.monitoring.PerformanceTester - Failed to append key metrics to file C:\Users\Mylaptop\Desktop\Project2plzzzz\logs\key-metrics.json
02:46:13.108 [setUp@0] DEBUG c.b.monitoring.PerformanceTester - Failed to append key metrics to file C:\Users\Mylaptop\Desktop\Project2plzzzz\logs\key-metrics.json
02:46:13.109 [setUp@0] DEBUG c.b.monitoring.PerformanceTester - Failed to append key metrics to file C:\Users\Mylaptop\Desktop\Project2plzzzz\logs\key-metrics.json
02:46:13.114 [setUp@0] DEBUG c.browserstack.utils.UtilityMethods - [Patch]: SDK enabled, patching remote server
02:46:19.836 [setUp@0] DEBUG c.b.utils.SeleniumMethodUtils - OPTIMAL HUB IS: hub-euw.browserstack.com
02:46:19.836 [setUp@0] DEBUG c.b.selenium.SeleniumHandler - afterDriverInit: requested
02:46:19.847 [setUp@0] DEBUG c.b.utils.SeleniumMethodUtils - getURLFromCommandExecutor: Getting Hub url from HttpCommandExecutor
02:46:19.847 [setUp@0] DEBUG c.b.utils.SeleniumMethodUtils - getURLFromCommandExecutor: Found url: https://hub-euw.browserstack.com/wd/hub
02:46:19.848 [setUp@0] DEBUG c.b.utils.SeleniumMethodUtils - getURLFromCommandExecutor: Getting Hub url from HttpCommandExecutor
02:46:19.848 [setUp@0] DEBUG c.b.utils.SeleniumMethodUtils - getURLFromCommandExecutor: Found url: https://hub-euw.browserstack.com/wd/hub
02:46:19.849 [setUp@0] DEBUG c.b.monitoring.PerformanceTester - Failed to append key metrics to file C:\Users\Mylaptop\Desktop\Project2plzzzz\logs\key-metrics.json
02:46:19.853 [Forwarding setTimeout on session 543778a873ce38acab4c9c5aa6718dbf2cc636e5 to remote] DEBUG c.browserstack.utils.UtilityMethods - [Error]java.lang.IllegalAccessError: Update to non-static final field org.openqa.selenium.remote.HttpCommandExecutor.client attempted from a different method (execute) than the initializer method <init> 
	at org.openqa.selenium.remote.HttpCommandExecutor.execute(HttpCommandExecutor.java)
	at org.openqa.selenium.remote.RemoteWebDriver.execute(RemoteWebDriver.java:519)
	at org.openqa.selenium.remote.RemoteWebDriver$RemoteWebDriverOptions$RemoteTimeouts.implicitlyWait(RemoteWebDriver.java:934)
	at BaseTest.BrowserStackTest.setUp(BrowserStackTest.java:62)
	at java.base/jdk.internal.reflect.DirectMethodHandleAccessor.invoke(DirectMethodHandleAccessor.java:103)
	at java.base/java.lang.reflect.Method.invoke(Method.java:580)
	at org.testng.internal.invokers.MethodInvocationHelper.invokeMethod(MethodInvocationHelper.java:135)
	at org.testng.internal.invokers.MethodInvocationHelper.invokeMethodConsideringTimeout(MethodInvocationHelper.java:65)
	at org.testng.internal.invokers.ConfigInvoker.invokeConfigurationMethod(ConfigInvoker.java:381)
	at org.testng.internal.invokers.ConfigInvoker.invokeConfigurations(ConfigInvoker.java:319)
	at org.testng.internal.invokers.TestInvoker.runConfigMethods(TestInvoker.java:803)
	at org.testng.internal.invokers.TestInvoker.invokeMethod(TestInvoker.java:589)
	at org.testng.internal.invokers.TestInvoker.invokeTestMethod(TestInvoker.java:220)
	at org.testng.internal.invokers.MethodRunner.runInSequence(MethodRunner.java:50)
	at org.testng.internal.invokers.TestInvoker$MethodInvocationAgent.invoke(TestInvoker.java:945)
	at org.testng.internal.invokers.TestInvoker.invokeTestMethods(TestInvoker.java:193)
	at org.testng.internal.invokers.TestMethodWorker.invokeTestMethods(TestMethodWorker.java:146)
	at org.testng.internal.invokers.TestMethodWorker.run(TestMethodWorker.java:128)
	at java.base/java.util.ArrayList.forEach(ArrayList.java:1597)
	at org.testng.TestRunner.privateRun(TestRunner.java:808)
	at org.testng.TestRunner.run(TestRunner.java:603)
	at org.testng.SuiteRunner.runTest(SuiteRunner.java:429)
	at org.testng.SuiteRunner.access$000(SuiteRunner.java:32)
	at org.testng.SuiteRunner$SuiteWorker.run(SuiteRunner.java:467)
	at org.testng.internal.thread.ThreadUtil.lambda$execute$0(ThreadUtil.java:58)
	at java.base/java.util.concurrent.FutureTask.run(FutureTask.java:317)
	at java.base/java.util.concurrent.ThreadPoolExecutor.runWorker(ThreadPoolExecutor.java:1144)
	at java.base/java.util.concurrent.ThreadPoolExecutor$Worker.run(ThreadPoolExecutor.java:642)
	at java.base/java.lang.Thread.run(Thread.java:1575)

02:46:23.156 [setUp@1] DEBUG c.b.utils.SeleniumMethodUtils - OPTIMAL HUB IS: hub-euw.browserstack.com
02:46:23.157 [setUp@1] DEBUG c.b.selenium.SeleniumHandler - afterDriverInit: requested
02:46:23.165 [setUp@1] DEBUG c.b.utils.SeleniumMethodUtils - getURLFromCommandExecutor: Getting Hub url from HttpCommandExecutor
02:46:23.166 [setUp@1] DEBUG c.b.utils.SeleniumMethodUtils - getURLFromCommandExecutor: Found url: https://hub-euw.browserstack.com/wd/hub
02:46:23.166 [setUp@1] DEBUG c.b.utils.SeleniumMethodUtils - getURLFromCommandExecutor: Getting Hub url from HttpCommandExecutor
02:46:23.166 [setUp@1] DEBUG c.b.utils.SeleniumMethodUtils - getURLFromCommandExecutor: Found url: https://hub-euw.browserstack.com/wd/hub
02:46:23.167 [setUp@1] DEBUG c.b.monitoring.PerformanceTester - Failed to append key metrics to file C:\Users\Mylaptop\Desktop\Project2plzzzz\logs\key-metrics.json
02:46:23.194 [Forwarding setTimeout on session a97bf8d4c15e80f7d98e75d932f393b04ce2fa7a to remote] DEBUG c.browserstack.utils.UtilityMethods - [Error]java.lang.IllegalAccessError: Update to non-static final field org.openqa.selenium.remote.HttpCommandExecutor.client attempted from a different method (execute) than the initializer method <init> 
	at org.openqa.selenium.remote.HttpCommandExecutor.execute(HttpCommandExecutor.java)
	at org.openqa.selenium.remote.RemoteWebDriver.execute(RemoteWebDriver.java:519)
	at org.openqa.selenium.remote.RemoteWebDriver$RemoteWebDriverOptions$RemoteTimeouts.implicitlyWait(RemoteWebDriver.java:934)
	at BaseTest.BrowserStackTest.setUp(BrowserStackTest.java:62)
	at java.base/jdk.internal.reflect.DirectMethodHandleAccessor.invoke(DirectMethodHandleAccessor.java:103)
	at java.base/java.lang.reflect.Method.invoke(Method.java:580)
	at org.testng.internal.invokers.MethodInvocationHelper.invokeMethod(MethodInvocationHelper.java:135)
	at org.testng.internal.invokers.MethodInvocationHelper.invokeMethodConsideringTimeout(MethodInvocationHelper.java:65)
	at org.testng.internal.invokers.ConfigInvoker.invokeConfigurationMethod(ConfigInvoker.java:381)
	at org.testng.internal.invokers.ConfigInvoker.invokeConfigurations(ConfigInvoker.java:319)
	at org.testng.internal.invokers.TestInvoker.runConfigMethods(TestInvoker.java:803)
	at org.testng.internal.invokers.TestInvoker.invokeMethod(TestInvoker.java:589)
	at org.testng.internal.invokers.TestInvoker.invokeTestMethod(TestInvoker.java:220)
	at org.testng.internal.invokers.MethodRunner.runInSequence(MethodRunner.java:50)
	at org.testng.internal.invokers.TestInvoker$MethodInvocationAgent.invoke(TestInvoker.java:945)
	at org.testng.internal.invokers.TestInvoker.invokeTestMethods(TestInvoker.java:193)
	at org.testng.internal.invokers.TestMethodWorker.invokeTestMethods(TestMethodWorker.java:146)
	at org.testng.internal.invokers.TestMethodWorker.run(TestMethodWorker.java:128)
	at java.base/java.util.ArrayList.forEach(ArrayList.java:1597)
	at org.testng.TestRunner.privateRun(TestRunner.java:808)
	at org.testng.TestRunner.run(TestRunner.java:603)
	at org.testng.SuiteRunner.runTest(SuiteRunner.java:429)
	at org.testng.SuiteRunner.access$000(SuiteRunner.java:32)
	at org.testng.SuiteRunner$SuiteWorker.run(SuiteRunner.java:467)
	at org.testng.internal.thread.ThreadUtil.lambda$execute$0(ThreadUtil.java:58)
	at java.base/java.util.concurrent.FutureTask.run(FutureTask.java:317)
	at java.base/java.util.concurrent.ThreadPoolExecutor.runWorker(ThreadPoolExecutor.java:1144)
	at java.base/java.util.concurrent.ThreadPoolExecutor$Worker.run(ThreadPoolExecutor.java:642)
	at java.base/java.lang.Thread.run(Thread.java:1575)

02:46:28.038 [logOutTest@0] DEBUG c.b.monitoring.PerformanceTester - Failed to append key metrics to file C:\Users\Mylaptop\Desktop\Project2plzzzz\logs\key-metrics.json
02:46:28.039 [logOutTest@0] DEBUG c.b.testNgListeners.TestNGUtils - [populateTestDataForBSTestOps] Event Type :: TestRunFinished, Test ClassName :: Saucedemo.LoginTestBrowserStack 
02:46:28.039 [logOutTest@0] DEBUG c.browserstack.utils.UtilityMethods - [findFileMatcher] Current Path is :: C:\Users\Mylaptop\Desktop\Project2plzzzz, TestClass :: Saucedemo\LoginTestBrowserStack
02:46:28.117 [logOutTest@0] DEBUG c.b.testNgListeners.TestNGUtils - [populateTestDataForBSTestOps] The filename fetched :: C:\Users\Mylaptop\Desktop\Project2plzzzz\src\test\java\Saucedemo\LoginTestBrowserStack.java, fileSeparator :: \, AbsolutePath :: C:\Users\Mylaptop\Desktop\Project2plzzzz\., Normalized Path :: C:\Users\Mylaptop\Desktop\Project2plzzzz, File.Separator :: \
02:46:28.118 [logOutTest@0] DEBUG c.b.testNgListeners.TestNGUtils - [populateTestDataForBSTestOps] Replaced File Name is :: Project2plzzzz\src\test\java\Saucedemo\LoginTestBrowserStack.java, Absolute Path :: C:\Users\Mylaptop\Desktop\Project2plzzzz\.., Normalized Path :: C:\Users\Mylaptop\Desktop 
02:46:28.127 [logOutTest@0] DEBUG c.b.utils.SeleniumMethodUtils - getURLFromCommandExecutor: Getting Hub url from HttpCommandExecutor
02:46:28.128 [logOutTest@0] DEBUG c.b.utils.SeleniumMethodUtils - getURLFromCommandExecutor: Found url: https://hub-euw.browserstack.com/wd/hub
02:46:28.129 [logOutTest@0] DEBUG c.b.utils.SeleniumMethodUtils - getURLFromCommandExecutor: Getting Hub url from HttpCommandExecutor
02:46:28.129 [logOutTest@0] DEBUG c.b.utils.SeleniumMethodUtils - getURLFromCommandExecutor: Found url: https://hub-euw.browserstack.com/wd/hub
02:46:28.148 [logOutTest@0] DEBUG c.b.monitoring.PerformanceTester - Failed to append key metrics to file C:\Users\Mylaptop\Desktop\Project2plzzzz\logs\key-metrics.json
02:46:28.236 [logOutTest@0] DEBUG c.b.monitoring.PerformanceTester - Failed to append key metrics to file C:\Users\Mylaptop\Desktop\Project2plzzzz\logs\key-metrics.json
02:46:28.238 [logOutTest@0] DEBUG c.b.monitoring.PerformanceTester - Failed to append key metrics to file C:\Users\Mylaptop\Desktop\Project2plzzzz\logs\key-metrics.json
02:46:28.573 [tearDown@0] DEBUG c.b.monitoring.PerformanceTester - Failed to append key metrics to file C:\Users\Mylaptop\Desktop\Project2plzzzz\logs\key-metrics.json
02:46:28.998 [tearDown@0] DEBUG c.b.monitoring.PerformanceTester - Failed to append key metrics to file C:\Users\Mylaptop\Desktop\Project2plzzzz\logs\key-metrics.json
02:46:29.098 [tearDown@0] DEBUG c.b.monitoring.PerformanceTester - Failed to append key metrics to file C:\Users\Mylaptop\Desktop\Project2plzzzz\logs\key-metrics.json
02:46:29.100 [tearDown@0] DEBUG c.b.monitoring.PerformanceTester - Failed to append key metrics to file C:\Users\Mylaptop\Desktop\Project2plzzzz\logs\key-metrics.json
02:46:29.101 [tearDown@0] DEBUG c.b.monitoring.PerformanceTester - Failed to append key metrics to file C:\Users\Mylaptop\Desktop\Project2plzzzz\logs\key-metrics.json
02:46:30.182 [tearDown@0] DEBUG c.b.utils.FrameworkDetectionUtils - Couldn't find dependency class: appium
02:46:30.183 [tearDown@0] DEBUG com.browserstack.testOps.UsageStats - getFormattedData: Collecting data for TestObservability
02:46:30.239 [tearDown@0] DEBUG c.b.utils.FunnelInstrumentation - Sending funnel data for SDKTestSuccessful with data: {"event_type":"SDKTestSuccessful","accessKey":"PQ6wNsygb77eCxSVxbcZ","userName":"floraayvazyan_72kWsC","event_properties":{"isPercyAutoEnabled":false,"language":"java","sdkRunId":"5107bd85-c105-4101-bf5b-a40b09897ea0","buildIdentifier":"#18","testhub_uuid":"bj6z34yizzdyvvyecs4iuocmvklounaupttiyjek","detectedAppiumVersion":"null","productMap":{"app_automate":false,"accessibility":false,"automate":true,"percy":false,"observability":false,"turboscale":false},"hostname":"DESKTOP-7TGF0Q2","measures":{"sdk:driver:quit":55.23,"sdk:testhub":457.6790000014007,"sdk:automate:session-name":334.01,"sdk:driver:post-initialization":10.71,"sdk:hook":5.19,"sdk:automate:idle-timeout":5.17,"sdk:automate:hub-management":3670.928300000727,"sdk:driver:pre-initialization":5.47,"sdk:automate:session-status":255.17,"sdk:setup":13864.848799999803,"sdk:pre-test":3.7700999975204468,"sdk:o11y:sync":67.02,"sdk:automate:session-annotation":91.57},"productUsage":{"testObservability":{"buildHashedId":"bj6z34yizzdyvvyecs4iuocmvklounaupttiyjek","manuallySet":false,"enabled":false}},"browserStackConfig":{"browserstackLocal":true,"percy":false,"logLevel":"info","staticWebDriver":true,"autoDetectFramework":true,"percyCaptureMode":"MANUAL","browserStackLocalOptions":{"localIdentifier":"11_Jan_245_DESKTOP_7TGF0Q2_9AxO","key":"****"},"percyOptions":null,"testContextOptions":{"skipSessionName":false,"skipSessionStatus":false,"serenityOverridePlugin":false},"platforms":[{"os":"Windows","browser":"Chrome","device":null,"browserVersion":"latest","osVersion":"11","platformCaps":{"os":"Windows","osVersion":11,"browserVersion":"latest","browserName":"Chrome"},"capabilities":{},"platformString":"Windows, 11, Chrome, latest","customVariables":"****"},{"os":"Windows","browser":"Edge","device":null,"browserVersion":"131.0","osVersion":"11","platformCaps":{"os":"Windows","osVersion":11,"browserVersion":131.0,"browserName":"Edge"},"capabilities":{},"platformString":"Windows, 11, Edge, 131.0","customVariables":"****"}],"parallelsPerPlatform":1,"framework":"selenide-testng","accessibility":false,"accessibilityOptions":{},"turboScaleOptions":{},"disableAutoCaptureLogs":true,"testObservability":true,"browserstackAutomation":true,"turboScale":false,"testObservabilityOptions":{},"gradleMConfig":null,"proxySettings":null},"percyBuildId":null,"product":"[automate]","buildName":"browserstack-build-1","os":"Windows 11","languageVersion":"23.0.1","appiumVersion":"","frameworkDetectionInstrumentation":{"parseLoadClass":7,"ret-org.openqa.selenium.remote.RemoteWebDriver":878,"retransformClasses":878,"parseDependencies":39},"userFramework":"selenide-testng","detectedDependencies":"selenide, testng","referrer":"selenide-testng-javaagent\/1.29.3","locationTrigger":"onFinish","accessibilityConfiguration":{"pollingTimeout":30},"language_framework":"java_selenide-testng","detectedFramework":"selenide-testng","testOrchestration":{"abortBuildOnFailure":{"enabled":false},"retryTestsOnFailure":{"enabled":false},"userConfig":{}},"detectedSeleniumVersion":"4.18.1","seleniumVersion":"4.18.1"}}
02:46:30.727 [tearDown@0] DEBUG c.b.utils.FunnelInstrumentation - API Event SDKTestSuccessful, response: {"message":"SDK Event recorded successfully"}
02:46:30.729 [tearDown@0] DEBUG c.b.monitoring.PerformanceTester - Failed to append key metrics to file C:\Users\Mylaptop\Desktop\Project2plzzzz\logs\key-metrics.json
02:46:30.729 [tearDown@0] DEBUG c.browserstack.utils.LogReportingAPI - sendSync failed - driver not alive
02:46:30.730 [tearDown@0] DEBUG c.b.monitoring.PerformanceTester - Failed to append key metrics to file C:\Users\Mylaptop\Desktop\Project2plzzzz\logs\key-metrics.json
02:46:30.731 [tearDown@0] DEBUG c.b.monitoring.PerformanceTester - Failed to append key metrics to file C:\Users\Mylaptop\Desktop\Project2plzzzz\logs\key-metrics.json
02:46:30.732 [tearDown@0] DEBUG c.b.monitoring.PerformanceTester - Failed to append key metrics to file C:\Users\Mylaptop\Desktop\Project2plzzzz\logs\key-metrics.json
02:46:35.353 [bannedUserLoginTest@1] DEBUG c.b.monitoring.PerformanceTester - Failed to append key metrics to file C:\Users\Mylaptop\Desktop\Project2plzzzz\logs\key-metrics.json
02:46:35.354 [bannedUserLoginTest@1] DEBUG c.b.testNgListeners.TestNGUtils - [populateTestDataForBSTestOps] Event Type :: TestRunFinished, Test ClassName :: Saucedemo.LoginTestBrowserStack 
02:46:35.354 [bannedUserLoginTest@1] DEBUG c.browserstack.utils.UtilityMethods - [findFileMatcher] Current Path is :: C:\Users\Mylaptop\Desktop\Project2plzzzz, TestClass :: Saucedemo\LoginTestBrowserStack
02:46:35.427 [bannedUserLoginTest@1] DEBUG c.b.testNgListeners.TestNGUtils - [populateTestDataForBSTestOps] The filename fetched :: C:\Users\Mylaptop\Desktop\Project2plzzzz\src\test\java\Saucedemo\LoginTestBrowserStack.java, fileSeparator :: \, AbsolutePath :: C:\Users\Mylaptop\Desktop\Project2plzzzz\., Normalized Path :: C:\Users\Mylaptop\Desktop\Project2plzzzz, File.Separator :: \
02:46:35.427 [bannedUserLoginTest@1] DEBUG c.b.testNgListeners.TestNGUtils - [populateTestDataForBSTestOps] Replaced File Name is :: Project2plzzzz\src\test\java\Saucedemo\LoginTestBrowserStack.java, Absolute Path :: C:\Users\Mylaptop\Desktop\Project2plzzzz\.., Normalized Path :: C:\Users\Mylaptop\Desktop 
02:46:35.435 [bannedUserLoginTest@1] DEBUG c.b.utils.SeleniumMethodUtils - getURLFromCommandExecutor: Getting Hub url from HttpCommandExecutor
02:46:35.435 [bannedUserLoginTest@1] DEBUG c.b.utils.SeleniumMethodUtils - getURLFromCommandExecutor: Found url: https://hub-euw.browserstack.com/wd/hub
02:46:35.435 [bannedUserLoginTest@1] DEBUG c.b.utils.SeleniumMethodUtils - getURLFromCommandExecutor: Getting Hub url from HttpCommandExecutor
02:46:35.435 [bannedUserLoginTest@1] DEBUG c.b.utils.SeleniumMethodUtils - getURLFromCommandExecutor: Found url: https://hub-euw.browserstack.com/wd/hub
02:46:35.453 [bannedUserLoginTest@1] DEBUG c.b.monitoring.PerformanceTester - Failed to append key metrics to file C:\Users\Mylaptop\Desktop\Project2plzzzz\logs\key-metrics.json
02:46:35.540 [bannedUserLoginTest@1] DEBUG c.b.monitoring.PerformanceTester - Failed to append key metrics to file C:\Users\Mylaptop\Desktop\Project2plzzzz\logs\key-metrics.json
02:46:35.541 [bannedUserLoginTest@1] DEBUG c.b.monitoring.PerformanceTester - Failed to append key metrics to file C:\Users\Mylaptop\Desktop\Project2plzzzz\logs\key-metrics.json
02:46:35.842 [tearDown@1] DEBUG c.b.monitoring.PerformanceTester - Failed to append key metrics to file C:\Users\Mylaptop\Desktop\Project2plzzzz\logs\key-metrics.json
02:46:36.188 [tearDown@1] DEBUG c.b.monitoring.PerformanceTester - Failed to append key metrics to file C:\Users\Mylaptop\Desktop\Project2plzzzz\logs\key-metrics.json
02:46:36.278 [tearDown@1] DEBUG c.b.monitoring.PerformanceTester - Failed to append key metrics to file C:\Users\Mylaptop\Desktop\Project2plzzzz\logs\key-metrics.json
02:46:36.279 [tearDown@1] DEBUG c.b.monitoring.PerformanceTester - Failed to append key metrics to file C:\Users\Mylaptop\Desktop\Project2plzzzz\logs\key-metrics.json
02:46:36.282 [tearDown@1] DEBUG c.b.monitoring.PerformanceTester - Failed to append key metrics to file C:\Users\Mylaptop\Desktop\Project2plzzzz\logs\key-metrics.json
02:46:37.293 [setUp@1] DEBUG c.browserstack.utils.UtilityMethods - [Patch]: SDK enabled, patching remote server
02:46:37.295 [setUp@1] DEBUG c.b.selenium.SeleniumHandler - beforeDriverInit: SDK enabled. Thread ID: 57
02:46:37.295 [setUp@1] DEBUG c.b.selenium.SeleniumHandler - Quitting webdriver: com.browserstack.config.TestNgCurrentRemoteWebdriver@234d37dc
02:46:37.296 [setUp@1] DEBUG c.b.monitoring.PerformanceTester - Failed to append key metrics to file C:\Users\Mylaptop\Desktop\Project2plzzzz\logs\key-metrics.json
02:46:37.296 [setUp@1] DEBUG c.browserstack.utils.LogReportingAPI - sendSync failed - driver not alive
02:46:37.297 [setUp@1] DEBUG c.b.monitoring.PerformanceTester - Failed to append key metrics to file C:\Users\Mylaptop\Desktop\Project2plzzzz\logs\key-metrics.json
02:46:37.298 [setUp@1] DEBUG c.b.monitoring.PerformanceTester - Failed to append key metrics to file C:\Users\Mylaptop\Desktop\Project2plzzzz\logs\key-metrics.json
02:46:37.299 [setUp@1] DEBUG c.b.monitoring.PerformanceTester - Failed to append key metrics to file C:\Users\Mylaptop\Desktop\Project2plzzzz\logs\key-metrics.json
02:46:37.299 [setUp@1] DEBUG c.b.monitoring.PerformanceTester - Failed to append key metrics to file C:\Users\Mylaptop\Desktop\Project2plzzzz\logs\key-metrics.json
02:46:37.303 [setUp@1] DEBUG c.browserstack.utils.UtilityMethods - [Patch]: SDK enabled, patching remote server
02:46:49.314 [setUp@1] DEBUG c.b.utils.SeleniumMethodUtils - OPTIMAL HUB IS: hub-euw.browserstack.com
02:46:49.314 [setUp@1] DEBUG c.b.selenium.SeleniumHandler - afterDriverInit: requested
02:46:49.322 [setUp@1] DEBUG c.b.utils.SeleniumMethodUtils - getURLFromCommandExecutor: Getting Hub url from HttpCommandExecutor
02:46:49.322 [setUp@1] DEBUG c.b.utils.SeleniumMethodUtils - getURLFromCommandExecutor: Found url: https://hub-euw.browserstack.com/wd/hub
02:46:49.322 [setUp@1] DEBUG c.b.utils.SeleniumMethodUtils - getURLFromCommandExecutor: Getting Hub url from HttpCommandExecutor
02:46:49.322 [setUp@1] DEBUG c.b.utils.SeleniumMethodUtils - getURLFromCommandExecutor: Found url: https://hub-euw.browserstack.com/wd/hub
02:46:49.331 [setUp@1] DEBUG c.b.monitoring.PerformanceTester - Failed to append key metrics to file C:\Users\Mylaptop\Desktop\Project2plzzzz\logs\key-metrics.json
02:46:49.335 [Forwarding setTimeout on session fbcd6f3256d3f5eeaa2d11a8b381346383baaa35 to remote] DEBUG c.browserstack.utils.UtilityMethods - [Error]java.lang.IllegalAccessError: Update to non-static final field org.openqa.selenium.remote.HttpCommandExecutor.client attempted from a different method (execute) than the initializer method <init> 
	at org.openqa.selenium.remote.HttpCommandExecutor.execute(HttpCommandExecutor.java)
	at org.openqa.selenium.remote.RemoteWebDriver.execute(RemoteWebDriver.java:519)
	at org.openqa.selenium.remote.RemoteWebDriver$RemoteWebDriverOptions$RemoteTimeouts.implicitlyWait(RemoteWebDriver.java:934)
	at BaseTest.BrowserStackTest.setUp(BrowserStackTest.java:62)
	at java.base/jdk.internal.reflect.DirectMethodHandleAccessor.invoke(DirectMethodHandleAccessor.java:103)
	at java.base/java.lang.reflect.Method.invoke(Method.java:580)
	at org.testng.internal.invokers.MethodInvocationHelper.invokeMethod(MethodInvocationHelper.java:135)
	at org.testng.internal.invokers.MethodInvocationHelper.invokeMethodConsideringTimeout(MethodInvocationHelper.java:65)
	at org.testng.internal.invokers.ConfigInvoker.invokeConfigurationMethod(ConfigInvoker.java:381)
	at org.testng.internal.invokers.ConfigInvoker.invokeConfigurations(ConfigInvoker.java:319)
	at org.testng.internal.invokers.TestInvoker.runConfigMethods(TestInvoker.java:803)
	at org.testng.internal.invokers.TestInvoker.invokeMethod(TestInvoker.java:589)
	at org.testng.internal.invokers.TestInvoker.invokeTestMethod(TestInvoker.java:220)
	at org.testng.internal.invokers.MethodRunner.runInSequence(MethodRunner.java:50)
	at org.testng.internal.invokers.TestInvoker$MethodInvocationAgent.invoke(TestInvoker.java:945)
	at org.testng.internal.invokers.TestInvoker.invokeTestMethods(TestInvoker.java:193)
	at org.testng.internal.invokers.TestMethodWorker.invokeTestMethods(TestMethodWorker.java:146)
	at org.testng.internal.invokers.TestMethodWorker.run(TestMethodWorker.java:128)
	at java.base/java.util.ArrayList.forEach(ArrayList.java:1597)
	at org.testng.TestRunner.privateRun(TestRunner.java:808)
	at org.testng.TestRunner.run(TestRunner.java:603)
	at org.testng.SuiteRunner.runTest(SuiteRunner.java:429)
	at org.testng.SuiteRunner.access$000(SuiteRunner.java:32)
	at org.testng.SuiteRunner$SuiteWorker.run(SuiteRunner.java:467)
	at org.testng.internal.thread.ThreadUtil.lambda$execute$0(ThreadUtil.java:58)
	at java.base/java.util.concurrent.FutureTask.run(FutureTask.java:317)
	at java.base/java.util.concurrent.ThreadPoolExecutor.runWorker(ThreadPoolExecutor.java:1144)
	at java.base/java.util.concurrent.ThreadPoolExecutor$Worker.run(ThreadPoolExecutor.java:642)
	at java.base/java.lang.Thread.run(Thread.java:1575)

02:47:03.747 [logOutTest@1] DEBUG c.b.monitoring.PerformanceTester - Failed to append key metrics to file C:\Users\Mylaptop\Desktop\Project2plzzzz\logs\key-metrics.json
02:47:03.748 [logOutTest@1] DEBUG c.b.testNgListeners.TestNGUtils - [populateTestDataForBSTestOps] Event Type :: TestRunFinished, Test ClassName :: Saucedemo.LoginTestBrowserStack 
02:47:03.748 [logOutTest@1] DEBUG c.browserstack.utils.UtilityMethods - [findFileMatcher] Current Path is :: C:\Users\Mylaptop\Desktop\Project2plzzzz, TestClass :: Saucedemo\LoginTestBrowserStack
02:47:03.802 [logOutTest@1] DEBUG c.b.testNgListeners.TestNGUtils - [populateTestDataForBSTestOps] The filename fetched :: C:\Users\Mylaptop\Desktop\Project2plzzzz\src\test\java\Saucedemo\LoginTestBrowserStack.java, fileSeparator :: \, AbsolutePath :: C:\Users\Mylaptop\Desktop\Project2plzzzz\., Normalized Path :: C:\Users\Mylaptop\Desktop\Project2plzzzz, File.Separator :: \
02:47:03.803 [logOutTest@1] DEBUG c.b.testNgListeners.TestNGUtils - [populateTestDataForBSTestOps] Replaced File Name is :: Project2plzzzz\src\test\java\Saucedemo\LoginTestBrowserStack.java, Absolute Path :: C:\Users\Mylaptop\Desktop\Project2plzzzz\.., Normalized Path :: C:\Users\Mylaptop\Desktop 
02:47:03.835 [logOutTest@1] DEBUG c.b.utils.SeleniumMethodUtils - getURLFromCommandExecutor: Getting Hub url from HttpCommandExecutor
02:47:03.835 [logOutTest@1] DEBUG c.b.utils.SeleniumMethodUtils - getURLFromCommandExecutor: Found url: https://hub-euw.browserstack.com/wd/hub
02:47:03.835 [logOutTest@1] DEBUG c.b.utils.SeleniumMethodUtils - getURLFromCommandExecutor: Getting Hub url from HttpCommandExecutor
02:47:03.835 [logOutTest@1] DEBUG c.b.utils.SeleniumMethodUtils - getURLFromCommandExecutor: Found url: https://hub-euw.browserstack.com/wd/hub
02:47:03.850 [logOutTest@1] DEBUG c.b.monitoring.PerformanceTester - Failed to append key metrics to file C:\Users\Mylaptop\Desktop\Project2plzzzz\logs\key-metrics.json
02:47:03.953 [logOutTest@1] DEBUG c.b.monitoring.PerformanceTester - Failed to append key metrics to file C:\Users\Mylaptop\Desktop\Project2plzzzz\logs\key-metrics.json
02:47:03.954 [logOutTest@1] DEBUG c.b.monitoring.PerformanceTester - Failed to append key metrics to file C:\Users\Mylaptop\Desktop\Project2plzzzz\logs\key-metrics.json
02:47:04.232 [tearDown@1] DEBUG c.b.monitoring.PerformanceTester - Failed to append key metrics to file C:\Users\Mylaptop\Desktop\Project2plzzzz\logs\key-metrics.json
02:47:04.564 [tearDown@1] DEBUG c.b.monitoring.PerformanceTester - Failed to append key metrics to file C:\Users\Mylaptop\Desktop\Project2plzzzz\logs\key-metrics.json
02:47:04.651 [tearDown@1] DEBUG c.b.monitoring.PerformanceTester - Failed to append key metrics to file C:\Users\Mylaptop\Desktop\Project2plzzzz\logs\key-metrics.json
02:47:04.652 [tearDown@1] DEBUG c.b.monitoring.PerformanceTester - Failed to append key metrics to file C:\Users\Mylaptop\Desktop\Project2plzzzz\logs\key-metrics.json
02:47:04.654 [tearDown@1] DEBUG c.b.monitoring.PerformanceTester - Failed to append key metrics to file C:\Users\Mylaptop\Desktop\Project2plzzzz\logs\key-metrics.json
02:47:05.742 [tearDown@1] DEBUG c.b.utils.FrameworkDetectionUtils - Couldn't find dependency class: appium
02:47:05.742 [tearDown@1] DEBUG com.browserstack.testOps.UsageStats - getFormattedData: Collecting data for TestObservability
02:47:05.774 [tearDown@1] DEBUG c.b.utils.FunnelInstrumentation - Sending funnel data for SDKTestSuccessful with data: {"event_type":"SDKTestSuccessful","accessKey":"PQ6wNsygb77eCxSVxbcZ","userName":"floraayvazyan_72kWsC","event_properties":{"isPercyAutoEnabled":false,"language":"java","sdkRunId":"5107bd85-c105-4101-bf5b-a40b09897ea0","buildIdentifier":"#18","testhub_uuid":"bj6z34yizzdyvvyecs4iuocmvklounaupttiyjek","detectedAppiumVersion":"null","productMap":{"app_automate":false,"accessibility":false,"automate":true,"percy":false,"observability":false,"turboscale":false},"hostname":"DESKTOP-7TGF0Q2","measures":{"sdk:driver:quit":51.68,"sdk:testhub":457.6790000014007,"sdk:automate:session-name":314.44,"sdk:driver:post-initialization":10.29,"sdk:hook":5.01,"sdk:automate:idle-timeout":4.42,"sdk:automate:hub-management":3670.928300000727,"sdk:driver:pre-initialization":5.36,"sdk:automate:session-status":223.54,"sdk:setup":13864.848799999803,"sdk:pre-test":3.7700999975204468,"sdk:o11y:sync":64.87,"sdk:automate:session-annotation":90.55},"productUsage":{"testObservability":{"buildHashedId":"bj6z34yizzdyvvyecs4iuocmvklounaupttiyjek","manuallySet":false,"enabled":false}},"browserStackConfig":{"browserstackLocal":true,"percy":false,"logLevel":"info","staticWebDriver":true,"autoDetectFramework":true,"percyCaptureMode":"MANUAL","browserStackLocalOptions":{"localIdentifier":"11_Jan_245_DESKTOP_7TGF0Q2_9AxO","key":"****"},"percyOptions":null,"testContextOptions":{"skipSessionName":false,"skipSessionStatus":false,"serenityOverridePlugin":false},"platforms":[{"os":"Windows","browser":"Chrome","device":null,"browserVersion":"latest","osVersion":"11","platformCaps":{"os":"Windows","osVersion":11,"browserVersion":"latest","browserName":"Chrome"},"capabilities":{},"platformString":"Windows, 11, Chrome, latest","customVariables":"****"},{"os":"Windows","browser":"Edge","device":null,"browserVersion":"131.0","osVersion":"11","platformCaps":{"os":"Windows","osVersion":11,"browserVersion":131.0,"browserName":"Edge"},"capabilities":{},"platformString":"Windows, 11, Edge, 131.0","customVariables":"****"}],"parallelsPerPlatform":1,"framework":"selenide-testng","accessibility":false,"accessibilityOptions":{},"turboScaleOptions":{},"disableAutoCaptureLogs":true,"testObservability":true,"browserstackAutomation":true,"turboScale":false,"testObservabilityOptions":{},"gradleMConfig":null,"proxySettings":null},"percyBuildId":null,"product":"[automate]","buildName":"browserstack-build-1","os":"Windows 11","languageVersion":"23.0.1","appiumVersion":"","frameworkDetectionInstrumentation":{"parseLoadClass":7,"ret-org.openqa.selenium.remote.RemoteWebDriver":878,"retransformClasses":878,"parseDependencies":39},"userFramework":"selenide-testng","detectedDependencies":"selenide, testng","referrer":"selenide-testng-javaagent\/1.29.3","locationTrigger":"onFinish","accessibilityConfiguration":{"pollingTimeout":30},"language_framework":"java_selenide-testng","detectedFramework":"selenide-testng","testOrchestration":{"abortBuildOnFailure":{"enabled":false},"retryTestsOnFailure":{"enabled":false},"userConfig":{}},"detectedSeleniumVersion":"4.18.1","seleniumVersion":"4.18.1"}}
02:47:06.109 [tearDown@1] DEBUG c.b.utils.FunnelInstrumentation - API Event SDKTestSuccessful, response: {"message":"SDK Event recorded successfully"}
02:47:06.111 [tearDown@1] DEBUG c.b.monitoring.PerformanceTester - Failed to append key metrics to file C:\Users\Mylaptop\Desktop\Project2plzzzz\logs\key-metrics.json
02:47:06.111 [tearDown@1] DEBUG c.browserstack.utils.LogReportingAPI - sendSync failed - driver not alive
02:47:06.113 [tearDown@1] DEBUG c.b.monitoring.PerformanceTester - Failed to append key metrics to file C:\Users\Mylaptop\Desktop\Project2plzzzz\logs\key-metrics.json
02:47:06.115 [tearDown@1] DEBUG c.b.monitoring.PerformanceTester - Failed to append key metrics to file C:\Users\Mylaptop\Desktop\Project2plzzzz\logs\key-metrics.json
02:47:06.118 [tearDown@1] DEBUG c.b.monitoring.PerformanceTester - Failed to append key metrics to file C:\Users\Mylaptop\Desktop\Project2plzzzz\logs\key-metrics.json
02:47:06.130 [main] DEBUG c.b.monitoring.PerformanceTester - Failed to append key metrics to file C:\Users\Mylaptop\Desktop\Project2plzzzz\logs\key-metrics.json
02:47:06.147 [Thread-0] DEBUG c.browserstack.BrowserStackJavaAgent - Starting final execution
02:47:06.148 [Thread-0] DEBUG c.b.u.ObservabilityUtilityMethods - Processing batch requests with type: Global
02:47:06.152 [Thread-0] DEBUG c.browserstack.testOps.RequestUtils - [ TESTHUB ] Processing Request Kind stopBuildUpstream
02:47:06.153 [Thread-0] DEBUG c.browserstack.testOps.RequestUtils - [requestToTestOps] Sending Observability request: PUT api/v1/builds/bj6z34yizzdyvvyecs4iuocmvklounaupttiyjek/stop with request size 65
02:47:06.153 [Thread-0] DEBUG c.browserstack.testOps.RequestUtils - [makeRequest] Sending request: PUT https://collector-observability.browserstack.com/api/v1/builds/bj6z34yizzdyvvyecs4iuocmvklounaupttiyjek/stop with request size 65
02:47:07.038 [Thread-0] DEBUG c.browserstack.testOps.RequestUtils - [makeRequest]: Response code: 401
02:47:07.038 [Thread-0] DEBUG c.browserstack.testOps.RequestUtils - requestToTestOps: Response code: 401
02:47:07.038 [Thread-0] DEBUG c.browserstack.testOps.RequestUtils - [OBSERVABILITY] Non-200 Response 401 with error 
02:47:07.039 [Thread-0] DEBUG c.browserstack.utils.LogReportingAPI - Observability Stop request failed. Retrying.. Exception: com.browserstack.testOps.RequestException: Non 200 response
	at com.browserstack.testOps.RequestException.non200(Unknown Source)
	at com.browserstack.testOps.RequestUtils.requestToTestOps(Unknown Source)
	at com.browserstack.testOps.RequestUtils.requestToTestOpsString(Unknown Source)
	at com.browserstack.testOps.RequestUtils.stop(Unknown Source)
	at com.browserstack.testOps.Listener.a(Unknown Source)
	at com.browserstack.testOps.Listener.a(Unknown Source)
	at com.browserstack.testOps.Listener.onComplete(Unknown Source)
	at java.base/jdk.internal.reflect.DirectMethodHandleAccessor.invoke(DirectMethodHandleAccessor.java:103)
	at java.base/java.lang.reflect.Method.invoke(Method.java:580)
	at com.browserstack.utils.ConditionalInvocationHandler.invoke(Unknown Source)
	at jdk.proxy2/jdk.proxy2.$Proxy8.onComplete(Unknown Source)
	at com.browserstack.BrowserStackJavaAgent$FinalExecution.a(Unknown Source)
	at com.browserstack.BrowserStackJavaAgent$FinalExecution.a(Unknown Source)
	at com.browserstack.BrowserStackJavaAgent$FinalExecution.run(Unknown Source)

02:47:07.656 [Thread-0] DEBUG c.b.utils.FunnelInstrumentation - API Event Observability_Crash_Report_Upload, response: OK
02:47:07.656 [Thread-0] DEBUG c.browserstack.testOps.RequestUtils - [requestToTestOps] Sending Observability request: PUT api/v1/builds/bj6z34yizzdyvvyecs4iuocmvklounaupttiyjek/stop with request size 65
02:47:07.657 [Thread-0] DEBUG c.browserstack.testOps.RequestUtils - [makeRequest] Sending request: PUT https://collector-observability.browserstack.com/api/v1/builds/bj6z34yizzdyvvyecs4iuocmvklounaupttiyjek/stop with request size 65
02:47:07.860 [Thread-0] DEBUG c.browserstack.testOps.RequestUtils - [makeRequest]: Response code: 401
02:47:07.861 [Thread-0] DEBUG c.browserstack.testOps.RequestUtils - requestToTestOps: Response code: 401
02:47:07.861 [Thread-0] DEBUG c.browserstack.testOps.RequestUtils - [OBSERVABILITY] Non-200 Response 401 with error 
02:47:07.861 [Thread-0] DEBUG c.browserstack.utils.LogReportingAPI - 
[2025-01-10T22:47:07.861070100Z][ TESTHUB ] Exception in stop build request : com.browserstack.testOps.RequestException: Non 200 response
	at com.browserstack.testOps.RequestException.non200(Unknown Source)
	at com.browserstack.testOps.RequestUtils.requestToTestOps(Unknown Source)
	at com.browserstack.testOps.RequestUtils.requestToTestOpsString(Unknown Source)
	at com.browserstack.testOps.RequestUtils.stop(Unknown Source)
	at com.browserstack.testOps.Listener.a(Unknown Source)
	at com.browserstack.testOps.Listener.a(Unknown Source)
	at com.browserstack.testOps.Listener.onComplete(Unknown Source)
	at java.base/jdk.internal.reflect.DirectMethodHandleAccessor.invoke(DirectMethodHandleAccessor.java:103)
	at java.base/java.lang.reflect.Method.invoke(Method.java:580)
	at com.browserstack.utils.ConditionalInvocationHandler.invoke(Unknown Source)
	at jdk.proxy2/jdk.proxy2.$Proxy8.onComplete(Unknown Source)
	at com.browserstack.BrowserStackJavaAgent$FinalExecution.a(Unknown Source)
	at com.browserstack.BrowserStackJavaAgent$FinalExecution.a(Unknown Source)
	at com.browserstack.BrowserStackJavaAgent$FinalExecution.run(Unknown Source)


02:47:08.477 [Thread-0] DEBUG c.b.utils.FunnelInstrumentation - API Event Observability_Crash_Report_Upload, response: OK
02:47:08.479 [Thread-0] DEBUG c.b.monitoring.PerformanceTester - Failed to append key metrics to file C:\Users\Mylaptop\Desktop\Project2plzzzz\logs\key-metrics.json
02:47:11.892 [Thread-0] DEBUG c.b.monitoring.PerformanceTester - Failed to append key metrics to file C:\Users\Mylaptop\Desktop\Project2plzzzz\logs\key-metrics.json
02:47:11.909 [Thread-0] DEBUG c.b.utils.FrameworkDetectionUtils - Couldn't find dependency class: appium
02:47:11.910 [Thread-0] DEBUG com.browserstack.testOps.UsageStats - getFormattedData: Collecting data for TestObservability
02:47:11.928 [Thread-0] DEBUG c.b.utils.FunnelInstrumentation - Sending funnel data for SDKTestSuccessful with data: {"event_type":"SDKTestSuccessful","accessKey":"PQ6wNsygb77eCxSVxbcZ","userName":"floraayvazyan_72kWsC","event_properties":{"isPercyAutoEnabled":false,"language":"java","sdkRunId":"5107bd85-c105-4101-bf5b-a40b09897ea0","buildIdentifier":"#18","testhub_uuid":"bj6z34yizzdyvvyecs4iuocmvklounaupttiyjek","detectedAppiumVersion":"null","productMap":{"app_automate":false,"accessibility":false,"automate":true,"percy":false,"observability":false,"turboscale":false},"hostname":"DESKTOP-7TGF0Q2","measures":{"sdk:driver:quit":47.55,"sdk:testhub":457.6790000014007,"sdk:post-test":0.16950000077486038,"sdk:automate:session-name":314.44,"sdk:driver:post-initialization":10.29,"sdk:o11y:print-buildlink":2330.2276000007987,"sdk:hook":5.01,"sdk:automate:idle-timeout":4.71,"sdk:automate:local":111700.39159999788,"sdk:automate:hub-management":3670.928300000727,"sdk:driver:pre-initialization":5.36,"sdk:automate:session-status":204.91,"sdk:setup":13864.848799999803,"sdk:pre-test":3.7700999975204468,"sdk:o11y:sync":61.27,"sdk:automate:session-annotation":90.55},"productUsage":{"testObservability":{"buildHashedId":"bj6z34yizzdyvvyecs4iuocmvklounaupttiyjek","manuallySet":false,"enabled":false}},"browserStackConfig":{"browserstackLocal":true,"percy":false,"logLevel":"info","staticWebDriver":true,"autoDetectFramework":true,"percyCaptureMode":"MANUAL","browserStackLocalOptions":{"localIdentifier":"11_Jan_245_DESKTOP_7TGF0Q2_9AxO","key":"****"},"percyOptions":null,"testContextOptions":{"skipSessionName":false,"skipSessionStatus":false,"serenityOverridePlugin":false},"platforms":[{"os":"Windows","browser":"Chrome","device":null,"browserVersion":"latest","osVersion":"11","platformCaps":{"os":"Windows","osVersion":11,"browserVersion":"latest","browserName":"Chrome"},"capabilities":{},"platformString":"Windows, 11, Chrome, latest","customVariables":"****"},{"os":"Windows","browser":"Edge","device":null,"browserVersion":"131.0","osVersion":"11","platformCaps":{"os":"Windows","osVersion":11,"browserVersion":131.0,"browserName":"Edge"},"capabilities":{},"platformString":"Windows, 11, Edge, 131.0","customVariables":"****"}],"parallelsPerPlatform":1,"framework":"selenide-testng","accessibility":false,"accessibilityOptions":{},"turboScaleOptions":{},"disableAutoCaptureLogs":true,"testObservability":true,"browserstackAutomation":true,"turboScale":false,"testObservabilityOptions":{},"gradleMConfig":null,"proxySettings":null},"percyBuildId":null,"product":"[automate]","buildName":"browserstack-build-1","os":"Windows 11","languageVersion":"23.0.1","appiumVersion":"","frameworkDetectionInstrumentation":{"parseLoadClass":7,"ret-org.openqa.selenium.remote.RemoteWebDriver":878,"retransformClasses":878,"parseDependencies":39},"userFramework":"selenide-testng","detectedDependencies":"selenide, testng","referrer":"selenide-testng-javaagent\/1.29.3","locationTrigger":"BSTACK_BUILD_END","accessibilityConfiguration":{"pollingTimeout":30},"language_framework":"java_selenide-testng","detectedFramework":"selenide-testng","testOrchestration":{"abortBuildOnFailure":{"enabled":false},"retryTestsOnFailure":{"enabled":false},"userConfig":{}},"detectedSeleniumVersion":"4.18.1","seleniumVersion":"4.18.1"}}
02:47:12.156 [Thread-0] DEBUG c.b.utils.FunnelInstrumentation - API Event SDKTestSuccessful, response: {"message":"SDK Event recorded successfully"}
02:47:13.468 [Thread-0] DEBUG c.b.monitoring.PerformanceTester - Failed to append key metrics to file C:\Users\Mylaptop\Desktop\Project2plzzzz\logs\key-metrics.json
02:47:13.469 [Thread-0] DEBUG c.browserstack.utils.UtilityMethods - Browserstack Gradle Config File does not exist.
02:47:13.806 [Thread-0] DEBUG c.b.monitoring.PerformanceTester - Failed to append key metrics to file C:\Users\Mylaptop\Desktop\Project2plzzzz\logs\key-metrics.json
02:47:13.806 [Thread-0] DEBUG c.browserstack.utils.UtilityMethods - Server side buildName(browserstack-build-1  18) is not same as client side buildName(browserstack-build-1 #18)
02:47:13.808 [Thread-0] DEBUG c.b.monitoring.PerformanceTester - Failed to append key metrics to file C:\Users\Mylaptop\Desktop\Project2plzzzz\logs\key-metrics.json
02:47:13.809 [Thread-0] DEBUG c.b.monitoring.PerformanceTester - Failed to append key metrics to file C:\Users\Mylaptop\Desktop\Project2plzzzz\logs\key-metrics.json
02:47:13.810 [Thread-0] DEBUG c.b.monitoring.PerformanceTester - Failed to append key metrics to file C:\Users\Mylaptop\Desktop\Project2plzzzz\logs\key-metrics.json
02:47:13.811 [Thread-0] DEBUG c.b.monitoring.PerformanceTester - Failed to append key metrics to file C:\Users\Mylaptop\Desktop\Project2plzzzz\logs\key-metrics.json
02:47:13.811 [Thread-0] DEBUG c.b.monitoring.PerformanceTester - Failed to append key metrics to file C:\Users\Mylaptop\Desktop\Project2plzzzz\logs\key-metrics.json
02:47:13.812 [Thread-0] DEBUG c.b.monitoring.PerformanceTester - Failed to append key metrics to file C:\Users\Mylaptop\Desktop\Project2plzzzz\logs\key-metrics.json
02:47:13.831 [Thread-0] DEBUG c.browserstack.testOps.RequestUtils - [makeRequest] Sending request: POST https://eds.browserstack.com/send_sdk_events with request size 641
02:47:14.852 [Thread-0] DEBUG c.browserstack.testOps.RequestUtils - [makeRequest]: Response code: 200
02:47:14.853 [Thread-0] DEBUG c.b.monitoring.PerformanceTester - Data sent successfully to https://eds.browserstack.com with status 200 {"event_type":"sdk_events","data":{"created_day":"2025-01-10T22:47:13.000828 +0000","event_name":"SDKFeaturePerformance","event_json":"{measures=[{\"duration\":3670.928300000727,\"eventName\":\"sdk:automate:hub-management\",\"startTime\":2.52225646696E7,\"success\":true,\"worker\":1,\"failure\":null,\"details\":null,\"entryType\":\"measure\",\"platform\":0,\"command\":null,\"testName\":null,\"hookType\":\"\"}]}","user_data":"floraayvazyan_72kWsC","testhub_uuid":"bj6z34yizzdyvvyecs4iuocmvklounaupttiyjek","host_info":"{\"hostname\":\"DESKTOP-7TGF0Q2\",\"arch\":\"amd64\",\"type\":null,\"version\":\"10.0\",\"platform\":\"Windows 11\"}"}} {Content-Type=application/json}
02:47:24.997 [main] DEBUG c.b.config.BrowserStackConfig - Cli Config passed - {}
02:47:25.572 [main] DEBUG c.b.logger.BrowserstackLoggerFactory - Log Level set to TRACE for logger com.browserstack
02:47:25.572 [main] DEBUG c.b.logger.BrowserstackLoggerFactory - Log Level set to INFO for logger stdoutPrinter
02:47:26.100 [main] DEBUG c.b.utils.FrameworkDetectionUtils - Java command - com.intellij.rt.testng.RemoteTestNGStarter -usedefaultlisteners false -socket60974 @w@C:\Users\Mylaptop\AppData\Local\Temp\idea_working_dirs_testng.tmp -temp C:\Users\Mylaptop\AppData\Local\Temp\idea_testng.tmp
02:47:26.100 [main] DEBUG c.b.utils.FrameworkDetectionUtils - Test classes detected: 
02:47:26.113 [main] DEBUG c.b.utils.FrameworkDetectionUtils - Runner: testng, Engine: none
02:47:26.160 [main] DEBUG c.b.utils.FrameworkDetectionUtils - Runner: testng, Engine: selenide from dependencies
02:47:26.160 [main] DEBUG c.b.utils.FrameworkDetectionUtils - Detected final framework as: selenide-testng
02:47:26.160 [main] DEBUG c.browserstack.BrowserStackJavaAgent - JavaAgent Version 1.29.3
02:47:26.175 [main] DEBUG c.b.utils.ExitSignalHandler - Registered handler for INT
02:47:26.175 [main] DEBUG c.b.utils.ExitSignalHandler - Registered handler for TERM
02:47:26.175 [main] DEBUG c.b.utils.ExitSignalHandler - Unable to attach signal handler for HUP Unknown signal: HUP
02:47:26.175 [main] DEBUG c.b.utils.ExitSignalHandler - Registered handler for ABRT
02:47:27.192 [Thread-1] DEBUG c.browserstack.utils.UtilityMethods - NEXT HUBS ARE: ["hub-euw.browserstack.com","hub-use.browserstack.com","hub-aps.browserstack.com"]
02:47:27.692 [main] DEBUG c.browserstack.utils.UtilityMethods - EXECUTION TIME OF hub-euw.browserstack.com HUB IS: 495ms
02:47:28.938 [main] DEBUG c.browserstack.utils.UtilityMethods - EXECUTION TIME OF hub-use.browserstack.com HUB IS: 1238ms
02:47:30.332 [main] DEBUG c.browserstack.utils.UtilityMethods - EXECUTION TIME OF hub-aps.browserstack.com HUB IS: 1391ms
02:47:30.335 [main] DEBUG c.browserstack.utils.UtilityMethods - NEAREST HUB ALLOCATED IS - hub-euw.browserstack.com
02:47:30.529 [main] DEBUG c.b.utils.FrameworkDetectionUtils - Couldn't find dependency class: appium
02:47:30.531 [main] DEBUG c.b.utils.FunnelInstrumentation - Sending funnel data for SDKTestAttempted with data: {"event_type":"SDKTestAttempted","accessKey":"PQ6wNsygb77eCxSVxbcZ","userName":"floraayvazyan_72kWsC","event_properties":{"product":"[automate]","buildName":"browserstack-build-1","os":"Windows 11","languageVersion":"23.0.1","appiumVersion":"","frameworkDetectionInstrumentation":{"parseLoadClass":8,"parseDependencies":47},"language":"java","sdkRunId":"af459f3b-49e3-4a5a-97ef-9730a1d9846b","buildIdentifier":"#19","userFramework":"selenide-testng","testhub_uuid":"","detectedAppiumVersion":"null","detectedDependencies":"selenide, testng","productMap":{"app_automate":false,"accessibility":false,"automate":true,"percy":false,"observability":false,"turboscale":false},"referrer":"selenide-testng-javaagent\/1.29.3","hostname":"DESKTOP-7TGF0Q2","language_framework":"java_selenide-testng","detectedFramework":"selenide-testng","detectedSeleniumVersion":"4.18.1","seleniumVersion":"4.18.1"}}
02:47:31.208 [main] DEBUG c.b.utils.FunnelInstrumentation - API Event SDKTestAttempted, response: {"message":"SDK Event recorded successfully"}
02:47:31.788 [main] DEBUG c.b.monitoring.PerformanceTester - Failed to append key metrics to file C:\Users\Mylaptop\Desktop\Project2plzzzz\logs\key-metrics.json
02:47:31.788 [main] DEBUG c.browserstack.testOps.RequestUtils - [ TESTHUB ] Processing Request Kind launchTestSession
02:47:31.788 [main] DEBUG c.browserstack.testOps.RequestUtils - [requestToTestOps] Sending Observability request: POST api/v2/builds with request size 1246
02:47:31.788 [main] DEBUG c.browserstack.testOps.RequestUtils - [makeRequest] Sending request: POST https://collector-observability.browserstack.com/api/v2/builds with request size 1246
02:47:32.410 [main] DEBUG c.browserstack.testOps.RequestUtils - [makeRequest]: Response code: 200
02:47:32.410 [main] DEBUG c.browserstack.testOps.RequestUtils - requestToTestOps: Response code: 200
02:47:32.412 [main] DEBUG com.browserstack.testOps.Listener - BROWSERSTACK_TESTHUB_UUID : n8txcxkq28vr6eixhc2xecvu8sw4oltmotnpmjls
02:47:32.422 [main] DEBUG com.browserstack.testOps.Listener - [ TESTHUB ] Build creation successfull
02:47:32.434 [main] DEBUG com.browserstack.LocalFactory - Starting BrowserStack Local with identifier 11_Jan_247_DESKTOP_7TGF0Q2_WXuu
02:47:38.656 [main] DEBUG c.b.monitoring.PerformanceTester - Failed to append key metrics to file C:\Users\Mylaptop\Desktop\Project2plzzzz\logs\key-metrics.json
02:47:40.570 [main] DEBUG c.b.t.XMLSuiteClassListener - Number of parallels - 2 and number of platforms - 2
02:47:42.920 [main] DEBUG c.browserstack.utils.LogReportingAPI - [2025-01-10T22:47:42.920162200Z][ OBSERVABILITY ] Processing Logs patching stream
02:47:42.925 [main] DEBUG c.b.monitoring.PerformanceTester - Failed to append key metrics to file C:\Users\Mylaptop\Desktop\Project2plzzzz\logs\key-metrics.json
02:47:43.891 [setUp@1] DEBUG c.browserstack.utils.UtilityMethods - [Patch]: SDK enabled, patching remote server
02:47:43.891 [setUp@0] DEBUG c.browserstack.utils.UtilityMethods - [Patch]: SDK enabled, patching remote server
02:47:43.898 [setUp@1] DEBUG c.b.selenium.SeleniumHandler - beforeDriverInit: SDK enabled. Thread ID: 64
02:47:43.898 [setUp@0] DEBUG c.b.selenium.SeleniumHandler - beforeDriverInit: SDK enabled. Thread ID: 63
02:47:43.900 [setUp@0] DEBUG c.b.monitoring.PerformanceTester - Failed to append key metrics to file C:\Users\Mylaptop\Desktop\Project2plzzzz\logs\key-metrics.json
02:47:43.900 [setUp@1] DEBUG c.b.monitoring.PerformanceTester - Failed to append key metrics to file C:\Users\Mylaptop\Desktop\Project2plzzzz\logs\key-metrics.json
02:47:43.904 [setUp@0] DEBUG c.browserstack.utils.UtilityMethods - [Patch]: SDK enabled, patching remote server
02:47:43.904 [setUp@1] DEBUG c.browserstack.utils.UtilityMethods - [Patch]: SDK enabled, patching remote server
02:47:51.548 [setUp@0] DEBUG c.b.utils.SeleniumMethodUtils - OPTIMAL HUB IS: hub-euw.browserstack.com
02:47:51.548 [setUp@0] DEBUG c.b.selenium.SeleniumHandler - afterDriverInit: requested
02:47:51.552 [setUp@0] DEBUG c.b.utils.SeleniumMethodUtils - getURLFromCommandExecutor: Getting Hub url from HttpCommandExecutor
02:47:51.553 [setUp@0] DEBUG c.b.utils.SeleniumMethodUtils - getURLFromCommandExecutor: Found url: https://hub-euw.browserstack.com/wd/hub
02:47:51.553 [setUp@0] DEBUG c.b.monitoring.PerformanceTester - Failed to append key metrics to file C:\Users\Mylaptop\Desktop\Project2plzzzz\logs\key-metrics.json
02:47:51.654 [Forwarding maximizeCurrentWindow on session c31e9579406cb3af4940243595e58985557c810e to remote] DEBUG c.browserstack.utils.UtilityMethods - [Error]java.lang.IllegalAccessError: Update to non-static final field org.openqa.selenium.remote.HttpCommandExecutor.client attempted from a different method (execute) than the initializer method <init> 
	at org.openqa.selenium.remote.HttpCommandExecutor.execute(HttpCommandExecutor.java)
	at org.openqa.selenium.remote.RemoteWebDriver.execute(RemoteWebDriver.java:519)
	at org.openqa.selenium.remote.RemoteWebDriver.execute(RemoteWebDriver.java:592)
	at org.openqa.selenium.remote.RemoteWebDriver.execute(RemoteWebDriver.java:596)
	at org.openqa.selenium.remote.RemoteWebDriver$RemoteWebDriverOptions$RemoteWindow.maximize(RemoteWebDriver.java:1035)
	at BaseTest.BaseTest.setUp(BaseTest.java:38)
	at java.base/jdk.internal.reflect.DirectMethodHandleAccessor.invoke(DirectMethodHandleAccessor.java:103)
	at java.base/java.lang.reflect.Method.invoke(Method.java:580)
	at org.testng.internal.invokers.MethodInvocationHelper.invokeMethod(MethodInvocationHelper.java:135)
	at org.testng.internal.invokers.MethodInvocationHelper.invokeMethodConsideringTimeout(MethodInvocationHelper.java:65)
	at org.testng.internal.invokers.ConfigInvoker.invokeConfigurationMethod(ConfigInvoker.java:381)
	at org.testng.internal.invokers.ConfigInvoker.invokeConfigurations(ConfigInvoker.java:319)
	at org.testng.TestRunner.invokeTestConfigurations(TestRunner.java:645)
	at org.testng.TestRunner.beforeRun(TestRunner.java:634)
	at org.testng.TestRunner.run(TestRunner.java:596)
	at org.testng.SuiteRunner.runTest(SuiteRunner.java:429)
	at org.testng.SuiteRunner.access$000(SuiteRunner.java:32)
	at org.testng.SuiteRunner$SuiteWorker.run(SuiteRunner.java:467)
	at org.testng.internal.thread.ThreadUtil.lambda$execute$0(ThreadUtil.java:58)
	at java.base/java.util.concurrent.FutureTask.run(FutureTask.java:317)
	at java.base/java.util.concurrent.ThreadPoolExecutor.runWorker(ThreadPoolExecutor.java:1144)
	at java.base/java.util.concurrent.ThreadPoolExecutor$Worker.run(ThreadPoolExecutor.java:642)
	at java.base/java.lang.Thread.run(Thread.java:1575)

02:47:56.325 [setUp@1] DEBUG c.b.utils.SeleniumMethodUtils - OPTIMAL HUB IS: hub-euw.browserstack.com
02:47:56.328 [setUp@1] DEBUG c.b.selenium.SeleniumHandler - afterDriverInit: requested
02:47:56.329 [setUp@1] DEBUG c.b.utils.SeleniumMethodUtils - getURLFromCommandExecutor: Getting Hub url from HttpCommandExecutor
02:47:56.329 [setUp@1] DEBUG c.b.utils.SeleniumMethodUtils - getURLFromCommandExecutor: Found url: https://hub-euw.browserstack.com/wd/hub
02:47:56.330 [setUp@1] DEBUG c.b.monitoring.PerformanceTester - Failed to append key metrics to file C:\Users\Mylaptop\Desktop\Project2plzzzz\logs\key-metrics.json
02:47:56.337 [Forwarding maximizeCurrentWindow on session b36d7587ca94f32a271b68e7d9a3b84bbdb9e4f1 to remote] DEBUG c.browserstack.utils.UtilityMethods - [Error]java.lang.IllegalAccessError: Update to non-static final field org.openqa.selenium.remote.HttpCommandExecutor.client attempted from a different method (execute) than the initializer method <init> 
	at org.openqa.selenium.remote.HttpCommandExecutor.execute(HttpCommandExecutor.java)
	at org.openqa.selenium.remote.RemoteWebDriver.execute(RemoteWebDriver.java:519)
	at org.openqa.selenium.remote.RemoteWebDriver.execute(RemoteWebDriver.java:592)
	at org.openqa.selenium.remote.RemoteWebDriver.execute(RemoteWebDriver.java:596)
	at org.openqa.selenium.remote.RemoteWebDriver$RemoteWebDriverOptions$RemoteWindow.maximize(RemoteWebDriver.java:1035)
	at BaseTest.BaseTest.setUp(BaseTest.java:38)
	at java.base/jdk.internal.reflect.DirectMethodHandleAccessor.invoke(DirectMethodHandleAccessor.java:103)
	at java.base/java.lang.reflect.Method.invoke(Method.java:580)
	at org.testng.internal.invokers.MethodInvocationHelper.invokeMethod(MethodInvocationHelper.java:135)
	at org.testng.internal.invokers.MethodInvocationHelper.invokeMethodConsideringTimeout(MethodInvocationHelper.java:65)
	at org.testng.internal.invokers.ConfigInvoker.invokeConfigurationMethod(ConfigInvoker.java:381)
	at org.testng.internal.invokers.ConfigInvoker.invokeConfigurations(ConfigInvoker.java:319)
	at org.testng.TestRunner.invokeTestConfigurations(TestRunner.java:645)
	at org.testng.TestRunner.beforeRun(TestRunner.java:634)
	at org.testng.TestRunner.run(TestRunner.java:596)
	at org.testng.SuiteRunner.runTest(SuiteRunner.java:429)
	at org.testng.SuiteRunner.access$000(SuiteRunner.java:32)
	at org.testng.SuiteRunner$SuiteWorker.run(SuiteRunner.java:467)
	at org.testng.internal.thread.ThreadUtil.lambda$execute$0(ThreadUtil.java:58)
	at java.base/java.util.concurrent.FutureTask.run(FutureTask.java:317)
	at java.base/java.util.concurrent.ThreadPoolExecutor.runWorker(ThreadPoolExecutor.java:1144)
	at java.base/java.util.concurrent.ThreadPoolExecutor$Worker.run(ThreadPoolExecutor.java:642)
	at java.base/java.lang.Thread.run(Thread.java:1575)

02:47:59.026 [Thread-0] DEBUG c.browserstack.BrowserStackJavaAgent - Starting final execution
02:47:59.028 [Thread-0] DEBUG c.b.u.ObservabilityUtilityMethods - Processing batch requests with type: Global
02:47:59.031 [Thread-0] DEBUG c.browserstack.testOps.RequestUtils - [ TESTHUB ] Processing Request Kind stopBuildUpstream
02:47:59.031 [Thread-0] DEBUG c.browserstack.testOps.RequestUtils - [requestToTestOps] Sending Observability request: PUT api/v1/builds/n8txcxkq28vr6eixhc2xecvu8sw4oltmotnpmjls/stop with request size 107
02:47:59.031 [Thread-0] DEBUG c.browserstack.testOps.RequestUtils - [makeRequest] Sending request: PUT https://collector-observability.browserstack.com/api/v1/builds/n8txcxkq28vr6eixhc2xecvu8sw4oltmotnpmjls/stop with request size 107
02:47:59.269 [Thread-0] DEBUG c.browserstack.testOps.RequestUtils - [makeRequest]: Response code: 401
02:47:59.270 [Thread-0] DEBUG c.browserstack.testOps.RequestUtils - requestToTestOps: Response code: 401
02:47:59.270 [Thread-0] DEBUG c.browserstack.testOps.RequestUtils - [OBSERVABILITY] Non-200 Response 401 with error 
02:47:59.271 [Thread-0] DEBUG c.browserstack.utils.LogReportingAPI - Observability Stop request failed. Retrying.. Exception: com.browserstack.testOps.RequestException: Non 200 response
	at com.browserstack.testOps.RequestException.non200(Unknown Source)
	at com.browserstack.testOps.RequestUtils.requestToTestOps(Unknown Source)
	at com.browserstack.testOps.RequestUtils.requestToTestOpsString(Unknown Source)
	at com.browserstack.testOps.RequestUtils.stop(Unknown Source)
	at com.browserstack.testOps.Listener.a(Unknown Source)
	at com.browserstack.testOps.Listener.a(Unknown Source)
	at com.browserstack.testOps.Listener.onComplete(Unknown Source)
	at java.base/jdk.internal.reflect.DirectMethodHandleAccessor.invoke(DirectMethodHandleAccessor.java:103)
	at java.base/java.lang.reflect.Method.invoke(Method.java:580)
	at com.browserstack.utils.ConditionalInvocationHandler.invoke(Unknown Source)
	at jdk.proxy2/jdk.proxy2.$Proxy8.onComplete(Unknown Source)
	at com.browserstack.BrowserStackJavaAgent$FinalExecution.a(Unknown Source)
	at com.browserstack.BrowserStackJavaAgent$FinalExecution.a(Unknown Source)
	at com.browserstack.BrowserStackJavaAgent$FinalExecution.run(Unknown Source)

02:47:59.812 [Thread-0] DEBUG c.b.utils.FunnelInstrumentation - API Event Observability_Crash_Report_Upload, response: OK
02:47:59.812 [Thread-0] DEBUG c.browserstack.testOps.RequestUtils - [requestToTestOps] Sending Observability request: PUT api/v1/builds/n8txcxkq28vr6eixhc2xecvu8sw4oltmotnpmjls/stop with request size 107
02:47:59.812 [Thread-0] DEBUG c.browserstack.testOps.RequestUtils - [makeRequest] Sending request: PUT https://collector-observability.browserstack.com/api/v1/builds/n8txcxkq28vr6eixhc2xecvu8sw4oltmotnpmjls/stop with request size 107
02:47:59.968 [Thread-0] DEBUG c.browserstack.testOps.RequestUtils - [makeRequest]: Response code: 401
02:47:59.969 [Thread-0] DEBUG c.browserstack.testOps.RequestUtils - requestToTestOps: Response code: 401
02:47:59.969 [Thread-0] DEBUG c.browserstack.testOps.RequestUtils - [OBSERVABILITY] Non-200 Response 401 with error 
02:47:59.969 [Thread-0] DEBUG c.browserstack.utils.LogReportingAPI - 
[2025-01-10T22:47:59.969550300Z][ TESTHUB ] Exception in stop build request : com.browserstack.testOps.RequestException: Non 200 response
	at com.browserstack.testOps.RequestException.non200(Unknown Source)
	at com.browserstack.testOps.RequestUtils.requestToTestOps(Unknown Source)
	at com.browserstack.testOps.RequestUtils.requestToTestOpsString(Unknown Source)
	at com.browserstack.testOps.RequestUtils.stop(Unknown Source)
	at com.browserstack.testOps.Listener.a(Unknown Source)
	at com.browserstack.testOps.Listener.a(Unknown Source)
	at com.browserstack.testOps.Listener.onComplete(Unknown Source)
	at java.base/jdk.internal.reflect.DirectMethodHandleAccessor.invoke(DirectMethodHandleAccessor.java:103)
	at java.base/java.lang.reflect.Method.invoke(Method.java:580)
	at com.browserstack.utils.ConditionalInvocationHandler.invoke(Unknown Source)
	at jdk.proxy2/jdk.proxy2.$Proxy8.onComplete(Unknown Source)
	at com.browserstack.BrowserStackJavaAgent$FinalExecution.a(Unknown Source)
	at com.browserstack.BrowserStackJavaAgent$FinalExecution.a(Unknown Source)
	at com.browserstack.BrowserStackJavaAgent$FinalExecution.run(Unknown Source)


02:48:00.440 [Thread-0] DEBUG c.b.utils.FunnelInstrumentation - API Event Observability_Crash_Report_Upload, response: OK
02:48:00.441 [Thread-0] DEBUG c.b.monitoring.PerformanceTester - Failed to append key metrics to file C:\Users\Mylaptop\Desktop\Project2plzzzz\logs\key-metrics.json
02:48:16.146 [main] DEBUG c.b.monitoring.PerformanceTester - Failed to append key metrics to file C:\Users\Mylaptop\Desktop\Project2plzzzz\logs\key-metrics.json
02:49:17.592 [TestNG-tests-1] DEBUG c.b.utils.FunnelInstrumentation - Error in getting Product:
java.lang.NullPointerException: Cannot invoke "String.equalsIgnoreCase(String)" because the return value of "com.browserstack.config.BrowserStackConfig.getFramework()" is null
	at com.browserstack.utils.FunnelInstrumentation.a(Unknown Source)
	at java.base/java.util.stream.MatchOps$1MatchSink.accept(MatchOps.java:90)
	at java.base/java.util.Spliterators$ArraySpliterator.tryAdvance(Spliterators.java:1034)
	at java.base/java.util.stream.ReferencePipeline.forEachWithCancel(ReferencePipeline.java:147)
	at java.base/java.util.stream.AbstractPipeline.copyIntoWithCancel(AbstractPipeline.java:588)
	at java.base/java.util.stream.AbstractPipeline.copyInto(AbstractPipeline.java:574)
	at java.base/java.util.stream.AbstractPipeline.wrapAndCopyInto(AbstractPipeline.java:560)
	at java.base/java.util.stream.MatchOps$MatchOp.evaluateSequential(MatchOps.java:230)
	at java.base/java.util.stream.MatchOps$MatchOp.evaluateSequential(MatchOps.java:196)
	at java.base/java.util.stream.AbstractPipeline.evaluate(AbstractPipeline.java:265)
	at java.base/java.util.stream.ReferencePipeline.anyMatch(ReferencePipeline.java:672)
	at com.browserstack.utils.FunnelInstrumentation.getProducts(Unknown Source)
	at com.browserstack.utils.FunnelInstrumentation.createParamsForEvent(Unknown Source)
	at com.browserstack.utils.FunnelInstrumentation.sendSDKEvent(Unknown Source)
	at com.browserstack.testNgListeners.TmpSuiteListener.onFinish(Unknown Source)
	at org.testng.TestRunner.fireEvent(TestRunner.java:944)
	at org.testng.TestRunner.afterRun(TestRunner.java:903)
	at org.testng.TestRunner.run(TestRunner.java:606)
	at org.testng.SuiteRunner.runTest(SuiteRunner.java:429)
	at org.testng.SuiteRunner.access$000(SuiteRunner.java:32)
	at org.testng.SuiteRunner$SuiteWorker.run(SuiteRunner.java:467)
	at org.testng.internal.thread.ThreadUtil.lambda$execute$0(ThreadUtil.java:58)
	at java.base/java.util.concurrent.FutureTask.run$$$capture(FutureTask.java:317)
	at java.base/java.util.concurrent.FutureTask.run(FutureTask.java)
	at java.base/java.util.concurrent.ThreadPoolExecutor.runWorker(ThreadPoolExecutor.java:1144)
	at java.base/java.util.concurrent.ThreadPoolExecutor$Worker.run(ThreadPoolExecutor.java:642)
	at java.base/java.lang.Thread.run(Thread.java:1575)
02:49:17.613 [TestNG-tests-1] DEBUG c.b.utils.FrameworkDetectionUtils - Couldn't find dependency class: appium
02:49:17.668 [TestNG-tests-1] DEBUG com.browserstack.testOps.UsageStats - getFormattedData: Collecting data for TestObservability
02:49:17.783 [TestNG-tests-1] DEBUG c.b.utils.FunnelInstrumentation - Sending funnel data for SDKTestSuccessful with data: {"event_type":"SDKTestSuccessful","accessKey":null,"userName":null,"event_properties":{"isPercyAutoEnabled":false,"language":"java","sdkRunId":"bb16bc6f-fe20-430d-93a3-45e931ec15c7","buildIdentifier":"unknown","testhub_uuid":"","detectedAppiumVersion":"null","productMap":{"app_automate":false,"accessibility":false,"automate":true,"percy":false,"observability":false,"turboscale":false},"hostname":"DESKTOP-7TGF0Q2","measures":{"sdk:pre-test":0.03669999912381172},"productUsage":{"testObservability":{"buildHashedId":"","manuallySet":false,"enabled":false}},"browserStackConfig":{"browserstackLocal":null,"percy":false,"logLevel":"info","staticWebDriver":true,"autoDetectFramework":true,"percyCaptureMode":"MANUAL","browserStackLocalOptions":null,"percyOptions":null,"testContextOptions":{"serenityOverridePlugin":false,"skipSessionStatus":false,"skipSessionName":false},"platforms":null,"parallelsPerPlatform":null,"framework":null,"accessibility":false,"accessibilityOptions":{},"turboScaleOptions":{},"disableAutoCaptureLogs":true,"testObservability":true,"browserstackAutomation":true,"turboScale":false,"testObservabilityOptions":{},"gradleMConfig":null,"proxySettings":null},"percyBuildId":null,"product":"[automate]","buildName":"unknown","os":"Windows 11","languageVersion":"23.0.1","appiumVersion":"null","frameworkDetectionInstrumentation":{},"detectedDependencies":"selenide","referrer":"unknown","locationTrigger":"onFinish","accessibilityConfiguration":{"pollingTimeout":30},"language_framework":"unknown","testOrchestration":{"abortBuildOnFailure":{"enabled":false},"retryTestsOnFailure":{"enabled":false},"userConfig":{}},"detectedSeleniumVersion":"4.18.1","seleniumVersion":"null"}}
02:49:18.391 [TestNG-tests-1] DEBUG c.b.utils.FunnelInstrumentation - API Event SDKTestSuccessful, response: {"message":"Unauthorized"}
02:49:22.995 [TestNG-tests-1] DEBUG c.b.utils.FunnelInstrumentation - Error in getting Product:
java.lang.NullPointerException: Cannot invoke "String.equalsIgnoreCase(String)" because the return value of "com.browserstack.config.BrowserStackConfig.getFramework()" is null
	at com.browserstack.utils.FunnelInstrumentation.a(Unknown Source)
	at java.base/java.util.stream.MatchOps$1MatchSink.accept(MatchOps.java:90)
	at java.base/java.util.Spliterators$ArraySpliterator.tryAdvance(Spliterators.java:1034)
	at java.base/java.util.stream.ReferencePipeline.forEachWithCancel(ReferencePipeline.java:147)
	at java.base/java.util.stream.AbstractPipeline.copyIntoWithCancel(AbstractPipeline.java:588)
	at java.base/java.util.stream.AbstractPipeline.copyInto(AbstractPipeline.java:574)
	at java.base/java.util.stream.AbstractPipeline.wrapAndCopyInto(AbstractPipeline.java:560)
	at java.base/java.util.stream.MatchOps$MatchOp.evaluateSequential(MatchOps.java:230)
	at java.base/java.util.stream.MatchOps$MatchOp.evaluateSequential(MatchOps.java:196)
	at java.base/java.util.stream.AbstractPipeline.evaluate(AbstractPipeline.java:265)
	at java.base/java.util.stream.ReferencePipeline.anyMatch(ReferencePipeline.java:672)
	at com.browserstack.utils.FunnelInstrumentation.getProducts(Unknown Source)
	at com.browserstack.utils.FunnelInstrumentation.createParamsForEvent(Unknown Source)
	at com.browserstack.utils.FunnelInstrumentation.sendSDKEvent(Unknown Source)
	at com.browserstack.testNgListeners.TmpSuiteListener.onFinish(Unknown Source)
	at org.testng.TestRunner.fireEvent(TestRunner.java:944)
	at org.testng.TestRunner.afterRun(TestRunner.java:903)
	at org.testng.TestRunner.run(TestRunner.java:606)
	at org.testng.SuiteRunner.runTest(SuiteRunner.java:429)
	at org.testng.SuiteRunner.access$000(SuiteRunner.java:32)
	at org.testng.SuiteRunner$SuiteWorker.run(SuiteRunner.java:467)
	at org.testng.internal.thread.ThreadUtil.lambda$execute$0(ThreadUtil.java:58)
	at java.base/java.util.concurrent.FutureTask.run$$$capture(FutureTask.java:317)
	at java.base/java.util.concurrent.FutureTask.run(FutureTask.java)
	at java.base/java.util.concurrent.ThreadPoolExecutor.runWorker(ThreadPoolExecutor.java:1144)
	at java.base/java.util.concurrent.ThreadPoolExecutor$Worker.run(ThreadPoolExecutor.java:642)
	at java.base/java.lang.Thread.run(Thread.java:1575)
02:49:22.996 [TestNG-tests-1] DEBUG c.b.utils.FrameworkDetectionUtils - Couldn't find dependency class: appium
02:49:22.997 [TestNG-tests-1] DEBUG com.browserstack.testOps.UsageStats - getFormattedData: Collecting data for TestObservability
02:49:23.005 [TestNG-tests-1] DEBUG c.b.utils.FunnelInstrumentation - Sending funnel data for SDKTestSuccessful with data: {"event_type":"SDKTestSuccessful","accessKey":null,"userName":null,"event_properties":{"isPercyAutoEnabled":false,"language":"java","sdkRunId":"bb16bc6f-fe20-430d-93a3-45e931ec15c7","buildIdentifier":"unknown","testhub_uuid":"","detectedAppiumVersion":"null","productMap":{"app_automate":false,"accessibility":false,"automate":true,"percy":false,"observability":false,"turboscale":false},"hostname":"DESKTOP-7TGF0Q2","measures":{"sdk:pre-test":0.03669999912381172},"productUsage":{"testObservability":{"buildHashedId":"","manuallySet":false,"enabled":false}},"browserStackConfig":{"browserstackLocal":null,"percy":false,"logLevel":"info","staticWebDriver":true,"autoDetectFramework":true,"percyCaptureMode":"MANUAL","browserStackLocalOptions":null,"percyOptions":null,"testContextOptions":{"serenityOverridePlugin":false,"skipSessionStatus":false,"skipSessionName":false},"platforms":null,"parallelsPerPlatform":null,"framework":null,"accessibility":false,"accessibilityOptions":{},"turboScaleOptions":{},"disableAutoCaptureLogs":true,"testObservability":true,"browserstackAutomation":true,"turboScale":false,"testObservabilityOptions":{},"gradleMConfig":null,"proxySettings":null},"percyBuildId":null,"product":"[automate]","buildName":"unknown","os":"Windows 11","languageVersion":"23.0.1","appiumVersion":"null","frameworkDetectionInstrumentation":{},"detectedDependencies":"selenide","referrer":"unknown","locationTrigger":"onFinish","accessibilityConfiguration":{"pollingTimeout":30},"language_framework":"unknown","testOrchestration":{"abortBuildOnFailure":{"enabled":false},"retryTestsOnFailure":{"enabled":false},"userConfig":{}},"detectedSeleniumVersion":"4.18.1","seleniumVersion":"null"}}
02:49:23.313 [TestNG-tests-1] DEBUG c.b.utils.FunnelInstrumentation - API Event SDKTestSuccessful, response: {"message":"Unauthorized"}
02:50:19.648 [TestNG-tests-1] DEBUG c.b.utils.FunnelInstrumentation - Error in getting Product:
java.lang.NullPointerException: Cannot invoke "String.equalsIgnoreCase(String)" because the return value of "com.browserstack.config.BrowserStackConfig.getFramework()" is null
	at com.browserstack.utils.FunnelInstrumentation.a(Unknown Source)
	at java.base/java.util.stream.MatchOps$1MatchSink.accept(MatchOps.java:90)
	at java.base/java.util.Spliterators$ArraySpliterator.tryAdvance(Spliterators.java:1034)
	at java.base/java.util.stream.ReferencePipeline.forEachWithCancel(ReferencePipeline.java:147)
	at java.base/java.util.stream.AbstractPipeline.copyIntoWithCancel(AbstractPipeline.java:588)
	at java.base/java.util.stream.AbstractPipeline.copyInto(AbstractPipeline.java:574)
	at java.base/java.util.stream.AbstractPipeline.wrapAndCopyInto(AbstractPipeline.java:560)
	at java.base/java.util.stream.MatchOps$MatchOp.evaluateSequential(MatchOps.java:230)
	at java.base/java.util.stream.MatchOps$MatchOp.evaluateSequential(MatchOps.java:196)
	at java.base/java.util.stream.AbstractPipeline.evaluate(AbstractPipeline.java:265)
	at java.base/java.util.stream.ReferencePipeline.anyMatch(ReferencePipeline.java:672)
	at com.browserstack.utils.FunnelInstrumentation.getProducts(Unknown Source)
	at com.browserstack.utils.FunnelInstrumentation.createParamsForEvent(Unknown Source)
	at com.browserstack.utils.FunnelInstrumentation.sendSDKEvent(Unknown Source)
	at com.browserstack.testNgListeners.TmpSuiteListener.onFinish(Unknown Source)
	at org.testng.TestRunner.fireEvent(TestRunner.java:944)
	at org.testng.TestRunner.afterRun(TestRunner.java:903)
	at org.testng.TestRunner.run(TestRunner.java:606)
	at org.testng.SuiteRunner.runTest(SuiteRunner.java:429)
	at org.testng.SuiteRunner.access$000(SuiteRunner.java:32)
	at org.testng.SuiteRunner$SuiteWorker.run(SuiteRunner.java:467)
	at org.testng.internal.thread.ThreadUtil.lambda$execute$0(ThreadUtil.java:58)
	at java.base/java.util.concurrent.FutureTask.run$$$capture(FutureTask.java:317)
	at java.base/java.util.concurrent.FutureTask.run(FutureTask.java)
	at java.base/java.util.concurrent.ThreadPoolExecutor.runWorker(ThreadPoolExecutor.java:1144)
	at java.base/java.util.concurrent.ThreadPoolExecutor$Worker.run(ThreadPoolExecutor.java:642)
	at java.base/java.lang.Thread.run(Thread.java:1575)
02:50:19.650 [TestNG-tests-1] DEBUG c.b.utils.FrameworkDetectionUtils - Couldn't find dependency class: appium
02:50:19.650 [TestNG-tests-1] DEBUG com.browserstack.testOps.UsageStats - getFormattedData: Collecting data for TestObservability
02:50:19.657 [TestNG-tests-1] DEBUG c.b.utils.FunnelInstrumentation - Sending funnel data for SDKTestSuccessful with data: {"event_type":"SDKTestSuccessful","accessKey":null,"userName":null,"event_properties":{"isPercyAutoEnabled":false,"language":"java","sdkRunId":"bb16bc6f-fe20-430d-93a3-45e931ec15c7","buildIdentifier":"unknown","testhub_uuid":"","detectedAppiumVersion":"null","productMap":{"app_automate":false,"accessibility":false,"automate":true,"percy":false,"observability":false,"turboscale":false},"hostname":"DESKTOP-7TGF0Q2","measures":{"sdk:pre-test":0.03669999912381172},"productUsage":{"testObservability":{"buildHashedId":"","manuallySet":false,"enabled":false}},"browserStackConfig":{"browserstackLocal":null,"percy":false,"logLevel":"info","staticWebDriver":true,"autoDetectFramework":true,"percyCaptureMode":"MANUAL","browserStackLocalOptions":null,"percyOptions":null,"testContextOptions":{"serenityOverridePlugin":false,"skipSessionStatus":false,"skipSessionName":false},"platforms":null,"parallelsPerPlatform":null,"framework":null,"accessibility":false,"accessibilityOptions":{},"turboScaleOptions":{},"disableAutoCaptureLogs":true,"testObservability":true,"browserstackAutomation":true,"turboScale":false,"testObservabilityOptions":{},"gradleMConfig":null,"proxySettings":null},"percyBuildId":null,"product":"[automate]","buildName":"unknown","os":"Windows 11","languageVersion":"23.0.1","appiumVersion":"null","frameworkDetectionInstrumentation":{},"detectedDependencies":"selenide","referrer":"unknown","locationTrigger":"onFinish","accessibilityConfiguration":{"pollingTimeout":30},"language_framework":"unknown","testOrchestration":{"abortBuildOnFailure":{"enabled":false},"retryTestsOnFailure":{"enabled":false},"userConfig":{}},"detectedSeleniumVersion":"4.18.1","seleniumVersion":"null"}}
02:50:20.063 [TestNG-tests-1] DEBUG c.b.utils.FunnelInstrumentation - API Event SDKTestSuccessful, response: {"message":"Unauthorized"}
02:50:33.154 [main] DEBUG c.b.monitoring.PerformanceTester - Failed to append key metrics to file C:\Users\Mylaptop\Desktop\Project2plzzzz\logs\key-metrics.json
02:50:47.392 [main] DEBUG c.b.monitoring.PerformanceTester - Failed to append key metrics to file C:\Users\Mylaptop\Desktop\Project2plzzzz\logs\key-metrics.json
02:51:32.863 [TestNG-tests-1] DEBUG c.b.utils.FunnelInstrumentation - Error in getting Product:
java.lang.NullPointerException: Cannot invoke "String.equalsIgnoreCase(String)" because the return value of "com.browserstack.config.BrowserStackConfig.getFramework()" is null
	at com.browserstack.utils.FunnelInstrumentation.a(Unknown Source)
	at java.base/java.util.stream.MatchOps$1MatchSink.accept(MatchOps.java:90)
	at java.base/java.util.Spliterators$ArraySpliterator.tryAdvance(Spliterators.java:1034)
	at java.base/java.util.stream.ReferencePipeline.forEachWithCancel(ReferencePipeline.java:147)
	at java.base/java.util.stream.AbstractPipeline.copyIntoWithCancel(AbstractPipeline.java:588)
	at java.base/java.util.stream.AbstractPipeline.copyInto(AbstractPipeline.java:574)
	at java.base/java.util.stream.AbstractPipeline.wrapAndCopyInto(AbstractPipeline.java:560)
	at java.base/java.util.stream.MatchOps$MatchOp.evaluateSequential(MatchOps.java:230)
	at java.base/java.util.stream.MatchOps$MatchOp.evaluateSequential(MatchOps.java:196)
	at java.base/java.util.stream.AbstractPipeline.evaluate(AbstractPipeline.java:265)
	at java.base/java.util.stream.ReferencePipeline.anyMatch(ReferencePipeline.java:672)
	at com.browserstack.utils.FunnelInstrumentation.getProducts(Unknown Source)
	at com.browserstack.utils.FunnelInstrumentation.createParamsForEvent(Unknown Source)
	at com.browserstack.utils.FunnelInstrumentation.sendSDKEvent(Unknown Source)
	at com.browserstack.testNgListeners.TmpSuiteListener.onFinish(Unknown Source)
	at org.testng.TestRunner.fireEvent(TestRunner.java:944)
	at org.testng.TestRunner.afterRun(TestRunner.java:903)
	at org.testng.TestRunner.run(TestRunner.java:606)
	at org.testng.SuiteRunner.runTest(SuiteRunner.java:429)
	at org.testng.SuiteRunner.access$000(SuiteRunner.java:32)
	at org.testng.SuiteRunner$SuiteWorker.run(SuiteRunner.java:467)
	at org.testng.internal.thread.ThreadUtil.lambda$execute$0(ThreadUtil.java:58)
	at java.base/java.util.concurrent.FutureTask.run$$$capture(FutureTask.java:317)
	at java.base/java.util.concurrent.FutureTask.run(FutureTask.java)
	at java.base/java.util.concurrent.ThreadPoolExecutor.runWorker(ThreadPoolExecutor.java:1144)
	at java.base/java.util.concurrent.ThreadPoolExecutor$Worker.run(ThreadPoolExecutor.java:642)
	at java.base/java.lang.Thread.run(Thread.java:1575)
02:51:32.893 [TestNG-tests-1] DEBUG c.b.utils.FrameworkDetectionUtils - Couldn't find dependency class: appium
02:51:32.944 [TestNG-tests-1] DEBUG com.browserstack.testOps.UsageStats - getFormattedData: Collecting data for TestObservability
02:51:33.075 [TestNG-tests-1] DEBUG c.b.utils.FunnelInstrumentation - Sending funnel data for SDKTestSuccessful with data: {"event_type":"SDKTestSuccessful","accessKey":null,"userName":null,"event_properties":{"isPercyAutoEnabled":false,"language":"java","sdkRunId":"33c127b7-c203-46da-86f2-75e82910251b","buildIdentifier":"unknown","testhub_uuid":"","detectedAppiumVersion":"null","productMap":{"app_automate":false,"accessibility":false,"automate":true,"percy":false,"observability":false,"turboscale":false},"hostname":"DESKTOP-7TGF0Q2","measures":{"sdk:pre-test":0.032600000500679016},"productUsage":{"testObservability":{"buildHashedId":"","manuallySet":false,"enabled":false}},"browserStackConfig":{"browserstackLocal":null,"percy":false,"logLevel":"info","staticWebDriver":true,"autoDetectFramework":true,"percyCaptureMode":"MANUAL","browserStackLocalOptions":null,"percyOptions":null,"testContextOptions":{"skipSessionName":false,"skipSessionStatus":false,"serenityOverridePlugin":false},"platforms":null,"parallelsPerPlatform":null,"framework":null,"accessibility":false,"accessibilityOptions":{},"turboScaleOptions":{},"disableAutoCaptureLogs":true,"testObservability":true,"browserstackAutomation":true,"turboScale":false,"testObservabilityOptions":{},"gradleMConfig":null,"proxySettings":null},"percyBuildId":null,"product":"[automate]","buildName":"unknown","os":"Windows 11","languageVersion":"23.0.1","appiumVersion":"null","frameworkDetectionInstrumentation":{},"detectedDependencies":"selenide","referrer":"unknown","locationTrigger":"onFinish","accessibilityConfiguration":{"pollingTimeout":30},"language_framework":"unknown","testOrchestration":{"abortBuildOnFailure":{"enabled":false},"retryTestsOnFailure":{"enabled":false},"userConfig":{}},"detectedSeleniumVersion":"4.18.1","seleniumVersion":"null"}}
02:51:34.384 [TestNG-tests-1] DEBUG c.b.utils.FunnelInstrumentation - API Event SDKTestSuccessful, response: {"message":"Unauthorized"}
02:52:17.288 [TestNG-tests-2] DEBUG c.b.utils.FunnelInstrumentation - Error in getting Product:
java.lang.NullPointerException: Cannot invoke "String.equalsIgnoreCase(String)" because the return value of "com.browserstack.config.BrowserStackConfig.getFramework()" is null
	at com.browserstack.utils.FunnelInstrumentation.a(Unknown Source)
	at java.base/java.util.stream.MatchOps$1MatchSink.accept(MatchOps.java:90)
	at java.base/java.util.Spliterators$ArraySpliterator.tryAdvance(Spliterators.java:1034)
	at java.base/java.util.stream.ReferencePipeline.forEachWithCancel(ReferencePipeline.java:147)
	at java.base/java.util.stream.AbstractPipeline.copyIntoWithCancel(AbstractPipeline.java:588)
	at java.base/java.util.stream.AbstractPipeline.copyInto(AbstractPipeline.java:574)
	at java.base/java.util.stream.AbstractPipeline.wrapAndCopyInto(AbstractPipeline.java:560)
	at java.base/java.util.stream.MatchOps$MatchOp.evaluateSequential(MatchOps.java:230)
	at java.base/java.util.stream.MatchOps$MatchOp.evaluateSequential(MatchOps.java:196)
	at java.base/java.util.stream.AbstractPipeline.evaluate(AbstractPipeline.java:265)
	at java.base/java.util.stream.ReferencePipeline.anyMatch(ReferencePipeline.java:672)
	at com.browserstack.utils.FunnelInstrumentation.getProducts(Unknown Source)
	at com.browserstack.utils.FunnelInstrumentation.createParamsForEvent(Unknown Source)
	at com.browserstack.utils.FunnelInstrumentation.sendSDKEvent(Unknown Source)
	at com.browserstack.testNgListeners.TmpSuiteListener.onFinish(Unknown Source)
	at org.testng.TestRunner.fireEvent(TestRunner.java:944)
	at org.testng.TestRunner.afterRun(TestRunner.java:903)
	at org.testng.TestRunner.run(TestRunner.java:606)
	at org.testng.SuiteRunner.runTest(SuiteRunner.java:429)
	at org.testng.SuiteRunner.access$000(SuiteRunner.java:32)
	at org.testng.SuiteRunner$SuiteWorker.run(SuiteRunner.java:467)
	at org.testng.internal.thread.ThreadUtil.lambda$execute$0(ThreadUtil.java:58)
	at java.base/java.util.concurrent.FutureTask.run$$$capture(FutureTask.java:317)
	at java.base/java.util.concurrent.FutureTask.run(FutureTask.java)
	at java.base/java.util.concurrent.ThreadPoolExecutor.runWorker(ThreadPoolExecutor.java:1144)
	at java.base/java.util.concurrent.ThreadPoolExecutor$Worker.run(ThreadPoolExecutor.java:642)
	at java.base/java.lang.Thread.run(Thread.java:1575)
02:52:17.289 [TestNG-tests-2] DEBUG c.b.utils.FrameworkDetectionUtils - Couldn't find dependency class: appium
02:52:17.289 [TestNG-tests-2] DEBUG com.browserstack.testOps.UsageStats - getFormattedData: Collecting data for TestObservability
02:52:17.302 [TestNG-tests-2] DEBUG c.b.utils.FunnelInstrumentation - Sending funnel data for SDKTestSuccessful with data: {"event_type":"SDKTestSuccessful","accessKey":null,"userName":null,"event_properties":{"isPercyAutoEnabled":false,"language":"java","sdkRunId":"33c127b7-c203-46da-86f2-75e82910251b","buildIdentifier":"unknown","testhub_uuid":"","detectedAppiumVersion":"null","productMap":{"app_automate":false,"accessibility":false,"automate":true,"percy":false,"observability":false,"turboscale":false},"hostname":"DESKTOP-7TGF0Q2","measures":{"sdk:pre-test":0.032600000500679016},"productUsage":{"testObservability":{"buildHashedId":"","manuallySet":false,"enabled":false}},"browserStackConfig":{"browserstackLocal":null,"percy":false,"logLevel":"info","staticWebDriver":true,"autoDetectFramework":true,"percyCaptureMode":"MANUAL","browserStackLocalOptions":null,"percyOptions":null,"testContextOptions":{"skipSessionName":false,"skipSessionStatus":false,"serenityOverridePlugin":false},"platforms":null,"parallelsPerPlatform":null,"framework":null,"accessibility":false,"accessibilityOptions":{},"turboScaleOptions":{},"disableAutoCaptureLogs":true,"testObservability":true,"browserstackAutomation":true,"turboScale":false,"testObservabilityOptions":{},"gradleMConfig":null,"proxySettings":null},"percyBuildId":null,"product":"[automate]","buildName":"unknown","os":"Windows 11","languageVersion":"23.0.1","appiumVersion":"null","frameworkDetectionInstrumentation":{},"detectedDependencies":"selenide","referrer":"unknown","locationTrigger":"onFinish","accessibilityConfiguration":{"pollingTimeout":30},"language_framework":"unknown","testOrchestration":{"abortBuildOnFailure":{"enabled":false},"retryTestsOnFailure":{"enabled":false},"userConfig":{}},"detectedSeleniumVersion":"4.18.1","seleniumVersion":"null"}}
02:52:17.760 [TestNG-tests-2] DEBUG c.b.utils.FunnelInstrumentation - API Event SDKTestSuccessful, response: {"message":"Unauthorized"}
02:52:17.797 [main] DEBUG c.b.monitoring.PerformanceTester - Failed to append key metrics to file C:\Users\Mylaptop\Desktop\Project2plzzzz\logs\key-metrics.json
02:52:31.879 [main] DEBUG c.b.monitoring.PerformanceTester - Failed to append key metrics to file C:\Users\Mylaptop\Desktop\Project2plzzzz\logs\key-metrics.json
02:53:14.250 [main] DEBUG c.b.utils.FunnelInstrumentation - Error in getting Product:
java.lang.NullPointerException: Cannot invoke "String.equalsIgnoreCase(String)" because the return value of "com.browserstack.config.BrowserStackConfig.getFramework()" is null
	at com.browserstack.utils.FunnelInstrumentation.a(Unknown Source)
	at java.base/java.util.stream.MatchOps$1MatchSink.accept(MatchOps.java:90)
	at java.base/java.util.Spliterators$ArraySpliterator.tryAdvance(Spliterators.java:1034)
	at java.base/java.util.stream.ReferencePipeline.forEachWithCancel(ReferencePipeline.java:147)
	at java.base/java.util.stream.AbstractPipeline.copyIntoWithCancel(AbstractPipeline.java:588)
	at java.base/java.util.stream.AbstractPipeline.copyInto(AbstractPipeline.java:574)
	at java.base/java.util.stream.AbstractPipeline.wrapAndCopyInto(AbstractPipeline.java:560)
	at java.base/java.util.stream.MatchOps$MatchOp.evaluateSequential(MatchOps.java:230)
	at java.base/java.util.stream.MatchOps$MatchOp.evaluateSequential(MatchOps.java:196)
	at java.base/java.util.stream.AbstractPipeline.evaluate(AbstractPipeline.java:265)
	at java.base/java.util.stream.ReferencePipeline.anyMatch(ReferencePipeline.java:672)
	at com.browserstack.utils.FunnelInstrumentation.getProducts(Unknown Source)
	at com.browserstack.utils.FunnelInstrumentation.createParamsForEvent(Unknown Source)
	at com.browserstack.utils.FunnelInstrumentation.sendSDKEvent(Unknown Source)
	at com.browserstack.testNgListeners.TmpSuiteListener.onFinish(Unknown Source)
	at org.testng.TestRunner.fireEvent(TestRunner.java:944)
	at org.testng.TestRunner.afterRun(TestRunner.java:903)
	at org.testng.TestRunner.run(TestRunner.java:606)
	at org.testng.SuiteRunner.runTest(SuiteRunner.java:429)
	at org.testng.SuiteRunner.runSequentially(SuiteRunner.java:423)
	at org.testng.SuiteRunner.privateRun(SuiteRunner.java:383)
	at org.testng.SuiteRunner.run(SuiteRunner.java:326)
	at org.testng.SuiteRunnerWorker.runSuite(SuiteRunnerWorker.java:52)
	at org.testng.SuiteRunnerWorker.run(SuiteRunnerWorker.java:95)
	at org.testng.TestNG.runSuitesSequentially(TestNG.java:1249)
	at org.testng.TestNG.runSuitesLocally(TestNG.java:1169)
	at org.testng.TestNG.runSuites(TestNG.java:1092)
	at org.testng.TestNG.run(TestNG.java:1060)
	at com.intellij.rt.testng.IDEARemoteTestNG.run(IDEARemoteTestNG.java:65)
	at com.intellij.rt.testng.RemoteTestNGStarter.main(RemoteTestNGStarter.java:105)
02:53:14.278 [main] DEBUG c.b.utils.FrameworkDetectionUtils - Couldn't find dependency class: appium
02:53:14.353 [main] DEBUG com.browserstack.testOps.UsageStats - getFormattedData: Collecting data for TestObservability
02:53:14.493 [main] DEBUG c.b.utils.FunnelInstrumentation - Sending funnel data for SDKTestSuccessful with data: {"event_type":"SDKTestSuccessful","accessKey":null,"userName":null,"event_properties":{"isPercyAutoEnabled":false,"language":"java","sdkRunId":"a5882c3c-da49-4796-872a-566386e720c7","buildIdentifier":"unknown","testhub_uuid":"","detectedAppiumVersion":"null","productMap":{"app_automate":false,"accessibility":false,"automate":true,"percy":false,"observability":false,"turboscale":false},"hostname":"DESKTOP-7TGF0Q2","measures":{"sdk:pre-test":0.032899998128414154},"productUsage":{"testObservability":{"buildHashedId":"","manuallySet":false,"enabled":false}},"browserStackConfig":{"browserstackLocal":null,"percy":false,"logLevel":"info","staticWebDriver":true,"autoDetectFramework":true,"percyCaptureMode":"MANUAL","browserStackLocalOptions":null,"percyOptions":null,"testContextOptions":{"skipSessionName":false,"serenityOverridePlugin":false,"skipSessionStatus":false},"platforms":null,"parallelsPerPlatform":null,"framework":null,"accessibility":false,"accessibilityOptions":{},"turboScaleOptions":{},"disableAutoCaptureLogs":true,"testObservability":true,"browserstackAutomation":true,"turboScale":false,"testObservabilityOptions":{},"gradleMConfig":null,"proxySettings":null},"percyBuildId":null,"product":"[automate]","buildName":"unknown","os":"Windows 11","languageVersion":"23.0.1","appiumVersion":"null","frameworkDetectionInstrumentation":{},"detectedDependencies":"selenide","referrer":"unknown","locationTrigger":"onFinish","accessibilityConfiguration":{"pollingTimeout":30},"language_framework":"unknown","testOrchestration":{"abortBuildOnFailure":{"enabled":false},"retryTestsOnFailure":{"enabled":false},"userConfig":{}},"detectedSeleniumVersion":"4.18.1","seleniumVersion":"null"}}
02:53:15.306 [main] DEBUG c.b.utils.FunnelInstrumentation - API Event SDKTestSuccessful, response: {"message":"Unauthorized"}
02:53:15.317 [main] DEBUG c.b.monitoring.PerformanceTester - Failed to append key metrics to file C:\Users\Mylaptop\Desktop\Project2plzzzz\logs\key-metrics.json
